source,target,combined_score
H3C3,CBX5,953
H3C3,CBX7,917
H3C3,SUPT16H,965
H3C3,ASF1A,989
H3C3,H4C6,990
H3C3,H3-3B,857
H3C3,DDB2,921
H3C3,POU5F1,838
H3C3,BARD1,914
H3C3,CREBBP,914
H3C3,EP300,847
H3C3,ASF1B,884
H3C3,KAT2B,965
H3C3,DNMT3A,922
H3C3,MCM2,949
H3C3,DAXX,818
H3C3,TP53,867
H3C3,RPS27A,940
H3C3,H2BC1,912
H3C3,SSRP1,950
H3C3,DDB1,846
H3C3,H2AC8,991
H3C3,CBX2,910
H3C3,H2BC4,920
H3C3,SOX2,833
H3C3,CARM1,930
H3C3,H2AC20,988
H3C3,H3C13,960
H3C3,CBX3,959
H3C3,CENPA,917
H3C3,H3-5,856
H3C3,SMARCB1,889
H3C3,SMARCA4,950
H3C3,H1-0,918
H3C3,H4C11,982
H3C3,H2BC12,973
H3C3,WDR5,966
H3C3,H2AC13,781
H3C3,H3C12,944
H3C3,DNMT1,929
H3C3,H2AC17,758
H3C3,H3-4,820
H3C3,H2BC21,974
H3C3,H3C14,968
H3C3,H2AC18,884
H3C3,H3C10,909
H3C3,KDM4A,949
H3C3,ATRX,966
H3C3,RBBP4,712
H3C3,H4C2,987
H3C3,H3C4,916
H3C3,H2AC6,934
H3C3,H4C3,980
H3C3,KDM6A,786
H3C3,RBBP7,708
H3C3,TP53BP1,914
H3C3,SMARCD1,846
H3C3,EHMT2,953
H3C3,KMT5A,920
H3C3,H3C15,960
H3C3,SETD2,964
H3C3,UBA52,939
H3C3,ACTL6A,871
H3C3,H2AX,960
H3C3,KMT2A,917
H3C3,CHD4,921
H3C3,UBC,935
H3C3,H4-16,980
H3C3,H4C15,979
H3C3,H4C14,982
H3C3,H2BC11,953
H3C3,H2BC17,712
H3C3,H2BC14,744
H3C3,UBB,935
H3C3,H4C1,986
H3C3,H2BU1,896
H3C3,H4C4,982
H3C3,UHRF1,916
H3C3,H4C12,981
H3C3,H3C1,940
H3C3,H4C13,985
H3C3,H4C9,982
H3C3,H2BC3,940
H3C3,H3C11,945
H3C3,H2AC4,987
H3C3,H3C7,928
H3C3,H3C8,937
H3C3,H4C5,983
H3C3,H3-2,940
H3C3,H4C8,981
H3C3,H3C6,900
H3C3,ACTB,913
H3C3,H3C2,953
POLR2A,RBX1,941
POLR2A,SUPT16H,994
POLR2A,AGO2,780
POLR2A,TBP,999
POLR2A,H4C6,965
POLR2A,TRIM28,769
POLR2A,H3-3B,868
POLR2A,CDK7,999
POLR2A,GTF2H4,988
POLR2A,MNAT1,988
POLR2A,CREBBP,779
POLR2A,BRD4,933
POLR2A,KAT2B,749
POLR2A,ERCC8,963
POLR2A,GTF2H1,996
POLR2A,CDK2,774
POLR2A,SSRP1,982
POLR2A,ATM,797
POLR2A,ERCC3,998
POLR2A,MED1,970
POLR2A,DDB1,929
POLR2A,H2AC8,924
POLR2A,EZH2,762
POLR2A,H2AC20,743
POLR2A,H3C13,971
POLR2A,H3-5,723
POLR2A,SMARCB1,786
POLR2A,SMARCA4,929
POLR2A,H4C11,883
POLR2A,HTT,844
POLR2A,H2AC13,857
POLR2A,VCP,859
POLR2A,H2AC11,858
POLR2A,H3C12,859
POLR2A,H2AC17,857
POLR2A,H3-4,723
POLR2A,H2BC21,898
POLR2A,H3C14,887
POLR2A,H2AC18,747
POLR2A,GTF2B,999
POLR2A,CDK9,995
POLR2A,H4C2,883
POLR2A,H2AC6,928
POLR2A,H4C3,883
POLR2A,TAF9,923
POLR2A,SMARCA2,880
POLR2A,ERCC2,980
POLR2A,H3C15,887
POLR2A,SETD2,999
POLR2A,TAF6,934
POLR2A,TAF1,993
POLR2A,POLR2H,999
POLR2A,PPP2CA,845
POLR2A,BRCA1,954
POLR2A,H2AX,852
POLR2A,UBC,738
POLR2A,H4-16,883
POLR2A,H4C14,883
POLR2A,H2AC16,857
POLR2A,H4C4,883
POLR2A,H4C15,883
POLR2A,H4C13,883
POLR2A,H4C12,883
POLR2A,H4C1,883
POLR2A,CTCF,894
POLR2A,H2BC11,933
POLR2A,H2AC15,858
POLR2A,H4C5,883
POLR2A,CCNH,988
POLR2A,H3-2,723
POLR2A,H2AC4,854
POLR2A,H4C8,883
POLR2A,ACTB,896
POLR2A,MYC,781
POLR2A,H4C9,883
H2BU1,KAT2A,710
H2BU1,HDAC5,706
H2BU1,H4C6,989
H2BU1,H3-3B,921
H2BU1,KAT2B,710
H2BU1,H2BC1,876
H2BU1,HDAC3,724
H2BU1,H2AC8,971
H2BU1,H2AC20,916
H2BU1,H3C13,984
H2BU1,CENPA,830
H2BU1,H3-5,873
H2BU1,KAT5,711
H2BU1,H4C11,940
H2BU1,H2AC13,719
H2BU1,H3C12,984
H2BU1,TRRAP,752
H2BU1,H3-4,934
H2BU1,H3C14,891
H2BU1,H2AC18,892
H2BU1,H3C10,874
H2BU1,HDAC1,832
H2BU1,HDAC8,731
H2BU1,H4C2,942
H2BU1,H3C4,889
H2BU1,H2AC6,755
H2BU1,H4C3,945
H2BU1,EHMT2,757
H2BU1,H3C15,875
H2BU1,BRCA1,791
H2BU1,HDAC2,779
H2BU1,H2AX,757
H2BU1,H4-16,943
H2BU1,H4C15,941
H2BU1,H4C14,959
H2BU1,H2BC11,892
H2BU1,H4C7,831
H2BU1,MYC,751
H2BU1,H4C1,941
H2BU1,H4C9,939
H2BU1,H2AC4,943
H2BU1,H3-2,874
H2BU1,H3C6,892
H2BU1,H4C8,943
H2BU1,H4C5,941
H2BU1,H3C7,878
H2BU1,H4C12,941
H2BU1,H3C11,876
H2BU1,H4C13,941
H2BU1,H3C8,876
H2BU1,H4C4,945
H2BU1,H3C1,883
H2BU1,H3C2,911
RRM2,CDC6,929
RRM2,MCM5,944
RRM2,AURKA,892
RRM2,CCNB1,905
RRM2,KIF23,763
RRM2,MCM4,899
RRM2,ASF1B,811
RRM2,MCM6,866
RRM2,MCM2,849
RRM2,CDK2,728
RRM2,TP53,803
RRM2,NUF2,787
RRM2,BUB1B,922
RRM2,CCNB2,913
RRM2,MAD2L1,883
RRM2,MELK,933
RRM2,PCLAF,907
RRM2,PLK1,873
RRM2,TPX2,943
RRM2,CDT1,899
RRM2,BIRC5,895
RRM2,BUB1,825
RRM2,FEN1,735
RRM2,AURKB,840
RRM2,TYMS,939
RRM2,CDKN3,713
RRM2,CENPA,818
RRM2,FOXM1,835
RRM2,E2F1,798
RRM2,UBE2C,931
RRM2,CDCA8,861
RRM2,CCNA2,939
RRM2,ZWINT,942
RRM2,MCM10,820
RRM2,RFC4,768
RRM2,RAD51,709
RRM2,CDK1,973
RRM2,PCNA,828
RRM2,MCM3,848
RRM2,CDC45,870
RRM2,PBK,930
RRM2,CHEK1,852
RRM2,PTTG1,821
RRM2,UHRF1,850
RRM2,KIF2C,758
RRM2,TOP2A,956
RRM2,TTK,820
RRM2,RFC3,719
RRM2,KIF4A,927
RRM2,EXO1,788
RRM2,HMMR,807
RRM2,DTL,880
RRM2,CDC20,907
CBX3,CBX5,975
CBX3,SIRT1,779
CBX3,H4C6,929
CBX3,TRIM28,984
CBX3,H3-3B,999
CBX3,BARD1,738
CBX3,RCOR1,891
CBX3,BRD4,763
CBX3,DAXX,734
CBX3,AURKB,750
CBX3,EZH2,818
CBX3,H2AC20,727
CBX3,H3C13,999
CBX3,H3C4,933
CBX3,H3-5,999
CBX3,E2F1,742
CBX3,H3C1,986
CBX3,HDAC2,864
CBX3,H3C2,935
CBX3,H3C10,933
CBX3,H2BC21,732
CBX3,H3C7,933
CBX3,BMI1,735
CBX3,H3C14,937
CBX3,CENPA,706
CBX3,H2AC18,727
CBX3,CTCF,753
CBX3,H3C8,933
CBX3,H3C11,933
CBX3,PCGF6,996
CBX3,H3C15,933
CBX3,KDM1A,974
CBX3,H3C6,959
CBX3,H3-4,999
CBX3,HDAC1,963
CBX3,H3-2,999
CBX3,EHMT2,999
CBX3,H3C12,999
CBX3,XRCC6,860
CBX3,DNMT1,892
CBX3,BRCA1,834
CBX3,RBBP7,764
CBX3,RBBP4,819
CBX3,RNF2,950
CBX3,ATRX,728
CBX3,RING1,975
CBX3,WDR5,845
CBX3,H2AX,760
CBX3,SMARCA4,763
CBX3,CHD4,934
H2BC3,KAT2A,778
H2BC3,HDAC5,704
H2BC3,H4C6,996
H2BC3,H3-3B,940
H2BC3,BARD1,772
H2BC3,CREBBP,778
H2BC3,EP300,933
H2BC3,KAT2B,882
H2BC3,DAXX,751
H2BC3,CDK2,719
H2BC3,H2BC5,933
H2BC3,HDAC3,720
H2BC3,H2AC8,994
H2BC3,PRKDC,705
H2BC3,RNF168,796
H2BC3,H2BC4,916
H2BC3,H2AC20,990
H2BC3,H3C13,989
H2BC3,CENPA,930
H2BC3,H3-5,870
H2BC3,KAT5,729
H2BC3,USP7,703
H2BC3,H4C11,960
H2BC3,WDR5,709
H2BC3,H2AC13,916
H2BC3,H3C12,990
H2BC3,XRCC6,764
H2BC3,DNMT1,715
H2BC3,H2AC17,844
H2BC3,TRRAP,790
H2BC3,H3-4,939
H2BC3,H2BC21,893
H2BC3,H3C14,912
H2BC3,H2AC18,932
H2BC3,H3C10,908
H2BC3,RNF8,793
H2BC3,RBBP4,737
H2BC3,HDAC1,824
H2BC3,HDAC8,728
H2BC3,RPA2,701
H2BC3,BMI1,783
H2BC3,H4C2,971
H2BC3,H3C4,949
H2BC3,H2AC6,987
H2BC3,H4C3,949
H2BC3,TP53BP1,757
H2BC3,XRCC5,732
H2BC3,CDK1,726
H2BC3,H3C15,896
H2BC3,BRCA1,888
H2BC3,HDAC2,822
H2BC3,H2AX,819
H2BC3,KMT2A,704
H2BC3,CHD4,729
H2BC3,H4-16,951
H2BC3,H4C15,945
H2BC3,H4C14,955
H2BC3,H2BC11,712
H2BC3,H2BC17,979
H2BC3,H4C7,841
H2BC3,H2BC14,972
H2BC3,H4C1,953
H2BC3,H2BC9,934
H2BC3,H4C4,963
H2BC3,H4C12,946
H2BC3,H3C1,954
H2BC3,H4C13,967
H2BC3,H4C9,958
H2BC3,H3C2,944
H2BC3,H3C7,932
H2BC3,H3C8,934
H2BC3,H3C11,925
H2BC3,H3C6,902
H2BC3,H4C8,954
H2BC3,H2BC15,914
H2BC3,H3-2,871
H2BC3,H2AC4,973
H2BC3,H4C5,963
HRAS,MAPK1,979
HRAS,AURKA,744
HRAS,NFKB1,725
HRAS,CCND1,747
HRAS,KRAS,992
HRAS,MAPK3,983
HRAS,PIK3CA,995
HRAS,EGF,869
HRAS,TP53,925
HRAS,ERBB2,907
HRAS,EGFR,994
HRAS,KIT,962
HRAS,FOS,763
HRAS,HSP90AA1,819
HRAS,SMAD4,714
HRAS,NRAS,932
HRAS,JUN,778
HRAS,PTEN,823
HRAS,ABL1,782
HRAS,SRC,994
HRAS,JAK2,781
HRAS,GRB2,938
HRAS,MAPK8,985
HRAS,INS,704
HRAS,BCL2,938
HRAS,MAPK9,936
HRAS,ESR1,715
HRAS,MYC,871
HRAS,UBB,714
HRAS,IGF1R,949
HRAS,CDKN2A,990
HRAS,NOTCH1,814
HRAS,PIK3R1,990
HRAS,CTNNB1,865
HRAS,BRAF,999
HRAS,AKT1,896
BMI1,CBX7,999
BMI1,NANOG,752
BMI1,SNAI1,808
BMI1,H4C6,758
BMI1,H3-3B,863
BMI1,KDM6B,720
BMI1,PHC2,999
BMI1,MDM2,775
BMI1,POU5F1,745
BMI1,BARD1,924
BMI1,ANAPC5,904
BMI1,YY1,960
BMI1,RCOR1,755
BMI1,UBE2S,917
BMI1,TP53,956
BMI1,CBX8,999
BMI1,CBX4,999
BMI1,ATM,826
BMI1,BUB1B,756
BMI1,RUNX1,875
BMI1,H2AC8,909
BMI1,CBX2,999
BMI1,ANAPC2,905
BMI1,SUZ12,997
BMI1,EZH2,999
BMI1,SOX2,825
BMI1,H2AC20,954
BMI1,H3C13,885
BMI1,ANAPC1,901
BMI1,H3-5,737
BMI1,BABAM2,911
BMI1,USP7,768
BMI1,CDC16,903
BMI1,UBE2C,910
BMI1,ANAPC11,901
BMI1,H3C12,861
BMI1,DNMT1,791
BMI1,H3-4,805
BMI1,PARP1,789
BMI1,RNF2,999
BMI1,H2BC21,731
BMI1,H2AC18,960
BMI1,BRCC3,917
BMI1,TTK,964
BMI1,PCGF6,988
BMI1,PTEN,761
BMI1,RBBP4,963
BMI1,HDAC1,718
BMI1,CDC26,900
BMI1,RING1,999
BMI1,KDM1A,770
BMI1,ANAPC15,900
BMI1,CUL7,906
BMI1,PHC3,992
BMI1,RAD51,792
BMI1,CDC27,903
BMI1,HDAC2,977
BMI1,ANAPC7,904
BMI1,ANAPC10,901
BMI1,CDKN2A,913
BMI1,PHC1,999
BMI1,MYC,878
BMI1,PCGF2,999
BMI1,ANAPC13,901
BMI1,BCL2,723
BMI1,H2AX,874
BMI1,CD44,719
BMI1,RBBP7,964
BMI1,BRCA1,970
BMI1,ANAPC4,901
BMI1,CDC23,908
BMI1,XRCC5,741
BMI1,ANAPC16,901
BMI1,BRCA2,780
BMI1,H3-2,781
BMI1,GATA3,892
H2BC11,HDAC5,704
H2BC11,TBP,911
H2BC11,H4C6,994
H2BC11,H3-3B,986
H2BC11,CDK7,828
H2BC11,DDB2,833
H2BC11,GTF2H4,806
H2BC11,POU5F1,834
H2BC11,BARD1,956
H2BC11,MNAT1,813
H2BC11,KMT2C,924
H2BC11,EP300,968
H2BC11,RBBP5,955
H2BC11,GTF2H1,813
H2BC11,TP53,874
H2BC11,RPS27A,959
H2BC11,ERCC3,813
H2BC11,MED1,805
H2BC11,DDB1,851
H2BC11,HDAC3,719
H2BC11,H2AC8,997
H2BC11,TERT,825
H2BC11,SUZ12,910
H2BC11,EZH2,929
H2BC11,RNF168,742
H2BC11,SOX2,830
H2BC11,H2AC20,917
H2BC11,H3C13,986
H2BC11,CENPA,957
H2BC11,H3-5,972
H2BC11,H1-0,920
H2BC11,H4C11,976
H2BC11,H2BC12,973
H2BC11,WDR5,918
H2BC11,H2AC13,990
H2BC11,H2AC11,987
H2BC11,H3C12,992
H2BC11,H2AC17,981
H2BC11,TRRAP,715
H2BC11,H3-4,986
H2BC11,H2BC21,938
H2BC11,H3C14,910
H2BC11,H2AC18,941
H2BC11,H3C10,979
H2BC11,GTF2B,829
H2BC11,HDAC1,760
H2BC11,HDAC8,727
H2BC11,H4C2,978
H2BC11,H3C4,959
H2BC11,H2AC6,988
H2BC11,H4C3,975
H2BC11,TAF9,844
H2BC11,NSD2,912
H2BC11,ERCC2,804
H2BC11,SUMO1,736
H2BC11,KMT5A,946
H2BC11,H3C15,897
H2BC11,UBA52,963
H2BC11,TAF6,842
H2BC11,TAF1,843
H2BC11,POLR2H,926
H2BC11,BRCA1,799
H2BC11,HDAC2,753
H2BC11,H2AX,980
H2BC11,KMT2A,958
H2BC11,CHD4,922
H2BC11,UBC,959
H2BC11,H4-16,975
H2BC11,H4C15,974
H2BC11,H4C14,983
H2BC11,UBB,954
H2BC11,H4C9,981
H2BC11,H4C5,981
H2BC11,H2AC15,968
H2BC11,H2BC17,780
H2BC11,CCNH,826
H2BC11,H4C7,832
H2BC11,H2AC4,976
H2BC11,H3-2,880
H2BC11,H4C8,985
H2BC11,H3C6,949
H2BC11,H4C12,974
H2BC11,H2BC9,744
H2BC11,H4C13,975
H2BC11,H3C11,952
H2BC11,H3C8,955
H2BC11,H4C1,975
H2BC11,H3C7,960
H2BC11,H3C2,953
H2BC11,H3C1,945
H2BC11,H2AC16,966
H2BC11,H4C4,977
STAT1,CD4,891
STAT1,MAPK1,950
STAT1,NFKBIA,917
STAT1,NFKB1,926
STAT1,IL2,797
STAT1,CCND1,783
STAT1,IFNG,986
STAT1,MAPK14,783
STAT1,NR3C1,701
STAT1,YY1,848
STAT1,CREBBP,999
STAT1,MAPK3,964
STAT1,EP300,998
STAT1,IL1B,846
STAT1,PIK3CA,740
STAT1,STAT3,999
STAT1,TP53,781
STAT1,ERBB2,821
STAT1,EGFR,975
STAT1,PPARG,817
STAT1,KIT,874
STAT1,STAT5B,958
STAT1,CEBPB,762
STAT1,FOS,898
STAT1,CXCL8,765
STAT1,CASP3,780
STAT1,GSK3B,713
STAT1,SMAD3,849
STAT1,HSP90AA1,868
STAT1,STAT5A,969
STAT1,SMARCA4,850
STAT1,AKT1,961
STAT1,MMP9,727
STAT1,IL10,865
STAT1,MTOR,827
STAT1,CD8A,836
STAT1,PIK3R1,743
STAT1,CTNNB1,725
STAT1,CDKN1A,765
STAT1,MCL1,714
STAT1,JAK2,999
STAT1,TRAF6,902
STAT1,ESR1,915
STAT1,BRCA1,958
STAT1,TNF,875
STAT1,CD44,842
STAT1,GRB2,829
STAT1,RUNX2,942
STAT1,MYC,781
STAT1,HDAC1,969
STAT1,CREB1,743
STAT1,GATA3,831
STAT1,HIF1A,748
STAT1,RELA,864
STAT1,SRC,936
STAT1,HSP90AB1,831
STAT1,JUN,910
STAT1,IL6,972
H2AC18,SIRT1,781
H2AC18,SUPT16H,972
H2AC18,KAT2A,824
H2AC18,HDAC5,777
H2AC18,TBP,817
H2AC18,H4C6,999
H2AC18,H3-3B,999
H2AC18,KDM6B,828
H2AC18,PHC2,773
H2AC18,BARD1,744
H2AC18,KMT2C,714
H2AC18,YY1,707
H2AC18,EP300,785
H2AC18,KAT2B,824
H2AC18,RBBP5,744
H2AC18,DNMT3A,776
H2AC18,DAXX,752
H2AC18,RPS27A,974
H2AC18,H2BC1,905
H2AC18,SSRP1,896
H2AC18,ATM,801
H2AC18,H2BC5,975
H2AC18,BUB1,781
H2AC18,HDAC3,829
H2AC18,H2AC8,775
H2AC18,RAD9A,867
H2AC18,AURKB,789
H2AC18,SUZ12,856
H2AC18,PRMT5,860
H2AC18,EZH2,873
H2AC18,RNF168,961
H2AC18,H2BC4,996
H2AC18,H2AC20,938
H2AC18,H3C13,999
H2AC18,CENPA,998
H2AC18,H3-5,998
H2AC18,KAT5,946
H2AC18,SMARCB1,800
H2AC18,SMARCA4,822
H2AC18,H1-0,995
H2AC18,H4C11,973
H2AC18,H2BC12,997
H2AC18,WDR5,755
H2AC18,H2AC13,935
H2AC18,H2AC11,885
H2AC18,H3C12,999
H2AC18,DNMT1,803
H2AC18,H2AC17,890
H2AC18,TRRAP,796
H2AC18,H3-4,999
H2AC18,RNF2,985
H2AC18,H2BC21,999
H2AC18,H3C14,973
H2AC18,HDAC1,911
H2AC18,H4C8,985
H2AC18,H3C6,879
H2AC18,EHMT2,806
H2AC18,H2BC15,916
H2AC18,MDC1,759
H2AC18,H3-2,998
H2AC18,PRMT1,726
H2AC18,H4C7,999
H2AC18,H2BC17,978
H2AC18,H2AC6,972
H2AC18,H4C5,977
H2AC18,H2AC15,822
H2AC18,RNF8,859
H2AC18,RING1,946
H2AC18,ATRX,757
H2AC18,ACTL6A,864
H2AC18,RBBP4,893
H2AC18,RBBP7,797
H2AC18,BRCA1,885
H2AC18,UBA52,977
H2AC18,PAXIP1,843
H2AC18,H4-16,972
H2AC18,PCGF2,871
H2AC18,H4C9,969
H2AC18,MYC,714
H2AC18,UBB,961
H2AC18,H4C2,972
H2AC18,CHD4,740
H2AC18,BRCC3,728
H2AC18,ACTB,789
H2AC18,PHC1,804
H2AC18,H4C15,972
H2AC18,CDKN2A,716
H2AC18,H3C4,726
H2AC18,H4C3,972
H2AC18,TP53BP1,999
H2AC18,H4C4,973
H2AC18,H2AC16,803
H2AC18,H2BC14,899
H2AC18,HDAC2,872
H2AC18,H4C14,983
H2AC18,UBC,966
H2AC18,CTCF,748
H2AC18,HDAC8,849
H2AC18,H4C1,972
H2AC18,SMARCA2,873
H2AC18,KMT5A,707
H2AC18,KDM1A,818
H2AC18,H4C12,971
H2AC18,H2BC9,943
H2AC18,H3C15,942
H2AC18,KDM6A,821
H2AC18,H4C13,970
UQCR10,NDUFB4,994
UQCR10,UQCRC1,999
UQCR10,ATP5F1D,879
UQCR10,NDUFB7,998
UQCR10,NDUFS7,987
UQCR10,NDUFA2,999
UQCR10,NDUFA10,902
UQCR10,NDUFB5,987
UQCR10,PALB2,839
UQCR10,NDUFS3,994
UQCR10,NDUFA9,999
UQCR10,NDUFB10,996
UQCR10,NDUFS6,999
UQCR10,NDUFB11,974
UQCR10,NDUFB9,998
UQCR10,NDUFC2,975
UQCR10,NDUFS4,997
UQCR10,NDUFB8,996
UQCR10,NDUFA7,992
UQCR10,UQCRFS1,999
UQCR10,CYCS,965
UQCR10,NDUFS8,998
UQCR10,CYC1,999
UQCR10,COX5A,999
UQCR10,NDUFV2,997
UQCR10,NDUFA12,999
UQCR10,NDUFV3,959
UQCR10,NDUFA8,999
UQCR10,ENSP00000497305,907
UQCR10,NDUFS2,994
UQCR10,NDUFS5,990
UQCR10,NDUFB6,983
UQCR10,NDUFB1,966
UQCR10,NDUFA1,978
UQCR10,NDUFA11,999
UQCR10,MT-ND1,974
UQCR10,MT-ND4L,971
UQCR10,NDUFV1,995
UQCR10,NDUFA3,979
UQCR10,MT-ND2,951
UQCR10,ATP5F1C,738
UQCR10,HTT,906
UQCR10,UQCRB,999
UQCR10,NDUFC2-KCTD14,777
UQCR10,NDUFA6,999
UQCR10,MT-ND5,956
UQCR10,NDUFA5,999
UQCR10,NDUFC1,961
UQCR10,NDUFB3,980
UQCR10,NDUFS1,990
UQCR10,UQCRQ,999
UQCR10,MT-ND6,878
UQCR10,MT-ND3,976
UQCR10,MT-ND4,978
UQCR10,NDUFA13,995
DAXX,TNFRSF1A,944
DAXX,NR3C1,903
DAXX,H4C6,994
DAXX,TRIM28,838
DAXX,H3-3B,999
DAXX,MDM2,995
DAXX,CREBBP,842
DAXX,H4C9,924
DAXX,H4C2,913
DAXX,H2AC20,750
DAXX,ATM,813
DAXX,ATRX,999
DAXX,H4-16,906
DAXX,UBE2I,975
DAXX,AR,848
DAXX,RELA,822
DAXX,H3C13,986
DAXX,JUN,728
DAXX,SMAD4,938
DAXX,H3C12,918
DAXX,TP53,999
DAXX,DNMT1,928
DAXX,H4C5,905
DAXX,H4C11,930
DAXX,H3-4,900
DAXX,HDAC1,922
DAXX,H3C6,763
DAXX,H4C8,905
DAXX,SUMO2,932
DAXX,MAPK9,917
DAXX,PTEN,778
DAXX,H4C12,913
DAXX,H3C15,911
DAXX,H4C13,914
DAXX,RPS27A,707
DAXX,CENPA,736
DAXX,H3C14,951
DAXX,H4C1,905
DAXX,MAPK8,931
DAXX,TERT,796
DAXX,USP7,999
DAXX,HDAC2,911
DAXX,H2BC21,795
DAXX,SUMO1,999
DAXX,H4C14,919
DAXX,H4C15,905
DAXX,H4C3,936
DAXX,H4C4,905
MELK,CDC6,719
MELK,AURKA,913
MELK,CCNB1,972
MELK,KIF23,906
MELK,NUF2,936
MELK,BUB1B,953
MELK,CCNB2,975
MELK,MAD2L1,946
MELK,CHEK1,873
MELK,PTTG1,874
MELK,BIRC5,965
MELK,KIF2C,935
MELK,TOP2A,955
MELK,TTK,931
MELK,PCLAF,871
MELK,CDKN3,842
MELK,KIF4A,964
MELK,EXO1,900
MELK,DTL,842
MELK,HMMR,884
MELK,BUB1,984
MELK,CDC20,964
MELK,EZH2,738
MELK,FOXM1,973
MELK,AURKB,902
MELK,CDC25C,821
MELK,CDC45,876
MELK,PBK,963
MELK,PLK1,809
MELK,ZWINT,903
MELK,TYMS,737
MELK,MCM10,861
MELK,CENPA,882
MELK,UBE2C,948
MELK,RAD51,763
MELK,CDK1,902
MELK,UBE2T,706
MELK,CDCA8,902
MELK,TPX2,958
MELK,CCNA2,939
CARM1,RPS6KB1,915
CARM1,MAPK14,919
CARM1,H3-3B,975
CARM1,CREBBP,981
CARM1,EP300,999
CARM1,KAT2B,926
CARM1,NCOR1,726
CARM1,TP53,930
CARM1,APP,717
CARM1,MED1,944
CARM1,FOS,941
CARM1,PRMT5,771
CARM1,EZH2,775
CARM1,H3-2,978
CARM1,H3-4,779
CARM1,H3C6,931
CARM1,SRC,957
CARM1,H3C13,994
CARM1,RELA,799
CARM1,PRMT1,982
CARM1,JUN,950
CARM1,H3C12,994
CARM1,SMARCA4,784
CARM1,ESR1,972
CARM1,MYC,718
CARM1,H3C1,982
CARM1,CTNNB1,799
CARM1,H3-5,974
CARM1,SP1,922
CARM1,H3C4,922
CARM1,H3C2,922
CARM1,H3C10,922
CARM1,MAPK8,915
CARM1,H3C14,927
CARM1,H3C7,922
CARM1,H3C11,922
CARM1,H3C15,927
CARM1,MAPK9,910
CARM1,H3C8,922
TUFM,UQCRC1,983
TUFM,ATP5F1D,927
TUFM,FANCE,971
TUFM,NDUFA10,898
TUFM,KDM6B,744
TUFM,PALB2,726
TUFM,NDUFA9,855
TUFM,RPS3,999
TUFM,MED1,982
TUFM,UQCRFS1,753
TUFM,CYCS,909
TUFM,NDUFS8,710
TUFM,CYC1,906
TUFM,NDUFS2,970
TUFM,ENSP00000497305,825
TUFM,CDCA8,715
TUFM,CUL7,980
TUFM,RPLP0,984
TUFM,NDUFV1,937
TUFM,KDM6A,740
TUFM,RPL5,999
TUFM,ATP5F1C,960
TUFM,RPL23,998
TUFM,RPL11,999
H3-4,CBX5,999
H3-4,SIRT1,836
H3-4,CBX7,982
H3-4,SUPT16H,869
H3-4,AURKA,856
H3-4,KAT2A,977
H3-4,HDAC5,807
H3-4,NANOG,718
H3-4,ASF1A,997
H3-4,TBP,858
H3-4,H4C6,999
H3-4,PXDN,718
H3-4,RPA1,717
H3-4,H3-3B,909
H3-4,KDM6B,928
H3-4,CCNA1,815
H3-4,CCNB1,810
H3-4,CDK4,774
H3-4,MDM2,776
H3-4,KMT2C,881
H3-4,YY1,790
H3-4,RCOR1,936
H3-4,CREBBP,986
H3-4,EP300,966
H3-4,BRD4,991
H3-4,ASF1B,968
H3-4,KAT2B,996
H3-4,RBBP5,949
H3-4,DNMT3A,998
H3-4,CDK2,806
H3-4,RB1,744
H3-4,NCOR1,714
H3-4,TP53,863
H3-4,CBX8,830
H3-4,CBX4,737
H3-4,RPS27A,774
H3-4,H2BC1,932
H3-4,SSRP1,747
H3-4,ATM,871
H3-4,H2BC5,938
H3-4,PLK1,819
H3-4,BIRC5,763
H3-4,BUB1,735
H3-4,HSPA4,704
H3-4,HDAC3,787
H3-4,H2AC8,988
H3-4,CBX2,921
H3-4,CASP3,732
H3-4,RAD9A,876
H3-4,PRKDC,723
H3-4,AURKB,974
H3-4,SUZ12,925
H3-4,PRMT5,702
H3-4,EZH2,989
H3-4,H2BC4,932
H3-4,MRE11,705
H3-4,H2AC20,999
H3-4,H3C13,926
H3-4,HSP90AA1,805
H3-4,H3-5,856
H3-4,KAT5,967
H3-4,ATR,754
H3-4,SMARCA4,966
H3-4,H1-0,813
H3-4,E2F1,707
H3-4,H4C11,935
H3-4,UBE2I,701
H3-4,PXDNL,718
H3-4,H2BC12,991
H3-4,WDR5,999
H3-4,H3C12,927
H3-4,XRCC6,790
H3-4,DNMT1,987
H3-4,TRRAP,759
H3-4,H3C6,879
H3-4,H4C8,934
H3-4,HDAC1,976
H3-4,SETD2,987
H3-4,CREB1,770
H3-4,H2BC15,943
H3-4,EHMT2,996
H3-4,MDC1,724
H3-4,H2AC4,930
H3-4,SUMO2,810
H3-4,BRCA2,706
H3-4,H3-2,865
H3-4,PRMT1,717
H3-4,RELA,715
H3-4,H4C7,999
H3-4,H2BC17,939
H3-4,HSP90AB1,735
H3-4,JUN,772
H3-4,RPA2,755
H3-4,H4C5,937
H3-4,NSD2,931
H3-4,XRCC5,754
H3-4,IL6,746
H3-4,RNF8,707
H3-4,RING1,744
H3-4,RNF2,811
H3-4,ATRX,995
H3-4,RBBP7,946
H3-4,RBBP4,936
H3-4,UBA52,719
H3-4,BRCA1,872
H3-4,H4-16,938
H3-4,PAXIP1,846
H3-4,TNF,711
H3-4,CHUK,851
H3-4,H2AX,984
H3-4,H4C9,937
H3-4,CHEK2,822
H3-4,PARP1,757
H3-4,MYC,840
H3-4,KDM4A,998
H3-4,UBB,705
H3-4,H4C2,938
H3-4,GAPDH,813
H3-4,UHRF1,997
H3-4,CHD4,992
H3-4,ACTB,812
H3-4,H4C15,934
H3-4,KMT2A,989
H3-4,H3C4,806
H3-4,CCNA2,826
H3-4,H4C3,933
H3-4,TP53BP1,980
H3-4,H4C4,938
H3-4,CTNNB1,890
H3-4,H3C1,894
H3-4,H2BC14,945
H3-4,CDCA8,827
H3-4,HDAC2,909
H3-4,H4C14,937
H3-4,H2BC21,999
H3-4,SUMO1,733
H3-4,H3C10,880
H3-4,UBC,830
H3-4,H3C2,882
H3-4,AKT1,790
H3-4,PHC3,797
H3-4,RAD51,875
H3-4,CDK1,806
H3-4,H3C7,883
H3-4,CTCF,700
H3-4,H3C14,866
H3-4,HDAC8,852
H3-4,H4C1,934
H3-4,CCNL2,712
H3-4,SMARCA2,815
H3-4,KMT5A,743
H3-4,H3C8,888
H3-4,KDM1A,937
H3-4,H3C15,865
H3-4,H2BC9,944
H3-4,H4C12,934
H3-4,H3C11,887
H3-4,KDM6A,938
H3-4,RBBP8,818
H3-4,H4C13,940
NDUFB8,NDUFB4,999
NDUFB8,UQCRC1,982
NDUFB8,ATP5F1D,935
NDUFB8,NDUFB7,999
NDUFB8,NDUFS7,999
NDUFB8,NDUFA2,999
NDUFB8,NDUFA10,999
NDUFB8,NDUFB5,999
NDUFB8,PALB2,965
NDUFB8,NDUFS3,999
NDUFB8,NDUFA9,999
NDUFB8,NDUFB10,999
NDUFB8,NDUFS6,999
NDUFB8,NDUFB11,999
NDUFB8,NDUFB9,999
NDUFB8,NDUFC2,999
NDUFB8,NDUFS4,999
NDUFB8,NDUFC1,998
NDUFB8,NDUFB3,999
NDUFB8,COX5A,996
NDUFB8,NDUFS1,999
NDUFB8,NDUFV2,999
NDUFB8,UQCRQ,997
NDUFB8,MT-ND6,991
NDUFB8,MT-ND4,999
NDUFB8,MT-ND3,999
NDUFB8,NDUFA13,999
NDUFB8,ATP5F1C,913
NDUFB8,NDUFA12,999
NDUFB8,UQCRB,992
NDUFB8,CYCS,721
NDUFB8,NDUFA6,999
NDUFB8,NDUFC2-KCTD14,975
NDUFB8,MT-ND5,999
NDUFB8,NDUFA5,999
NDUFB8,NDUFA7,999
NDUFB8,NDUFA11,999
NDUFB8,NDUFA1,999
NDUFB8,CYC1,994
NDUFB8,NDUFV1,999
NDUFB8,MT-ND4L,989
NDUFB8,MT-ND1,999
NDUFB8,NDUFA3,999
NDUFB8,UQCRFS1,997
NDUFB8,MT-ND2,999
NDUFB8,NDUFV3,999
NDUFB8,ENSP00000497305,961
NDUFB8,NDUFA8,999
NDUFB8,NDUFS2,999
NDUFB8,NDUFS5,999
NDUFB8,NDUFB6,999
NDUFB8,NDUFS8,999
NDUFB8,NDUFB1,995
NANOG,CCND1,746
NANOG,CDH1,725
NANOG,NSD2,776
NANOG,STAT3,995
NANOG,TP53,857
NANOG,H3C12,718
NANOG,SMAD4,852
NANOG,H3C13,799
NANOG,HIF1A,810
NANOG,H3-2,728
NANOG,SMAD2,856
NANOG,SMAD3,884
NANOG,FOXO1,769
NANOG,HDAC1,719
NANOG,H3-3B,728
NANOG,GAPDH,760
NANOG,SUZ12,700
NANOG,POU5F1,999
NANOG,MYC,949
NANOG,CD44,987
NANOG,PRMT5,710
NANOG,RNF2,760
NANOG,SIN3A,755
NANOG,HDAC2,809
NANOG,SNAI1,714
NANOG,CTNNB1,946
NANOG,FGF2,924
NANOG,H3-5,728
NANOG,SOX2,999
NANOG,KDM1A,889
NANOG,YY1,775
NANOG,TRIM28,716
NANOG,CTCF,782
AKT2,MAPK1,929
AKT2,RPS6KB1,940
AKT2,CCND1,717
AKT2,CDKN1B,956
AKT2,MAPK14,932
AKT2,MDM2,947
AKT2,MAPK3,962
AKT2,PIK3CA,984
AKT2,TP53,973
AKT2,IRS1,825
AKT2,PRKDC,805
AKT2,GSK3B,977
AKT2,CASP9,942
AKT2,HSP90AA1,948
AKT2,FOXO3,980
AKT2,MTOR,967
AKT2,CHUK,916
AKT2,JUN,967
AKT2,HSP90AB1,946
AKT2,PTEN,826
AKT2,SRC,829
AKT2,BCL2L1,939
AKT2,FOXO1,986
AKT2,PPP2CA,800
AKT2,CTNNB1,721
AKT2,PIK3R1,979
AKT2,IKBKG,920
AKT2,AKT1,991
AKT2,AKT3,965
AKT2,CREB1,858
AKT2,IGF1,729
AKT2,INS,846
AKT2,BCL2,950
AKT2,IKBKB,925
AKT2,BRCA1,938
AKT2,CDKN1A,955
NDUFA2,NDUFB4,999
NDUFA2,UQCRC1,992
NDUFA2,NDUFB7,999
NDUFA2,NDUFS7,999
NDUFA2,NDUFB1,999
NDUFA2,NDUFS8,999
NDUFA2,NDUFA10,999
NDUFA2,NDUFB6,999
NDUFA2,NDUFS2,999
NDUFA2,NDUFS5,999
NDUFA2,ENSP00000497305,920
NDUFA2,NDUFA8,999
NDUFA2,NDUFV3,999
NDUFA2,NDUFB10,999
NDUFA2,UQCRFS1,998
NDUFA2,MT-ND2,999
NDUFA2,NDUFA3,999
NDUFA2,NDUFB9,999
NDUFA2,MT-ND4L,998
NDUFA2,NDUFV1,999
NDUFA2,MT-ND1,999
NDUFA2,NDUFS3,999
NDUFA2,CYC1,994
NDUFA2,NDUFA11,999
NDUFA2,NDUFA1,999
NDUFA2,NDUFA7,999
NDUFA2,NDUFS4,999
NDUFA2,NDUFA5,999
NDUFA2,NDUFA9,999
NDUFA2,MT-ND5,999
NDUFA2,NDUFA6,999
NDUFA2,NDUFS6,999
NDUFA2,NDUFB11,999
NDUFA2,NDUFC2-KCTD14,956
NDUFA2,PALB2,938
NDUFA2,UQCRB,997
NDUFA2,NDUFA12,999
NDUFA2,ATP5F1C,753
NDUFA2,NDUFC2,999
NDUFA2,NDUFA13,999
NDUFA2,NDUFB5,999
NDUFA2,MT-ND3,999
NDUFA2,MT-ND4,999
NDUFA2,MT-ND6,993
NDUFA2,UQCRQ,998
NDUFA2,COX5A,972
NDUFA2,NDUFS1,999
NDUFA2,NDUFV2,999
NDUFA2,NDUFB3,999
NDUFA2,NDUFC1,999
ATP5F1D,UQCRC1,968
ATP5F1D,UQCRFS1,968
ATP5F1D,KDM6A,912
ATP5F1D,NDUFA3,755
ATP5F1D,NDUFB9,922
ATP5F1D,NDUFV1,980
ATP5F1D,MT-ND1,713
ATP5F1D,NDUFS3,957
ATP5F1D,CYC1,991
ATP5F1D,NDUFB7,970
ATP5F1D,NDUFA11,772
ATP5F1D,NDUFA7,903
ATP5F1D,CUL7,701
ATP5F1D,NDUFS4,734
ATP5F1D,RPS3,758
ATP5F1D,KDM6B,915
ATP5F1D,NDUFS7,992
ATP5F1D,NDUFA10,867
ATP5F1D,NDUFS8,980
ATP5F1D,CDCA8,975
ATP5F1D,NDUFB6,887
ATP5F1D,NDUFS2,902
ATP5F1D,NDUFA8,855
ATP5F1D,NDUFB10,925
ATP5F1D,NDUFB5,901
ATP5F1D,NDUFA13,934
ATP5F1D,NDUFC2,755
ATP5F1D,UQCRQ,943
ATP5F1D,COX5A,980
ATP5F1D,NDUFV2,944
ATP5F1D,NDUFA5,720
ATP5F1D,NDUFA9,761
ATP5F1D,NDUFB11,936
ATP5F1D,NDUFS6,915
ATP5F1D,PALB2,877
ATP5F1D,UQCRB,927
ATP5F1D,NDUFA12,752
ATP5F1D,ATP5F1C,999
RELA,TNFRSF1A,826
RELA,SIRT1,995
RELA,MAPK1,717
RELA,NFKBIA,999
RELA,KAT2A,847
RELA,NFKB1,999
RELA,IL2,839
RELA,CCND1,791
RELA,MAPK14,798
RELA,TBP,858
RELA,NR3C1,850
RELA,H3-3B,740
RELA,CCNB1,735
RELA,MDM2,746
RELA,CREBBP,999
RELA,EP300,999
RELA,IL1B,990
RELA,BRD4,999
RELA,STAT3,992
RELA,TP53,955
RELA,RPS27A,861
RELA,EGFR,701
RELA,RPS3,967
RELA,PPARG,998
RELA,RUNX1,831
RELA,HDAC3,764
RELA,CEBPB,967
RELA,FOS,917
RELA,CXCL8,995
RELA,PRMT5,707
RELA,EZH2,915
RELA,HSPA5,715
RELA,PGR,702
RELA,SP1,953
RELA,SMAD3,950
RELA,H3C13,723
RELA,H3-5,720
RELA,KAT5,937
RELA,USP7,836
RELA,E2F1,746
RELA,CASP8,704
RELA,H3C12,723
RELA,PARP1,891
RELA,MAP3K7,897
RELA,BTRC,871
RELA,CHUK,999
RELA,GTF2B,747
RELA,JUN,986
RELA,CDK9,837
RELA,HDAC1,998
RELA,UBE2D1,705
RELA,BCL2L1,773
RELA,SQSTM1,912
RELA,MAPK8,975
RELA,BCL2,898
RELA,CDKN2A,851
RELA,CTNNB1,920
RELA,HDAC2,986
RELA,PPP2CA,949
RELA,UBC,709
RELA,YAP1,709
RELA,IL10,701
RELA,AKT1,780
RELA,IKBKG,996
RELA,MAPK9,954
RELA,CREB1,986
RELA,H3-2,715
RELA,HIF1A,989
RELA,IL6,986
RELA,IKBKB,999
RELA,BRCA1,878
RELA,ESR1,978
RELA,CDKN1A,745
RELA,TRAF6,867
RELA,TNF,997
RELA,MYC,852
RAD51D,MLH1,859
RAD51D,MSH2,812
RAD51D,MSH6,846
RAD51D,RPA1,824
RAD51D,BRIP1,839
RAD51D,BARD1,940
RAD51D,PALB2,949
RAD51D,NBN,792
RAD51D,PMS2,796
RAD51D,FANCM,979
RAD51D,ATM,930
RAD51D,ERCC3,748
RAD51D,FANCD2,831
RAD51D,SLX4,760
RAD51D,WRN,879
RAD51D,FEN1,704
RAD51D,MUS81,891
RAD51D,ERCC4,708
RAD51D,FANCI,805
RAD51D,RAD9A,711
RAD51D,RMI1,756
RAD51D,TOP3A,796
RAD51D,POLE,853
RAD51D,MRE11,946
RAD51D,RAD51C,999
RAD51D,ATR,813
RAD51D,BLM,868
RAD51D,DNA2,753
RAD51D,RAD52,881
RAD51D,EXO1,861
RAD51D,RAD50,721
RAD51D,PCNA,731
RAD51D,BRCA2,983
RAD51D,CHEK2,890
RAD51D,FANCA,704
RAD51D,ERCC2,764
RAD51D,RBBP8,773
RAD51D,CHEK1,800
RAD51D,BRCA1,953
RAD51D,RAD51B,999
RAD51D,RAD17,715
RAD51D,XRCC3,978
RAD51D,RECQL4,727
RAD51D,POLD1,856
RAD51D,RAD51,887
HSPA8,NFKBIA,708
HSPA8,STUB1,999
HSPA8,AGO2,757
HSPA8,CCND1,945
HSPA8,NR3C1,757
HSPA8,TP53,987
HSPA8,RPS27A,772
HSPA8,EGFR,932
HSPA8,RPS3,771
HSPA8,APP,826
HSPA8,ALB,712
HSPA8,HSPA4,999
HSPA8,HSPA5,983
HSPA8,HSP90AA1,999
HSPA8,HTT,921
HSPA8,VCP,920
HSPA8,PRKN,901
HSPA8,HSP90AB1,999
HSPA8,UBE2D1,831
HSPA8,MAPK8,932
HSPA8,YWHAZ,823
HSPA8,GAPDH,986
HSPA8,UBA52,787
HSPA8,MAPK9,914
HSPA8,ESR1,919
HSPA8,BRAF,806
HSPA8,ACTB,955
HSPA8,UBB,879
HSPA8,MYC,716
HSPA8,HIF1A,883
HSPA8,RPLP0,728
HSPA8,AKT1,850
HSPA8,UBC,810
IGF1,SIRT1,824
IGF1,TGFB1,976
IGF1,RPS6KB1,733
IGF1,IFNG,754
IGF1,CDH1,731
IGF1,SMAD2,716
IGF1,IL1B,847
IGF1,FGF2,882
IGF1,STAT3,845
IGF1,PPARGC1A,764
IGF1,EGF,995
IGF1,TP53,720
IGF1,ERBB2,992
IGF1,EGFR,991
IGF1,PPARG,828
IGF1,KIT,860
IGF1,STAT5B,739
IGF1,ALB,830
IGF1,IRS1,998
IGF1,FOXO3,803
IGF1,MTOR,781
IGF1,PTEN,795
IGF1,MMP9,767
IGF1,SRC,850
IGF1,AR,747
IGF1,BCL2L1,704
IGF1,FOXO1,910
IGF1,JAK2,829
IGF1,GRB2,762
IGF1,AKT1,935
IGF1,IL10,716
IGF1,IGF1R,999
IGF1,INS,999
IGF1,BCL2,765
IGF1,MYC,731
IGF1,TNF,837
IGF1,CD44,719
IGF1,ESR1,964
IGF1,IL6,913
YWHAZ,TBP,704
YWHAZ,H3-3B,706
YWHAZ,KIF23,783
YWHAZ,PIK3CA,759
YWHAZ,TP53,991
YWHAZ,ERBB2,808
YWHAZ,EGFR,925
YWHAZ,NPM1,745
YWHAZ,CDC25A,766
YWHAZ,IRS1,930
YWHAZ,CDC25C,999
YWHAZ,GSK3B,904
YWHAZ,HSP90AA1,801
YWHAZ,FOXO3,994
YWHAZ,H3C12,906
YWHAZ,HSP90AB1,835
YWHAZ,ABL1,737
YWHAZ,FOXO1,925
YWHAZ,ACTB,899
YWHAZ,GAPDH,773
YWHAZ,CHEK1,737
YWHAZ,BRAF,999
YWHAZ,AKT1,851
YWHAZ,CTNNB1,993
YWHAZ,H3C1,771
YWHAZ,PIK3R1,961
YWHAZ,YAP1,991
YWHAZ,CDC42,754
HTT,UQCRC1,940
HTT,STUB1,738
HTT,AGO2,946
HTT,TBP,798
HTT,CREBBP,997
HTT,KAT2B,962
HTT,PPARGC1A,982
HTT,NCOR1,927
HTT,TP53,998
HTT,APP,826
HTT,PPARG,802
HTT,HSPA4,958
HTT,UQCRFS1,906
HTT,CASP3,750
HTT,CYC1,933
HTT,SP1,945
HTT,HSP90AA1,777
HTT,MAPK8,930
HTT,MAPK9,917
HTT,MTOR,818
HTT,VCP,901
HTT,XRCC6,774
HTT,SQSTM1,919
HTT,PRKN,817
HTT,CREB1,982
HTT,SETD2,972
HTT,UQCRB,900
HTT,GRB2,852
HTT,UQCRQ,901
HTT,BECN1,979
HTT,GAPDH,993
HTT,SIN3A,726
CD8A,CD4,999
CD8A,TNFRSF1A,766
CD8A,TGFB1,796
CD8A,NFKB1,818
CD8A,IL2,971
CD8A,IFNG,990
CD8A,CDH1,713
CD8A,IL1B,922
CD8A,STAT3,839
CD8A,TP53,770
CD8A,ERBB2,720
CD8A,KIT,727
CD8A,STAT5B,794
CD8A,ALB,771
CD8A,CXCL8,844
CD8A,STAT5A,784
CD8A,SRC,735
CD8A,BCL2L1,726
CD8A,GATA3,745
CD8A,BCL2,831
CD8A,IL6,930
CD8A,CTNNB1,737
CD8A,IL10,958
CD8A,AKT1,811
CD8A,MYC,756
CD8A,CD44,938
CD8A,TNF,958
PIK3CA,MAPK1,822
PIK3CA,RPS6KB1,716
PIK3CA,CCND1,704
PIK3CA,MLH1,789
PIK3CA,KRAS,998
PIK3CA,CDK4,709
PIK3CA,IGF1R,978
PIK3CA,GRB2,924
PIK3CA,MYC,740
PIK3CA,JAK2,980
PIK3CA,ARID1A,913
PIK3CA,TRAF6,715
PIK3CA,ESR1,941
PIK3CA,BRCA1,728
PIK3CA,FBXW7,857
PIK3CA,EGF,746
PIK3CA,SRC,984
PIK3CA,AKT3,984
PIK3CA,STAT3,859
PIK3CA,TP53,941
PIK3CA,SMAD4,805
PIK3CA,BRCA2,812
PIK3CA,PGR,961
PIK3CA,HSP90AA1,837
PIK3CA,PMS2,712
PIK3CA,FOXO1,726
PIK3CA,PTEN,995
PIK3CA,NRAS,995
PIK3CA,IRS1,999
PIK3CA,EGFR,999
PIK3CA,AKT1,998
PIK3CA,MTOR,963
PIK3CA,BRAF,947
PIK3CA,NPM1,712
PIK3CA,KIT,986
PIK3CA,CDC42,982
PIK3CA,ABL1,763
PIK3CA,ERBB2,992
PIK3CA,CTNNB1,901
PIK3CA,FGF2,714
PIK3CA,NOTCH1,786
PIK3CA,PIK3R1,999
PIK3CA,CDKN2A,791
CDKN1A,CDC6,927
CDKN1A,SIRT1,719
CDKN1A,MAPK1,732
CDKN1A,RBX1,945
CDKN1A,NFKB1,751
CDKN1A,CCND1,999
CDKN1A,CDKN1B,982
CDKN1A,SKP1,980
CDKN1A,H3-3B,710
CDKN1A,CCNA1,999
CDKN1A,CCNB1,977
CDKN1A,DDB2,702
CDKN1A,CDK4,999
CDKN1A,MDM2,980
CDKN1A,CREBBP,904
CDKN1A,CCNE1,999
CDKN1A,EP300,920
CDKN1A,STAT3,984
CDKN1A,CDK6,999
CDKN1A,CDK2,999
CDKN1A,RB1,876
CDKN1A,TP53,999
CDKN1A,RPS27A,837
CDKN1A,SKP2,996
CDKN1A,EGFR,752
CDKN1A,ATM,807
CDKN1A,CCNB2,927
CDKN1A,STAT5B,887
CDKN1A,PCLAF,719
CDKN1A,DDB1,837
CDKN1A,CDC25A,847
CDKN1A,FOS,753
CDKN1A,CYCS,799
CDKN1A,CASP3,996
CDKN1A,EZH2,739
CDKN1A,CUL1,958
CDKN1A,CASP9,713
CDKN1A,SMAD3,918
CDKN1A,HSP90AA1,909
CDKN1A,CDKN3,946
CDKN1A,FOXO3,995
CDKN1A,STAT5A,848
CDKN1A,SMAD4,940
CDKN1A,E2F1,977
CDKN1A,PARP1,856
CDKN1A,DTL,880
CDKN1A,MCL1,849
CDKN1A,JUN,831
CDKN1A,RUNX2,700
CDKN1A,HSP90AB1,831
CDKN1A,PTEN,792
CDKN1A,ABL1,878
CDKN1A,CDC20,853
CDKN1A,HDAC1,903
CDKN1A,BCL2L1,704
CDKN1A,PCNA,999
CDKN1A,FOXO1,818
CDKN1A,TP53BP1,721
CDKN1A,CHEK2,761
CDKN1A,CDK1,998
CDKN1A,MAPK8,808
CDKN1A,GAPDH,777
CDKN1A,NFE2L2,750
CDKN1A,BCL2,820
CDKN1A,CCNL2,996
CDKN1A,ACTB,709
CDKN1A,CHEK1,740
CDKN1A,CDC7,851
CDKN1A,MYC,981
CDKN1A,ESR1,842
CDKN1A,BRCA1,809
CDKN1A,AKT3,950
CDKN1A,CCNH,823
CDKN1A,CEBPA,956
CDKN1A,CDC45,844
CDKN1A,MCM10,747
CDKN1A,AKT1,995
CDKN1A,CDKN2A,966
CDKN1A,CCNA2,999
RAD18,RFC2,779
RAD18,RPA1,807
RAD18,UBE2S,813
RAD18,RAD17,769
RAD18,RNF168,849
RAD18,UBE2N,988
RAD18,RFC3,761
RAD18,CHEK1,775
RAD18,CDC7,781
RAD18,REV3L,917
RAD18,UBB,981
RAD18,MUS81,757
RAD18,H2AC20,727
RAD18,DTL,818
RAD18,BLM,802
RAD18,RAD51C,960
RAD18,RECQL4,767
RAD18,BRCA1,895
RAD18,UBA52,949
RAD18,UBE2I,903
RAD18,FANCD2,939
RAD18,EXO1,748
RAD18,ERCC4,760
RAD18,RPA2,729
RAD18,RNF8,737
RAD18,MDC1,800
RAD18,PCNA,998
RAD18,FEN1,730
RAD18,POLD1,835
RAD18,FANCI,754
RAD18,SUMO2,748
RAD18,RFC5,728
RAD18,FANCM,957
RAD18,WRN,777
RAD18,POLE,760
RAD18,RFC4,721
RAD18,RPS27A,965
RAD18,RAD51,994
RAD18,NBN,777
RAD18,USP7,776
RAD18,SUMO1,741
RAD18,UBC,995
RAD18,RAD52,983
RAD18,ATR,760
RAD18,TP53BP1,931
UQCRFS1,NDUFB4,980
UQCRFS1,UQCRC1,999
UQCRFS1,NDUFB7,996
UQCRFS1,NDUFS7,993
UQCRFS1,NDUFA10,971
UQCRFS1,NDUFB5,979
UQCRFS1,PALB2,921
UQCRFS1,NDUFS3,999
UQCRFS1,NDUFA9,999
UQCRFS1,NDUFB10,989
UQCRFS1,NDUFS6,999
UQCRFS1,NDUFB11,932
UQCRFS1,NDUFB9,999
UQCRFS1,NDUFC2,970
UQCRFS1,NDUFS4,999
UQCRFS1,NDUFA7,929
UQCRFS1,DDB1,796
UQCRFS1,NDUFC1,903
UQCRFS1,NDUFB3,980
UQCRFS1,NDUFS1,999
UQCRFS1,NDUFV2,999
UQCRFS1,COX5A,999
UQCRFS1,UQCRQ,999
UQCRFS1,MT-ND6,897
UQCRFS1,MT-ND3,997
UQCRFS1,MT-ND4,997
UQCRFS1,NDUFA13,999
UQCRFS1,ATP5F1C,970
UQCRFS1,NDUFA12,999
UQCRFS1,UQCRB,999
UQCRFS1,NDUFA6,999
UQCRFS1,CYCS,999
UQCRFS1,MT-ND5,993
UQCRFS1,NDUFA5,999
UQCRFS1,NDUFA1,911
UQCRFS1,NDUFA11,999
UQCRFS1,CYC1,999
UQCRFS1,MT-ND1,997
UQCRFS1,MT-ND4L,979
UQCRFS1,NDUFV1,999
UQCRFS1,NDUFA3,927
UQCRFS1,MT-ND2,992
UQCRFS1,NDUFV3,915
UQCRFS1,ENSP00000497305,962
UQCRFS1,NDUFA8,997
UQCRFS1,NDUFS2,999
UQCRFS1,NDUFS5,999
UQCRFS1,NDUFB6,985
UQCRFS1,CDCA8,751
UQCRFS1,NDUFS8,999
UQCRFS1,NDUFB1,925
H3C13,CBX5,999
H3C13,SIRT1,914
H3C13,CBX7,974
H3C13,SUPT16H,872
H3C13,APEX1,870
H3C13,AGO2,705
H3C13,KAT2A,972
H3C13,HDAC5,739
H3C13,CCND1,825
H3C13,ASF1A,997
H3C13,TBP,981
H3C13,H4C6,999
H3C13,PXDN,738
H3C13,TRIM28,724
H3C13,H3-3B,954
H3C13,KDM6B,981
H3C13,CCNB1,812
H3C13,CDK7,879
H3C13,CDK4,774
H3C13,GTF2H4,829
H3C13,POU5F1,731
H3C13,BARD1,861
H3C13,MNAT1,838
H3C13,KMT2C,982
H3C13,YY1,877
H3C13,RCOR1,921
H3C13,CREBBP,979
H3C13,EP300,922
H3C13,BRD4,993
H3C13,ASF1B,991
H3C13,KAT2B,996
H3C13,RBBP5,993
H3C13,DNMT3A,999
H3C13,MCM2,970
H3C13,GTF2H1,837
H3C13,RB1,743
H3C13,NCOR1,852
H3C13,TP53,863
H3C13,CBX8,868
H3C13,CBX4,852
H3C13,RPS27A,949
H3C13,H2BC1,916
H3C13,SSRP1,852
H3C13,ATM,754
H3C13,ERCC3,879
H3C13,H2BC5,985
H3C13,PLK1,824
H3C13,RUNX1,737
H3C13,MED1,861
H3C13,BIRC5,805
H3C13,BUB1,708
H3C13,HSPA4,706
H3C13,HDAC3,890
H3C13,H2AC8,991
H3C13,FOS,805
H3C13,CBX2,993
H3C13,CASP3,753
H3C13,RAD9A,876
H3C13,AURKB,922
H3C13,SUZ12,990
H3C13,PRMT5,847
H3C13,EZH2,998
H3C13,H2BC4,988
H3C13,SOX2,923
H3C13,H2AC20,999
H3C13,KDM1A,964
H3C13,SMARCB1,760
H3C13,H2AC17,954
H3C13,GTF2B,905
H3C13,H3C11,960
H3C13,KDM6A,956
H3C13,H4C13,948
H3C13,H3C15,931
H3C13,H4C12,943
H3C13,H2BC9,988
H3C13,KMT5A,973
H3C13,H3C8,959
H3C13,HDAC8,874
H3C13,H3C14,931
H3C13,CTCF,856
H3C13,CCNL2,712
H3C13,SMARCA2,886
H3C13,H4C1,954
H3C13,TAF1,901
H3C13,PHC3,894
H3C13,RAD51,758
H3C13,AKT1,792
H3C13,CDK1,812
H3C13,H3C7,965
H3C13,H4C14,965
H3C13,ERCC2,862
H3C13,H2BC21,999
H3C13,H2AC11,940
H3C13,H3C2,965
H3C13,H3C10,961
H3C13,UBC,966
H3C13,CDCA8,837
H3C13,HDAC2,937
H3C13,H1-0,964
H3C13,H4C4,956
H3C13,H2AC16,946
H3C13,H3C1,962
H3C13,CTNNB1,834
H3C13,H2BC14,987
H3C13,H3-5,871
H3C13,KMT2A,980
H3C13,PHC1,784
H3C13,E2F1,706
H3C13,H4C15,943
H3C13,H4C3,946
H3C13,TP53BP1,992
H3C13,H3C4,959
H3C13,CDKN2A,813
H3C13,UBB,941
H3C13,H4C2,955
H3C13,ACTB,812
H3C13,GAPDH,815
H3C13,CHD4,995
H3C13,UHRF1,996
H3C13,H4C9,946
H3C13,BCL2,808
H3C13,PCGF2,823
H3C13,KDM4A,997
H3C13,PARP1,727
H3C13,MYC,910
H3C13,TNF,711
H3C13,CHUK,852
H3C13,H2AC13,974
H3C13,H4-16,948
H3C13,PAXIP1,848
H3C13,H2AX,948
H3C13,AR,786
H3C13,SMARCA4,946
H3C13,ACTL6A,732
H3C13,RNF2,865
H3C13,ATRX,992
H3C13,SIN3A,786
H3C13,RING1,869
H3C13,WDR5,999
H3C13,UBA52,943
H3C13,ESR1,807
H3C13,BRCA1,743
H3C13,RBBP7,975
H3C13,RBBP4,956
H3C13,H2AC15,940
H3C13,H2AC6,961
H3C13,H4C5,949
H3C13,DNMT1,998
H3C13,NSD2,988
H3C13,PXDNL,738
H3C13,IL6,748
H3C13,H4C7,999
H3C13,POLR2H,931
H3C13,PRMT1,859
H3C13,KAT5,915
H3C13,CCNH,845
H3C13,H3C12,988
H3C13,H2BC17,996
H3C13,HSP90AB1,737
H3C13,JUN,867
H3C13,GATA3,727
H3C13,EHMT2,998
H3C13,H2BC15,984
H3C13,H2BC12,994
H3C13,H3-2,903
H3C13,H2AC4,966
H3C13,CEBPA,735
H3C13,H4C8,946
H3C13,H3C6,957
H3C13,HDAC1,984
H3C13,HSP90AA1,737
H3C13,TAF9,915
H3C13,H4C11,951
H3C13,CREB1,743
H3C13,SETD2,995
H3C13,TAF6,855
H3C13,TRRAP,714
CDKN2A,CDC6,922
CDKN2A,MAPK1,846
CDKN2A,MCM5,774
CDKN2A,CBX7,810
CDKN2A,AURKA,723
CDKN2A,CCND1,998
CDKN2A,CDKN1B,930
CDKN2A,MAPK14,944
CDKN2A,MLH1,855
CDKN2A,H3-3B,832
CDKN2A,KDM6B,771
CDKN2A,KRAS,992
CDKN2A,CCNB1,772
CDKN2A,CDK4,999
CDKN2A,MDM2,999
CDKN2A,CDH1,713
CDKN2A,CREBBP,751
CDKN2A,CCNE1,814
CDKN2A,EP300,859
CDKN2A,MCM2,788
CDKN2A,CDK6,999
CDKN2A,CDK2,993
CDKN2A,RB1,843
CDKN2A,TP53,999
CDKN2A,ERBB2,773
CDKN2A,RPS27A,750
CDKN2A,SKP2,800
CDKN2A,EGFR,910
CDKN2A,ATM,847
CDKN2A,NPM1,999
CDKN2A,WRN,747
CDKN2A,TERT,817
CDKN2A,AURKB,733
CDKN2A,EZH2,813
CDKN2A,ARID1A,720
CDKN2A,SOX2,706
CDKN2A,H2AC20,714
CDKN2A,SMAD3,806
CDKN2A,CDKN3,842
CDKN2A,FOXO3,760
CDKN2A,SMAD4,851
CDKN2A,SMARCA4,811
CDKN2A,E2F1,969
CDKN2A,UBE2I,824
CDKN2A,H3C12,828
CDKN2A,DNMT1,703
CDKN2A,RNF2,835
CDKN2A,NRAS,984
CDKN2A,JUN,779
CDKN2A,PTEN,923
CDKN2A,ABL1,763
CDKN2A,HDAC1,794
CDKN2A,SRC,745
CDKN2A,BCL2L1,814
CDKN2A,BRCA2,806
CDKN2A,CHEK2,758
CDKN2A,CDK1,818
CDKN2A,MAPK8,838
CDKN2A,NFE2L2,745
CDKN2A,BCL2,717
CDKN2A,CCNL2,962
CDKN2A,CHEK1,724
CDKN2A,CDC7,905
CDKN2A,CDC45,860
CDKN2A,MCM10,824
CDKN2A,CTNNB1,930
CDKN2A,NOTCH1,723
CDKN2A,BRCA1,832
CDKN2A,MYC,998
CDKN2A,RPL11,762
CDKN2A,CTCF,794
CDKN2A,BRAF,892
CDKN2A,AKT1,866
CDKN2A,CDC42,741
CDKN2A,H2AX,768
CDKN2A,HIF1A,956
NDUFA11,NDUFB4,999
NDUFA11,UQCRC1,969
NDUFA11,NDUFB7,999
NDUFA11,NDUFS7,999
NDUFA11,NDUFA10,999
NDUFA11,NDUFB5,999
NDUFA11,PALB2,807
NDUFA11,NDUFS3,999
NDUFA11,NDUFA9,999
NDUFA11,NDUFB10,999
NDUFA11,NDUFS6,999
NDUFA11,NDUFB11,999
NDUFA11,NDUFB9,999
NDUFA11,NDUFC2,998
NDUFA11,NDUFS4,999
NDUFA11,NDUFA7,999
NDUFA11,NDUFS8,999
NDUFA11,CYC1,960
NDUFA11,COX5A,921
NDUFA11,NDUFV2,999
NDUFA11,NDUFA12,999
NDUFA11,NDUFV3,999
NDUFA11,MT-ND6,993
NDUFA11,MT-ND1,998
NDUFA11,MT-ND4L,984
NDUFA11,MT-ND5,999
NDUFA11,MT-ND4,999
NDUFA11,MT-ND2,999
NDUFA11,MT-ND3,998
NDUFA11,NDUFS2,999
NDUFA11,NDUFA1,999
NDUFA11,NDUFS5,999
NDUFA11,NDUFA8,999
NDUFA11,UQCRQ,997
NDUFA11,NDUFB6,999
NDUFA11,UQCRB,977
NDUFA11,NDUFA6,999
NDUFA11,NDUFC2-KCTD14,838
NDUFA11,NDUFA5,999
NDUFA11,NDUFB1,997
NDUFA11,NDUFC1,997
NDUFA11,NDUFS1,999
NDUFA11,NDUFB3,999
NDUFA11,NDUFA3,999
NDUFA11,NDUFV1,999
NDUFA11,NDUFA13,999
RB1,SIRT1,821
RB1,CCND1,998
RB1,CDKN1B,818
RB1,MAPK14,811
RB1,H4C6,727
RB1,H3-3B,745
RB1,CCNA1,995
RB1,CCNB1,768
RB1,CDK4,999
RB1,MDM2,999
RB1,CCNE1,994
RB1,EP300,808
RB1,CDK6,997
RB1,CDK2,999
RB1,ABL1,980
RB1,HDAC2,986
RB1,CDK9,801
RB1,NPM1,815
RB1,CDC27,763
RB1,E2F1,999
RB1,TP53BP1,928
RB1,SP1,730
RB1,CCNA2,998
RB1,SKP2,985
RB1,SMARCB1,802
RB1,RBBP8,835
RB1,PTEN,734
RB1,CDK1,995
RB1,CCNL2,853
RB1,SMARCA2,832
RB1,TAF1,763
RB1,ANAPC2,758
RB1,H3C12,745
RB1,EZH2,861
RB1,TP53,936
RB1,POLA1,724
RB1,DNMT1,765
RB1,HDAC1,999
RB1,CEBPB,707
RB1,PGR,782
RB1,RUNX2,970
RB1,MYC,888
RB1,SUZ12,744
RB1,ACTB,776
RB1,CASP3,751
RB1,ARID1A,786
RB1,ACTL6A,770
RB1,SMARCD1,742
RB1,BRCA1,858
RB1,RBBP7,862
RB1,RBBP4,947
RB1,AR,878
RB1,HDAC3,848
RB1,SMARCA4,979
APEX1,ERCC1,774
APEX1,SIRT1,797
APEX1,H2AC17,800
APEX1,WRN,877
APEX1,H3C15,818
APEX1,H4C12,800
APEX1,H4C13,800
APEX1,LIG4,741
APEX1,LIG1,996
APEX1,H3C14,818
APEX1,H4C1,800
APEX1,H2AC11,800
APEX1,H4C14,800
APEX1,NPM1,871
APEX1,ERCC2,743
APEX1,H2BC21,838
APEX1,H4C15,800
APEX1,H4C3,803
APEX1,H4C4,800
APEX1,H2AC16,800
APEX1,RPA1,732
APEX1,H4C6,841
APEX1,HUS1,722
APEX1,H4C9,800
APEX1,PARP1,967
APEX1,XRCC3,734
APEX1,H4C2,800
APEX1,RECQL4,858
APEX1,H4-16,800
APEX1,H2AC13,800
APEX1,EXO1,726
APEX1,XRCC1,999
APEX1,EP300,944
APEX1,TP53,944
APEX1,STAT3,709
APEX1,H4C5,800
APEX1,ERCC4,832
APEX1,H2AC15,800
APEX1,XRCC5,799
APEX1,XPA,799
APEX1,H2BC4,815
APEX1,H4C8,800
APEX1,H4C11,800
APEX1,FEN1,998
APEX1,MSH6,759
APEX1,PCNA,864
APEX1,POLD1,761
APEX1,HIF1A,782
KDM6A,H4C6,827
KDM6A,H3-3B,962
KDM6A,KDM6B,747
KDM6A,KMT2C,999
KDM6A,CREBBP,811
KDM6A,EP300,902
KDM6A,RBBP5,999
KDM6A,NCOR1,721
KDM6A,TP53,710
KDM6A,H2BC1,704
KDM6A,ATM,712
KDM6A,SUZ12,912
KDM6A,EZH2,965
KDM6A,SOX2,790
KDM6A,H2AC20,819
KDM6A,H3-5,916
KDM6A,SMARCA4,848
KDM6A,ATP5F1C,899
KDM6A,H2BC12,705
KDM6A,WDR5,999
KDM6A,H3C12,959
KDM6A,DNMT1,829
KDM6A,RNF2,722
KDM6A,H2BC21,783
KDM6A,H3C14,726
KDM6A,KDM4A,799
KDM6A,RBBP4,761
KDM6A,AR,765
KDM6A,H2AC6,700
KDM6A,H3C6,786
KDM6A,SETD2,890
KDM6A,H3-2,916
KDM6A,RBBP7,738
KDM6A,PAXIP1,999
KDM6A,H2AX,731
KDM6A,KMT2A,869
KDM6A,H3C1,807
KDM6A,KDM1A,820
KDM6A,H2BC9,701
KDM6A,CTCF,721
MT-ND6,NDUFB4,987
MT-ND6,UQCRC1,898
MT-ND6,NDUFB7,987
MT-ND6,NDUFS7,998
MT-ND6,NDUFA10,997
MT-ND6,NDUFB5,996
MT-ND6,PALB2,868
MT-ND6,NDUFS3,999
MT-ND6,NDUFA9,995
MT-ND6,NDUFB10,988
MT-ND6,NDUFS6,988
MT-ND6,NDUFB11,988
MT-ND6,NDUFB9,988
MT-ND6,NDUFC2,989
MT-ND6,NDUFS4,995
MT-ND6,NDUFA7,984
MT-ND6,NDUFS8,997
MT-ND6,CYC1,918
MT-ND6,COX5A,871
MT-ND6,NDUFV2,995
MT-ND6,NDUFA12,988
MT-ND6,NDUFV3,991
MT-ND6,NDUFS5,999
MT-ND6,NDUFS2,995
MT-ND6,NDUFS1,995
MT-ND6,UQCRB,854
MT-ND6,NDUFA8,992
MT-ND6,ENSP00000497305,727
MT-ND6,NDUFB3,986
MT-ND6,NDUFA1,997
MT-ND6,NDUFC1,987
MT-ND6,NDUFA5,989
MT-ND6,NDUFA13,993
MT-ND6,NDUFB1,976
MT-ND6,MT-ND4,999
MT-ND6,MT-ND2,999
MT-ND6,MT-ND3,999
MT-ND6,MT-ND5,999
MT-ND6,NDUFA3,997
MT-ND6,NDUFV1,998
MT-ND6,MT-ND4L,999
MT-ND6,NDUFB6,995
MT-ND6,NDUFA6,987
MT-ND6,UQCRQ,886
MT-ND6,NDUFC2-KCTD14,892
MT-ND6,MT-ND1,999
CXCL8,CD4,861
CXCL8,TNFRSF1A,782
CXCL8,MAPK1,735
CXCL8,NFKBIA,887
CXCL8,TGFB1,775
CXCL8,NFKB1,988
CXCL8,IL2,985
CXCL8,IFNG,961
CXCL8,IL1B,994
CXCL8,FGF2,857
CXCL8,STAT3,857
CXCL8,EGF,717
CXCL8,TP53,804
CXCL8,EGFR,792
CXCL8,ALB,782
CXCL8,CEBPB,842
CXCL8,FOS,765
CXCL8,CTNNB1,734
CXCL8,IL10,970
CXCL8,AKT1,720
CXCL8,MMP9,880
CXCL8,HIF1A,716
CXCL8,EHMT2,790
CXCL8,JUN,987
CXCL8,SRC,781
CXCL8,IL6,991
CXCL8,TRAF6,726
CXCL8,JAK2,758
CXCL8,CD44,751
CXCL8,TNF,983
CXCL8,CASP3,752
CXCL8,ACTB,729
IFNG,CD4,991
IFNG,TNFRSF1A,919
IFNG,NFKBIA,714
IFNG,TGFB1,888
IFNG,NFKB1,932
IFNG,IL2,990
IFNG,ALB,866
IFNG,STAT5B,823
IFNG,MAPK3,846
IFNG,FOS,751
IFNG,IL10,995
IFNG,MMP9,751
IFNG,EGFR,876
IFNG,AKT1,817
IFNG,CTNNB1,713
IFNG,STAT5A,820
IFNG,INS,813
IFNG,BCL2,795
IFNG,MAPK14,769
IFNG,ACTB,795
IFNG,CASP3,825
IFNG,GAPDH,794
IFNG,JAK2,998
IFNG,TRAF6,831
IFNG,PXDN,782
IFNG,TNF,991
IFNG,IL1B,998
IFNG,CD44,883
IFNG,STAT3,907
IFNG,TP53,834
IFNG,JUN,711
IFNG,RUNX1,893
IFNG,PXDNL,782
IFNG,EGF,781
IFNG,IL6,983
IFNG,GATA3,890
TNFRSF1A,CD4,797
TNFRSF1A,CASP8,998
TNFRSF1A,SRC,934
TNFRSF1A,TP53,741
TNFRSF1A,JUN,729
TNFRSF1A,STAT3,829
TNFRSF1A,IL6,997
TNFRSF1A,JAK2,702
TNFRSF1A,TRAF6,996
TNFRSF1A,IKBKB,999
TNFRSF1A,IL1B,997
TNFRSF1A,TNF,999
TNFRSF1A,CHUK,999
TNFRSF1A,GRB2,855
TNFRSF1A,IL2,740
TNFRSF1A,XIAP,853
TNFRSF1A,CASP3,853
TNFRSF1A,NFKB1,848
TNFRSF1A,MAPK8,715
TNFRSF1A,SUMO1,739
TNFRSF1A,NFKBIA,809
TNFRSF1A,UBC,734
TNFRSF1A,EGFR,864
TNFRSF1A,AKT1,817
TNFRSF1A,IKBKG,999
TNFRSF1A,IL10,968
TNFRSF1A,MAP3K7,999
SRC,CD4,728
SRC,MAPK1,932
SRC,NFKBIA,797
SRC,TGFB1,787
SRC,NFKB1,756
SRC,CCND1,875
SRC,CDKN1B,838
SRC,MAPK14,818
SRC,KRAS,990
SRC,MDM2,882
SRC,CDH1,988
SRC,CREBBP,940
SRC,MAPK3,944
SRC,EP300,959
SRC,STAT3,999
SRC,EGF,922
SRC,TP53,884
SRC,ERBB2,999
SRC,EGFR,999
SRC,APP,864
SRC,PPARG,736
SRC,KIT,802
SRC,STAT5B,900
SRC,RUNX1,943
SRC,MED1,922
SRC,HSPA4,858
SRC,IRS1,977
SRC,FOS,986
SRC,GSK3B,867
SRC,PGR,937
SRC,SP1,947
SRC,HSP90AA1,999
SRC,STAT5A,900
SRC,SMAD4,725
SRC,CASP8,853
SRC,MTOR,793
SRC,MT-ND2,755
SRC,NRAS,970
SRC,CHUK,750
SRC,JUN,974
SRC,HSP90AB1,995
SRC,PTEN,837
SRC,MMP9,970
SRC,JAK2,917
SRC,TRAF6,996
SRC,IKBKB,918
SRC,ESR1,999
SRC,TNF,904
SRC,CD44,972
SRC,AR,985
SRC,INS,886
SRC,BCL2,860
SRC,GRB2,999
SRC,MYC,805
SRC,IGF1R,996
SRC,UBB,707
SRC,ACTB,774
SRC,GAPDH,702
SRC,HIF1A,872
SRC,PRMT1,739
SRC,IL6,787
SRC,IKBKG,807
SRC,AKT1,995
SRC,BRAF,842
SRC,MAPK9,954
SRC,NOTCH1,720
SRC,PIK3R1,998
SRC,CTNNB1,999
SRC,CDC42,991
SRC,MAPK8,959
SRC,PPP2CA,822
SRC,YAP1,951
KMT2A,H4C6,982
KMT2A,H3-3B,985
KMT2A,KMT2C,947
KMT2A,CREBBP,995
KMT2A,EP300,831
KMT2A,BRD4,870
KMT2A,RBBP5,999
KMT2A,DNMT3A,746
KMT2A,TP53,757
KMT2A,RPS27A,827
KMT2A,RUNX1,895
KMT2A,H2AC8,965
KMT2A,H3-5,962
KMT2A,SMARCB1,901
KMT2A,H4C11,829
KMT2A,H2BC12,958
KMT2A,WDR5,999
KMT2A,H2AC13,910
KMT2A,H2AC11,910
KMT2A,H3C12,989
KMT2A,H2AC17,910
KMT2A,RNF2,943
KMT2A,H2BC21,729
KMT2A,H3C14,937
KMT2A,H3C10,915
KMT2A,CDK9,730
KMT2A,HDAC1,809
KMT2A,H4C2,829
KMT2A,H3C4,915
KMT2A,H2AC6,953
KMT2A,H4C3,829
KMT2A,TAF9,952
KMT2A,SIN3A,762
KMT2A,H3C15,915
KMT2A,CREB1,917
KMT2A,UBA52,856
KMT2A,TAF6,946
KMT2A,TAF1,946
KMT2A,H4C9,829
KMT2A,UBB,825
KMT2A,H4-16,829
KMT2A,H4C5,838
KMT2A,H2AC15,910
KMT2A,H3C6,917
KMT2A,H4C8,829
KMT2A,H2AC4,910
KMT2A,H3-2,962
KMT2A,H3C8,915
KMT2A,H4C12,829
KMT2A,H3C11,915
KMT2A,H4C13,829
KMT2A,H3C7,915
KMT2A,H4C1,829
KMT2A,H4C14,829
KMT2A,UBC,825
KMT2A,H3C2,925
KMT2A,H4C15,829
KMT2A,H2AC16,910
KMT2A,H4C4,829
KMT2A,H3C1,988
PLK1,CDC6,809
PLK1,MCM5,747
PLK1,AURKA,997
PLK1,CCND1,727
PLK1,SKP1,753
PLK1,H3-3B,820
PLK1,CCNA1,866
PLK1,CCNB1,999
PLK1,CDK4,789
PLK1,MDM2,772
PLK1,KIF23,988
PLK1,TOPBP1,814
PLK1,MCM4,851
PLK1,ASF1B,725
PLK1,MCM6,862
PLK1,UBE2S,730
PLK1,CDK2,742
PLK1,TP53,981
PLK1,NUF2,865
PLK1,ATM,768
PLK1,BUB1B,999
PLK1,CCNB2,995
PLK1,SLX4,938
PLK1,MAD2L1,933
PLK1,BUB1,996
PLK1,BRCA1,960
PLK1,CDC20,999
PLK1,CDKN3,771
PLK1,H2AX,745
PLK1,EXO1,777
PLK1,KIF4A,821
PLK1,CETN2,881
PLK1,TOP2A,931
PLK1,KIF2C,994
PLK1,CHEK2,900
PLK1,BIRC5,980
PLK1,MYC,844
PLK1,CDC16,792
PLK1,MUS81,817
PLK1,PTTG1,956
PLK1,CDC7,711
PLK1,CDC25A,975
PLK1,CDC45,777
PLK1,HSP90AA1,957
PLK1,CUL1,739
PLK1,PBK,756
PLK1,TOP3A,832
PLK1,CDC25C,999
PLK1,BRCA2,996
PLK1,MCM3,827
PLK1,AURKB,939
PLK1,FOXM1,995
PLK1,HSP90AB1,866
PLK1,H3C12,823
PLK1,CLSPN,933
PLK1,CDC23,766
PLK1,ERCC4,769
PLK1,FBXW7,721
PLK1,CDT1,795
PLK1,RAD51,848
PLK1,UBE2C,927
PLK1,CDK1,993
PLK1,CENPA,988
PLK1,FOXO3,727
PLK1,PTEN,870
PLK1,ZWINT,930
PLK1,BUB3,852
PLK1,TPX2,944
PLK1,TP53BP1,870
PLK1,CCNA2,958
PLK1,ANAPC1,748
PLK1,H2BC14,715
PLK1,CTNNB1,759
PLK1,CDCA8,974
PLK1,PPP2CA,824
PLK1,H2BC21,722
PLK1,CDC27,872
PLK1,BTRC,952
XIAP,MDM2,929
XIAP,TP53,836
XIAP,RPS27A,779
XIAP,BIRC5,960
XIAP,CYCS,935
XIAP,CASP3,999
XIAP,UBE2N,737
XIAP,GSK3B,836
XIAP,CASP9,999
XIAP,E2F1,709
XIAP,CASP8,970
XIAP,BECN1,867
XIAP,PARP1,718
XIAP,MCL1,809
XIAP,MAP3K7,951
XIAP,CHUK,772
XIAP,IKBKB,858
XIAP,UBA52,896
XIAP,TRAF6,837
XIAP,BCL2L1,939
XIAP,TNF,902
XIAP,BCL2,951
XIAP,CHEK1,712
XIAP,UBC,883
XIAP,IKBKG,722
XIAP,AKT1,939
XIAP,UBE2D1,900
XIAP,PTEN,921
KIF23,MCM5,841
KIF23,AURKA,924
KIF23,CCNB1,922
KIF23,ZWINT,868
KIF23,CDK1,914
KIF23,UBE2C,834
KIF23,MCM10,711
KIF23,CENPA,865
KIF23,MCM4,778
KIF23,CDCA8,954
KIF23,CCNA2,914
KIF23,MAD2L1,821
KIF23,TPX2,906
KIF23,NUF2,912
KIF23,TTK,833
KIF23,KIF2C,917
KIF23,TOP2A,927
KIF23,BIRC5,885
KIF23,BRCA1,713
KIF23,CDC20,797
KIF23,HMMR,889
KIF23,BUB1,958
KIF23,KIF4A,955
KIF23,CCNB2,937
KIF23,FOXM1,789
KIF23,MCM6,786
KIF23,AURKB,961
KIF23,MCM2,733
KIF23,PBK,884
KIF23,CDC45,803
KIF23,MCM3,712
KIF23,BUB1B,926
MCM5,RFC2,874
MCM5,CDC6,999
MCM5,POLE,997
MCM5,SSRP1,767
MCM5,RFC5,949
MCM5,MCM4,999
MCM5,TYMS,896
MCM5,LIG1,947
MCM5,MCM10,997
MCM5,POLE2,998
MCM5,CCNA1,902
MCM5,TIMELESS,995
MCM5,CDK1,740
MCM5,RFC4,949
MCM5,CDK2,860
MCM5,ATRIP,834
MCM5,TOPBP1,985
MCM5,RPA1,902
MCM5,CCNA2,948
MCM5,E2F1,728
MCM5,MAD2L1,845
MCM5,CHEK1,866
MCM5,CDC7,999
MCM5,REV3L,703
MCM5,RFC3,937
MCM5,TOP2A,755
MCM5,CHEK2,811
MCM5,RBX1,836
MCM5,EXO1,830
MCM5,CCNB2,816
MCM5,CDC20,862
MCM5,RECQL4,811
MCM5,BUB1,716
MCM5,ASF1B,863
MCM5,CDT1,999
MCM5,POLA1,958
MCM5,RPA2,925
MCM5,CLSPN,958
MCM5,AURKB,702
MCM5,MCM6,999
MCM5,FOXM1,790
MCM5,TIPIN,989
MCM5,MCM2,999
MCM5,CCNE1,730
MCM5,MCM3,999
MCM5,POLD1,969
MCM5,PCNA,918
MCM5,FEN1,942
MCM5,MSH6,749
MCM5,WDHD1,999
MCM5,CDC45,999
SMAD2,MAPK1,967
SMAD2,RBX1,916
SMAD2,TGFB1,983
SMAD2,CCND1,743
SMAD2,SKP1,918
SMAD2,NR3C1,789
SMAD2,SNAI1,782
SMAD2,KDM6B,817
SMAD2,POU5F1,928
SMAD2,CDH1,852
SMAD2,HDAC1,980
SMAD2,FOXO1,975
SMAD2,SMAD3,999
SMAD2,CUL1,926
SMAD2,RUNX1,771
SMAD2,JUN,925
SMAD2,SMAD4,999
SMAD2,EP300,987
SMAD2,TP53,993
SMAD2,CD44,702
SMAD2,KAT2B,865
SMAD2,CHUK,922
SMAD2,SMARCA4,717
SMAD2,TRAF6,877
SMAD2,ESR1,830
SMAD2,ACTB,713
SMAD2,GAPDH,728
SMAD2,MYC,982
SMAD2,PPARG,707
SMAD2,NCOR1,832
SMAD2,CREBBP,986
SMAD2,CTNNB1,998
SMAD2,SP1,959
SMAD2,YAP1,979
SMAD2,HDAC2,721
SMAD2,AKT1,918
SMAD2,EGFR,736
SMAD2,SOX2,756
SMAD2,MAPK3,979
SMAD2,FOXO3,992
APP,MAPK1,827
APP,TGFB1,895
APP,NFKB1,870
APP,CREBBP,781
APP,MAPK3,753
APP,EP300,959
APP,IL1B,828
APP,STAT3,753
APP,NCOR1,711
APP,TP53,714
APP,EGFR,889
APP,NOTCH1,886
APP,CTNNB1,814
APP,MAPK8,718
APP,FOXO3,836
APP,ALB,901
APP,CREB1,713
APP,CYCS,709
APP,JUN,790
APP,HSPA4,849
APP,GSK3B,897
APP,KAT5,993
APP,PRKN,856
APP,CD44,823
APP,TNF,799
APP,INS,799
APP,GRB2,945
APP,ACTB,801
APP,GAPDH,980
APP,CASP3,908
EHMT2,CBX5,949
EHMT2,NFKB1,756
EHMT2,SNAI1,990
EHMT2,H4C6,840
EHMT2,TRIM28,830
EHMT2,H3-3B,998
EHMT2,KDM6B,711
EHMT2,YY1,759
EHMT2,RCOR1,986
EHMT2,EP300,764
EHMT2,LIG1,824
EHMT2,BRD4,777
EHMT2,DNMT3A,993
EHMT2,TP53,919
EHMT2,H2BC1,742
EHMT2,CEBPB,734
EHMT2,SUZ12,816
EHMT2,EZH2,953
EHMT2,H2AC20,805
EHMT2,H3-5,995
EHMT2,KAT5,891
EHMT2,SMARCA4,801
EHMT2,WDR5,757
EHMT2,H3C12,998
EHMT2,DNMT1,998
EHMT2,RNF2,805
EHMT2,H2BC21,813
EHMT2,H3C14,971
EHMT2,H3C10,931
EHMT2,PCGF6,760
EHMT2,KDM4A,727
EHMT2,RBBP4,752
EHMT2,HDAC1,999
EHMT2,HDAC8,768
EHMT2,RING1,798
EHMT2,H3C4,923
EHMT2,RBBP7,738
EHMT2,SIN3A,803
EHMT2,H3C1,971
EHMT2,H3C2,931
EHMT2,HDAC2,982
EHMT2,H3C7,923
EHMT2,KDM1A,995
EHMT2,H3C15,923
EHMT2,H3C11,933
EHMT2,H3C8,923
EHMT2,H3-2,995
EHMT2,H3C6,954
EHMT2,IL6,821
EHMT2,H2AX,752
EHMT2,CHD4,873
EHMT2,UHRF1,997
MAP3K7,MAPK1,926
MAP3K7,NFKBIA,855
MAP3K7,KAT2A,807
MAP3K7,NFKB1,769
MAP3K7,MAPK14,939
MAP3K7,MAPK3,924
MAP3K7,KAT2B,752
MAP3K7,STAT3,812
MAP3K7,RPS27A,776
MAP3K7,ATM,797
MAP3K7,UBE2N,993
MAP3K7,GSK3B,961
MAP3K7,SMAD3,803
MAP3K7,HSP90AA1,752
MAP3K7,CASP8,747
MAP3K7,WDR5,767
MAP3K7,TRRAP,741
MAP3K7,MAPK9,953
MAP3K7,IKBKG,999
MAP3K7,MAPK8,971
MAP3K7,UBC,700
MAP3K7,IKBKB,996
MAP3K7,TRAF6,999
MAP3K7,CHUK,994
MAP3K7,TNF,999
MAP3K7,JUN,753
MAP3K7,TAF6,736
MAP3K7,TAF9,731
MAPK9,NFKB1,943
MAPK9,MAPK14,942
MAPK9,KRAS,935
MAPK9,TP53,982
MAPK9,MED1,952
MAPK9,IRS1,936
MAPK9,FOS,977
MAPK9,CASP3,775
MAPK9,PGR,908
MAPK9,SP1,909
MAPK9,SMAD3,927
MAPK9,FOXO3,941
MAPK9,SMAD4,932
MAPK9,NRAS,932
MAPK9,JUN,999
MAPK9,BCL2L1,956
MAPK9,FOXO1,936
MAPK9,MAPK8,999
MAPK9,BCL2,957
MAPK9,RPL11,763
MAPK9,ESR1,927
MAPK9,TRAF6,934
MAPK9,CDC42,976
RPS6,RPS6KB1,999
RPS6,FANCE,976
RPS6,NEDD8,705
RPS6,MDM2,791
RPS6,CDH1,839
RPS6,TP53,704
RPS6,RPS27A,999
RPS6,RPS3,999
RPS6,NPM1,728
RPS6,MED1,980
RPS6,HSP90AA1,790
RPS6,MTOR,961
RPS6,RPL5,999
RPS6,HSP90AB1,763
RPS6,PTEN,785
RPS6,GAPDH,858
RPS6,ACTB,764
RPS6,UBA52,999
RPS6,RPL11,999
RPS6,RPL23,999
RPS6,RPLP0,999
RPS6,AKT1,878
RPS6,CUL7,969
RPS6,UBC,700
H2AC8,SUPT16H,782
H2AC8,H4C6,999
H2AC8,H3-3B,986
H2AC8,DDB2,948
H2AC8,POU5F1,811
H2AC8,BARD1,981
H2AC8,KMT2C,917
H2AC8,EP300,983
H2AC8,KAT2B,828
H2AC8,RBBP5,943
H2AC8,TP53,860
H2AC8,CBX8,766
H2AC8,RPS27A,966
H2AC8,H2BC1,971
H2AC8,H2BC5,977
H2AC8,DDB1,945
H2AC8,H3C7,988
H2AC8,H4C1,991
H2AC8,H3C14,981
H2AC8,CENPA,993
H2AC8,H3C8,980
H2AC8,KMT5A,944
H2AC8,H4C13,992
H2AC8,SOX2,811
H2AC8,H3C11,975
H2AC8,H2BC9,949
H2AC8,H4C12,990
H2AC8,H3C15,965
H2AC8,H2AC17,978
H2AC8,H4C3,990
H2AC8,H3C4,995
H2AC8,H3-5,942
H2AC8,H4C15,990
H2AC8,H2BC14,903
H2AC8,H3C1,985
H2AC8,H4C4,993
H2AC8,H2AC16,923
H2AC8,H1-0,907
H2AC8,TERT,805
H2AC8,H3C2,980
H2AC8,UBC,967
H2AC8,H3C10,993
H2AC8,H2BC21,998
H2AC8,H4C14,994
H2AC8,H2AC11,954
H2AC8,BRCA1,925
H2AC8,UBA52,963
H2AC8,PRMT5,777
H2AC8,ATRX,775
H2AC8,RNF2,916
H2AC8,WDR5,913
H2AC8,RING1,826
H2AC8,H2AC13,969
H2AC8,H4-16,990
H2AC8,RNF168,834
H2AC8,H4C9,991
H2AC8,CHD4,933
H2AC8,H4C2,992
H2AC8,UBB,959
H2AC8,SUZ12,932
H2AC8,H4C11,992
H2AC8,HDAC1,786
H2AC8,H3C6,989
H2AC8,H4C8,996
H2AC8,H2BC12,992
H2AC8,H2AC4,967
H2AC8,H2BC15,841
H2AC8,H3C12,998
H2AC8,H2BC17,985
H2AC8,EZH2,956
H2AC8,POLR2H,925
H2AC8,H2BC4,934
H2AC8,H2AC15,931
H2AC8,NSD2,915
H2AC8,H4C5,996
H2AC8,H2AC6,967
NDUFV3,NDUFB4,999
NDUFV3,UQCRC1,938
NDUFV3,NDUFB7,999
NDUFV3,NDUFS7,999
NDUFV3,NDUFA10,999
NDUFV3,NDUFB5,999
NDUFV3,PALB2,926
NDUFV3,NDUFS3,999
NDUFV3,NDUFA9,999
NDUFV3,NDUFB10,999
NDUFV3,NDUFS6,999
NDUFV3,NDUFB11,999
NDUFV3,NDUFB9,999
NDUFV3,NDUFC2,998
NDUFV3,NDUFS4,999
NDUFV3,NDUFA7,999
NDUFV3,NDUFS8,999
NDUFV3,CYC1,878
NDUFV3,COX5A,926
NDUFV3,NDUFV2,999
NDUFV3,NDUFA12,999
NDUFV3,NDUFC2-KCTD14,881
NDUFV3,NDUFA6,999
NDUFV3,NDUFA5,999
NDUFV3,MT-ND5,998
NDUFV3,UQCRB,885
NDUFV3,UQCRQ,904
NDUFV3,NDUFA13,999
NDUFV3,MT-ND4,998
NDUFV3,MT-ND3,997
NDUFV3,NDUFC1,999
NDUFV3,NDUFS1,999
NDUFV3,NDUFB3,999
NDUFV3,NDUFB6,999
NDUFV3,NDUFB1,997
NDUFV3,NDUFS2,999
NDUFV3,NDUFS5,999
NDUFV3,ENSP00000497305,770
NDUFV3,NDUFA8,999
NDUFV3,NDUFA3,999
NDUFV3,MT-ND1,998
NDUFV3,NDUFV1,999
NDUFV3,MT-ND4L,987
NDUFV3,MT-ND2,998
NDUFV3,NDUFA1,999
ANAPC11,CBX7,720
ANAPC11,RBX1,915
ANAPC11,CCNB1,797
ANAPC11,PHC2,900
ANAPC11,BARD1,917
ANAPC11,ANAPC5,999
ANAPC11,UBE2S,999
ANAPC11,CBX8,900
ANAPC11,CBX4,900
ANAPC11,BUB1B,964
ANAPC11,BUB1,826
ANAPC11,CBX2,900
ANAPC11,ANAPC2,999
ANAPC11,CUL1,714
ANAPC11,ANAPC1,999
ANAPC11,BABAM2,900
ANAPC11,CDC16,999
ANAPC11,UBE2C,999
ANAPC11,RING1,908
ANAPC11,ANAPC4,999
ANAPC11,RNF2,914
ANAPC11,PHC3,900
ANAPC11,RAD51,739
ANAPC11,CDC20,999
ANAPC11,CUL7,969
ANAPC11,BRCA1,913
ANAPC11,PTTG1,920
ANAPC11,UBB,762
ANAPC11,PCGF6,900
ANAPC11,UBE2D1,992
ANAPC11,BRCC3,908
ANAPC11,PCGF2,900
ANAPC11,ANAPC13,993
ANAPC11,ANAPC15,991
ANAPC11,CDC26,996
ANAPC11,ANAPC7,985
ANAPC11,ANAPC10,999
ANAPC11,BRCA2,730
ANAPC11,PHC1,900
ANAPC11,BUB3,818
ANAPC11,CCNA2,760
ANAPC11,CDC23,999
ANAPC11,UBC,906
ANAPC11,CDC27,999
ANAPC11,ANAPC16,991
TERT,RPA1,833
TERT,CDK4,756
TERT,MDM2,797
TERT,CCNE1,766
TERT,EGF,709
TERT,TP53,902
TERT,ATM,825
TERT,WRN,732
TERT,H2AC11,805
TERT,RAD52,770
TERT,H2AC16,805
TERT,CTNNB1,995
TERT,H2AC17,805
TERT,SOX2,752
TERT,PTEN,822
TERT,AKT1,903
TERT,MTOR,738
TERT,BRAF,815
TERT,H2AC15,808
TERT,XRCC5,948
TERT,H2BC4,823
TERT,HSP90AB1,987
TERT,XRCC6,964
TERT,H2BC12,826
TERT,HIF1A,702
TERT,H2AC4,809
TERT,HSP90AA1,998
TERT,MYC,920
TERT,H2AC13,806
TERT,SMARCA4,990
TERT,ARID1A,781
TERT,ATRX,794
RPA2,ERCC1,817
RPA2,RFC2,888
RPA2,CDC6,703
RPA2,RPA3,999
RPA2,MSH2,726
RPA2,MSH6,806
RPA2,H4C6,808
RPA2,RPA1,999
RPA2,DDB2,726
RPA2,CDK4,700
RPA2,HUS1,794
RPA2,TOPBP1,815
RPA2,PALB2,821
RPA2,TIPIN,996
RPA2,MCM4,913
RPA2,LIG1,734
RPA2,MCM6,777
RPA2,MCM2,902
RPA2,MSH3,758
RPA2,CDK2,757
RPA2,FANCM,998
RPA2,TP53,774
RPA2,ATM,950
RPA2,XPC,900
RPA2,FANCD2,750
RPA2,WRN,998
RPA2,FEN1,787
RPA2,ERCC4,744
RPA2,RAD9A,846
RPA2,CLSPN,998
RPA2,PRKDC,970
RPA2,RMI1,999
RPA2,TOP3A,998
RPA2,ATRIP,979
RPA2,MRE11,708
RPA2,ATR,958
RPA2,BLM,998
RPA2,DNA2,880
RPA2,RAD52,999
RPA2,XRCC6,924
RPA2,EXO1,854
RPA2,PARP1,922
RPA2,CETN2,747
RPA2,XPA,995
RPA2,XRCC5,758
RPA2,POLA1,939
RPA2,CDC45,899
RPA2,PCNA,944
RPA2,BRCA2,861
RPA2,MCM3,958
RPA2,POLD1,971
RPA2,RAD17,839
RPA2,RFC3,772
RPA2,CHEK1,925
RPA2,BRCA1,881
RPA2,H2AX,799
RPA2,TP53BP1,894
RPA2,RFC5,801
RPA2,RBBP8,869
RPA2,RAD51,955
RPA2,RFC4,788
RPA2,TIMELESS,995
TAF9,KAT2A,999
TAF9,TBP,999
TAF9,H4C6,932
TAF9,CDK7,921
TAF9,GTF2H4,979
TAF9,MNAT1,912
TAF9,KAT2B,999
TAF9,RBBP5,918
TAF9,GTF2H1,938
TAF9,NCOR1,779
TAF9,TP53,983
TAF9,ERCC3,980
TAF9,MED1,829
TAF9,H4C11,807
TAF9,WDR5,937
TAF9,TRRAP,999
TAF9,RNF2,916
TAF9,H3C14,812
TAF9,GTF2B,998
TAF9,H4C2,807
TAF9,H4C3,807
TAF9,H4C15,807
TAF9,H4C4,807
TAF9,ERCC2,980
TAF9,H4C14,807
TAF9,TAF1,999
TAF9,H4C1,807
TAF9,H4C13,807
TAF9,H4C12,807
TAF9,H3C15,812
TAF9,H4C8,807
TAF9,TAF6,999
TAF9,POLR2H,912
TAF9,CCNH,927
TAF9,H4C5,807
TAF9,H4-16,807
TAF9,H4C9,807
TP53,CD4,703
TP53,CDC6,741
TP53,SIRT1,999
TP53,MAPK1,998
TP53,RBX1,776
TP53,SUPT16H,756
TP53,NFKBIA,915
TP53,AURKA,998
TP53,STUB1,968
TP53,AGO2,872
TP53,TGFB1,809
TP53,RPS6KB1,700
TP53,KAT2A,909
TP53,HDAC5,768
TP53,NFKB1,989
TP53,IL2,741
TP53,CCND1,946
TP53,CDKN1B,991
TP53,MAPK14,994
TP53,TBP,997
TP53,SKP1,812
TP53,NR3C1,936
TP53,MLH1,965
TP53,MSH2,974
TP53,MSH6,826
TP53,SNAI1,992
TP53,H4C6,947
TP53,NEDD8,808
TP53,PXDN,821
TP53,TRIM28,904
TP53,RPA1,999
TP53,H3-3B,865
TP53,KDM6B,786
TP53,CCNA1,974
TP53,KRAS,949
TP53,CCNB1,914
TP53,CDK7,888
TP53,DDB2,979
TP53,CDK4,966
TP53,MDM2,999
TP53,HUS1,712
TP53,POU5F1,824
TP53,TOPBP1,949
TP53,BARD1,982
TP53,PALB2,738
TP53,CDH1,853
TP53,MCM4,722
TP53,KMT2C,858
TP53,YY1,942
TP53,RCOR1,703
TP53,CREBBP,999
TP53,CCNE1,926
TP53,XRCC1,750
TP53,MAPK3,994
TP53,EP300,999
TP53,IL1B,718
TP53,BRD4,990
TP53,KAT2B,985
TP53,FGF2,754
TP53,RBBP5,748
TP53,STAT3,994
TP53,DNMT3A,835
TP53,PPARGC1A,887
TP53,EGF,780
TP53,NBN,763
TP53,CDK6,808
TP53,PMS2,936
TP53,GTF2H1,950
TP53,CDK2,987
TP53,NCOR1,853
TP53,ERCC3,908
TP53,IL6,777
TP53,PXDNL,821
TP53,PRKN,760
TP53,SQSTM1,901
TP53,H4C5,822
TP53,DNMT1,997
TP53,FBXW7,960
TP53,NSD2,769
TP53,RPL11,971
TP53,XPA,738
TP53,H3C12,971
TP53,EZH2,899
TP53,HSP90AB1,995
TP53,XRCC6,955
TP53,SMAD4,875
TP53,JUN,997
TP53,MRE11,905
TP53,CYCS,911
TP53,FOXM1,790
TP53,NFE2L2,780
TP53,VCP,709
TP53,AURKB,908
TP53,PRMT1,937
TP53,AKT3,953
TP53,KAT5,996
TP53,CCNH,833
TP53,HSPA4,997
TP53,GSK3B,992
TP53,H4C7,719
TP53,RUNX1,820
TP53,PGR,849
TP53,H2AC4,800
TP53,SUMO2,965
TP53,H2BC12,876
TP53,HIF1A,999
TP53,BRCA2,995
TP53,CDC25C,894
TP53,H3-2,863
TP53,TOP3A,736
TP53,BUB1B,745
TP53,GATA3,724
TP53,CEBPB,862
TP53,PCNA,913
TP53,MDC1,853
TP53,CUL1,709
TP53,SETD2,845
TP53,TRRAP,973
TP53,CASP8,991
TP53,SMAD3,963
TP53,TAF6,854
TP53,RAD50,709
TP53,FOXO1,886
TP53,PBK,873
TP53,CREB1,998
TP53,H3C6,859
TP53,H4C8,819
TP53,HDAC1,999
TP53,HSP90AA1,999
TP53,H4C11,819
TP53,CDC25A,861
TP53,RPL5,945
TP53,CEBPA,930
TP53,CASP3,956
TP53,GAPDH,886
TP53,CHD4,749
TP53,ATM,999
TP53,ACTB,879
TP53,BECN1,939
TP53,CHEK1,997
TP53,PTTG1,775
TP53,SUZ12,791
TP53,UBB,799
TP53,IGF1R,853
TP53,H4C2,821
TP53,PARP1,972
TP53,RUNX2,808
TP53,UBE2N,811
TP53,PRKDC,997
TP53,MYC,997
TP53,KDM4A,798
TP53,STAT5A,755
TP53,BIRC5,930
TP53,DDB1,711
TP53,RAD17,807
TP53,GRB2,766
TP53,INS,879
TP53,H4C9,822
TP53,CHEK2,999
TP53,BCL2,999
TP53,TOP2A,843
TP53,BCL2L1,999
TP53,SMARCA4,993
TP53,HDAC3,741
TP53,EXO1,708
TP53,H2AX,892
TP53,AR,905
TP53,UBE2I,994
TP53,H4-16,824
TP53,TNF,865
TP53,MED1,906
TP53,CDKN3,858
TP53,CHUK,914
TP53,CD44,876
TP53,RBBP4,713
TP53,PRMT5,924
TP53,IKBKB,933
TP53,SMARCD1,889
TP53,ESR1,992
TP53,BRCA1,999
TP53,RING1,819
TP53,BLM,932
TP53,MCL1,918
TP53,WDR5,768
TP53,DTL,727
TP53,ACTL6A,721
TP53,RNF2,834
TP53,JAK2,728
TP53,ARID1A,961
TP53,TRAF6,954
TP53,SIN3A,941
TP53,ATRX,981
TP53,BTRC,758
TP53,H3C10,860
TP53,UBC,921
TP53,KIT,816
TP53,RAD9A,813
TP53,H3C2,879
TP53,ATRIP,840
TP53,H4C14,880
TP53,ERCC2,804
TP53,NPM1,997
TP53,SUMO1,996
TP53,CDK9,889
TP53,YAP1,721
TP53,HDAC2,990
TP53,ERBB2,935
TP53,PPP2CA,833
TP53,CDC42,760
TP53,USP7,999
TP53,ABL1,909
TP53,MAPK8,997
TP53,H3C1,858
TP53,CTNNB1,927
TP53,CASP9,953
TP53,HSPA5,824
TP53,PPARG,949
TP53,H1-0,726
TP53,H4C4,821
TP53,ATR,996
TP53,H3C4,861
TP53,CCNA2,997
TP53,H4C3,824
TP53,TP53BP1,999
TP53,NOTCH1,789
TP53,SP1,994
TP53,PIK3R1,853
TP53,E2F1,986
TP53,H4C15,820
TP53,H3-5,864
TP53,TPX2,903
TP53,BUB3,718
TP53,H4C12,820
TP53,PTEN,999
TP53,FOS,952
TP53,SOX2,883
TP53,GTF2B,876
TP53,H3C11,857
TP53,H4C13,820
TP53,KDM1A,941
TP53,SMARCB1,976
TP53,SSRP1,766
TP53,WRN,963
TP53,NRAS,876
TP53,SKP2,716
TP53,H3C8,859
TP53,STAT5B,728
TP53,FOXO3,998
TP53,ALB,722
TP53,KMT5A,916
TP53,H4C1,820
TP53,TAF1,963
TP53,IRS1,702
TP53,CCNL2,870
TP53,RPLP0,755
TP53,CTCF,830
TP53,TYMS,774
TP53,HDAC8,756
TP53,CDK1,962
TP53,RPS3,857
TP53,H3C7,857
TP53,BRAF,887
TP53,CUL7,969
TP53,MTOR,874
TP53,IL10,756
TP53,EGFR,943
TP53,AKT1,994
TP53,PHC3,705
TP53,MMP9,838
TP53,RPS27A,971
TP53,RAD51,999
PARP1,ERCC1,869
PARP1,SIRT1,844
PARP1,NFKB1,828
PARP1,CCND1,724
PARP1,MSH2,713
PARP1,MSH6,798
PARP1,SNAI1,842
PARP1,H4C6,919
PARP1,PXDN,733
PARP1,RPA1,825
PARP1,H3-3B,838
PARP1,CCNB1,729
PARP1,CDK7,703
PARP1,DDB2,870
PARP1,CDK4,756
PARP1,BARD1,826
PARP1,PALB2,725
PARP1,YY1,756
PARP1,CREBBP,738
PARP1,XRCC1,999
PARP1,MAPK3,758
PARP1,EP300,881
PARP1,LIG1,703
PARP1,BRD4,766
PARP1,NBN,790
PARP1,CDK2,705
PARP1,ERBB2,741
PARP1,RPS27A,725
PARP1,EGFR,751
PARP1,SSRP1,750
PARP1,ATM,875
PARP1,XPC,928
PARP1,ERCC3,813
PARP1,NPM1,970
PARP1,WRN,915
PARP1,FEN1,941
PARP1,CYCS,892
PARP1,ERCC4,718
PARP1,CASP3,999
PARP1,PRKDC,993
PARP1,PGR,711
PARP1,MRE11,808
PARP1,CASP9,991
PARP1,SMAD3,869
PARP1,SMAD4,888
PARP1,SMARCA4,996
PARP1,H1-0,795
PARP1,E2F1,787
PARP1,UBE2I,820
PARP1,PXDNL,732
PARP1,CASP8,873
PARP1,RAD52,706
PARP1,H3C12,775
PARP1,XRCC6,998
PARP1,DNMT1,952
PARP1,EXO1,781
PARP1,CTCF,924
PARP1,ERCC5,768
PARP1,AKT1,825
PARP1,IKBKG,747
PARP1,RAD51,860
PARP1,TIMELESS,990
PARP1,PTEN,726
PARP1,RBBP8,820
PARP1,CTNNB1,749
PARP1,TP53BP1,879
PARP1,H2BC21,759
PARP1,ERCC2,846
PARP1,SUMO1,752
PARP1,ABL1,789
PARP1,HDAC2,882
PARP1,TNF,735
PARP1,CETN2,760
PARP1,BCL2L1,796
PARP1,H2AX,964
PARP1,MCL1,739
PARP1,RECQL4,787
PARP1,ESR1,746
PARP1,BRCA1,974
PARP1,CHEK1,858
PARP1,UHRF1,740
PARP1,CHD4,823
PARP1,GAPDH,793
PARP1,ACTB,794
PARP1,CHEK2,775
PARP1,BCL2,917
PARP1,TOP2A,742
PARP1,MYC,762
PARP1,PCNA,872
PARP1,MCM3,749
PARP1,HIF1A,707
PARP1,BRCA2,985
PARP1,SUMO2,819
PARP1,HDAC1,900
PARP1,FOXO1,766
PARP1,XPA,798
PARP1,XRCC5,996
PARP1,H4C7,738
PARP1,JUN,805
STAT5B,CD4,833
STAT5B,NFKB1,741
STAT5B,IL2,956
STAT5B,NR3C1,835
STAT5B,CREBBP,934
STAT5B,MAPK3,800
STAT5B,EP300,907
STAT5B,STAT3,998
STAT5B,EGFR,997
STAT5B,KIT,971
STAT5B,SMARCA4,783
STAT5B,BCL2L1,897
STAT5B,JAK2,999
STAT5B,GRB2,852
STAT5B,STAT5A,949
STAT5B,GATA3,763
STAT5B,PGR,879
STAT5B,CREB1,739
STAT5B,FOXO1,701
STAT5B,IL6,807
STAT5B,RUNX1,824
STAT5B,EZH2,901
STAT5B,AKT1,810
STAT5B,IL10,753
STAT5B,CTNNB1,717
STAT5B,NPM1,727
STAT5B,ABL1,983
SMARCA4,CBX5,923
SMARCA4,KAT2A,947
SMARCA4,CCND1,718
SMARCA4,NR3C1,924
SMARCA4,H4C6,990
SMARCA4,TRIM28,893
SMARCA4,H3-3B,983
SMARCA4,KDM6B,935
SMARCA4,DDB2,813
SMARCA4,CDK4,750
SMARCA4,POU5F1,818
SMARCA4,YY1,709
SMARCA4,RCOR1,786
SMARCA4,CREBBP,944
SMARCA4,EP300,969
SMARCA4,BRD4,957
SMARCA4,KAT2B,946
SMARCA4,DNMT3A,957
SMARCA4,NCOR1,820
SMARCA4,ATM,786
SMARCA4,PPARG,966
SMARCA4,RUNX1,761
SMARCA4,CEBPB,788
SMARCA4,PRMT5,977
SMARCA4,EZH2,909
SMARCA4,ARID1A,999
SMARCA4,H2BC4,869
SMARCA4,SOX2,823
SMARCA4,SP1,812
SMARCA4,H2AC20,820
SMARCA4,H3-5,936
SMARCA4,SMARCB1,999
SMARCA4,STAT5A,702
SMARCA4,FOXM1,750
SMARCA4,H3C6,949
SMARCA4,H4C8,929
SMARCA4,HDAC1,989
SMARCA4,H4C11,929
SMARCA4,CREB1,818
SMARCA4,HIF1A,715
SMARCA4,H3-2,913
SMARCA4,H4C7,765
SMARCA4,H2BC17,872
SMARCA4,H3C12,995
SMARCA4,H2AC6,848
SMARCA4,H4C5,929
SMARCA4,DNMT1,759
SMARCA4,FBXW7,808
SMARCA4,ACTL6A,999
SMARCA4,SIN3A,948
SMARCA4,WDR5,720
SMARCA4,SMARCD1,999
SMARCA4,FANCA,925
SMARCA4,ESR1,859
SMARCA4,BRCA1,983
SMARCA4,RBBP4,755
SMARCA4,H4-16,929
SMARCA4,H2AX,876
SMARCA4,AR,874
SMARCA4,H4C9,929
SMARCA4,MYC,974
SMARCA4,H4C2,930
SMARCA4,ACTB,999
SMARCA4,CHD4,966
SMARCA4,H4C15,929
SMARCA4,H4C3,930
SMARCA4,H3C4,931
SMARCA4,H4C4,929
SMARCA4,CTNNB1,998
SMARCA4,H3C1,970
SMARCA4,HDAC2,999
SMARCA4,H4C14,929
SMARCA4,H2BC21,961
SMARCA4,H3C2,944
SMARCA4,H3C10,932
SMARCA4,RAD51,765
SMARCA4,H3C7,931
SMARCA4,CTCF,738
SMARCA4,SMARCA2,999
SMARCA4,H4C1,929
SMARCA4,TAF1,736
SMARCA4,H3C8,933
SMARCA4,KDM1A,894
SMARCA4,H3C11,931
SMARCA4,H4C13,930
SMARCA4,H4C12,929
SMARCA4,PTEN,705
RUNX2,STUB1,841
RUNX2,TGFB1,703
RUNX2,HDAC5,706
RUNX2,CCND1,819
RUNX2,NR3C1,827
RUNX2,CREBBP,783
RUNX2,MAPK3,766
RUNX2,EP300,885
RUNX2,IL1B,760
RUNX2,FGF2,753
RUNX2,STAT3,762
RUNX2,PPARGC1A,826
RUNX2,PPARG,873
RUNX2,RUNX1,897
RUNX2,HDAC3,876
RUNX2,CEBPB,944
RUNX2,FOS,987
RUNX2,GSK3B,873
RUNX2,SMAD3,960
RUNX2,SMAD4,894
RUNX2,JUN,968
RUNX2,HDAC1,879
RUNX2,CEBPA,767
RUNX2,CREB1,792
RUNX2,HIF1A,844
RUNX2,IL6,738
RUNX2,ESR1,942
RUNX2,CD44,794
RUNX2,AR,881
RUNX2,GAPDH,775
RUNX2,CTNNB1,802
RUNX2,ABL1,823
RUNX2,YAP1,973
RUNX2,AKT1,785
RBBP7,CBX5,768
RBBP7,CBX7,935
RBBP7,HDAC5,789
RBBP7,ASF1A,935
RBBP7,H4C6,996
RBBP7,TRIM28,840
RBBP7,H3-3B,953
RBBP7,KDM6B,723
RBBP7,PHC2,918
RBBP7,YY1,743
RBBP7,RCOR1,818
RBBP7,CREBBP,812
RBBP7,ASF1B,864
RBBP7,RBBP5,806
RBBP7,NCOR1,921
RBBP7,CBX8,939
RBBP7,CBX4,931
RBBP7,NPM1,874
RBBP7,DDB1,952
RBBP7,HDAC3,918
RBBP7,CBX2,941
RBBP7,SUZ12,999
RBBP7,EZH2,999
RBBP7,H2AC20,848
RBBP7,CENPA,882
RBBP7,H3-5,894
RBBP7,H3C12,989
RBBP7,DNMT1,781
RBBP7,RNF2,954
RBBP7,BUB3,728
RBBP7,H2BC21,861
RBBP7,PCGF6,937
RBBP7,RBBP4,999
RBBP7,HDAC1,999
RBBP7,HDAC8,865
RBBP7,RING1,959
RBBP7,KDM1A,979
RBBP7,PHC3,910
RBBP7,HDAC2,999
RBBP7,H3C1,832
RBBP7,PHC1,937
RBBP7,CHD4,999
RBBP7,PCGF2,940
RBBP7,H2AX,712
RBBP7,BRCA1,930
RBBP7,SIN3A,999
RBBP7,H4C7,940
RBBP7,H3-2,894
RBBP7,H3C6,712
BCL2,CD4,837
BCL2,SIRT1,744
BCL2,MAPK1,969
BCL2,NFKBIA,730
BCL2,NFKB1,818
BCL2,IL2,758
BCL2,CCND1,958
BCL2,CDKN1B,702
BCL2,MAPK14,701
BCL2,NR3C1,767
BCL2,PXDN,844
BCL2,H3-3B,801
BCL2,KRAS,862
BCL2,CCNB1,768
BCL2,CDK4,815
BCL2,MDM2,953
BCL2,CDH1,736
BCL2,CREBBP,739
BCL2,MAPK3,985
BCL2,EP300,869
BCL2,IL1B,808
BCL2,BRD4,732
BCL2,STAT3,959
BCL2,PPARGC1A,744
BCL2,CDK6,712
BCL2,CDK2,812
BCL2,ERBB2,849
BCL2,EGFR,839
BCL2,ATM,712
BCL2,KIT,707
BCL2,ALB,748
BCL2,HSPA4,899
BCL2,IRS1,785
BCL2,FOS,784
BCL2,CYCS,997
BCL2,CASP3,987
BCL2,RAD9A,934
BCL2,HSPA5,738
BCL2,GSK3B,731
BCL2,CASP9,946
BCL2,HSP90AA1,929
BCL2,FOXO3,730
BCL2,STAT5A,772
BCL2,E2F1,778
BCL2,PXDNL,844
BCL2,CASP8,984
BCL2,H3C12,799
BCL2,MTOR,765
BCL2,BECN1,999
BCL2,PRKN,705
BCL2,MCL1,764
BCL2,NRAS,764
BCL2,CHUK,813
BCL2,JUN,927
BCL2,HSP90AB1,775
BCL2,PTEN,815
BCL2,MMP9,804
BCL2,BCL2L1,999
BCL2,FOXO1,700
BCL2,JAK2,720
BCL2,SQSTM1,812
BCL2,CDK1,920
BCL2,MAPK8,979
BCL2,GAPDH,876
BCL2,INS,721
BCL2,MYC,955
BCL2,IGF1R,781
BCL2,ACTB,885
BCL2,IKBKB,727
BCL2,BRCA1,800
BCL2,ESR1,897
BCL2,TNF,885
BCL2,AKT3,947
BCL2,IL6,868
BCL2,CREB1,925
BCL2,HIF1A,946
BCL2,IKBKG,805
BCL2,AKT1,993
BCL2,IL10,718
BCL2,BRAF,761
BCL2,PPP2CA,962
BCL2,CTNNB1,781
GTF2B,TBP,999
GTF2B,H4C6,879
GTF2B,CDK7,987
GTF2B,GTF2H4,998
GTF2B,MNAT1,981
GTF2B,YY1,751
GTF2B,CREBBP,769
GTF2B,EP300,966
GTF2B,GTF2H1,990
GTF2B,ERCC3,999
GTF2B,MED1,956
GTF2B,SP1,747
GTF2B,H4C11,840
GTF2B,H3C14,844
GTF2B,H4C8,841
GTF2B,CREB1,724
GTF2B,TAF6,996
GTF2B,H4C5,839
GTF2B,POLR2H,996
GTF2B,CCNH,967
GTF2B,H4-16,839
GTF2B,ESR1,907
GTF2B,H4C2,839
GTF2B,H4C9,839
GTF2B,H4C4,839
GTF2B,H4C15,839
GTF2B,H4C3,839
GTF2B,H4C14,839
GTF2B,ERCC2,998
GTF2B,CDK9,759
GTF2B,H4C1,839
GTF2B,TAF1,999
GTF2B,H4C13,839
GTF2B,H3C15,841
GTF2B,H4C12,839
H3-3B,CBX5,999
H3-3B,SIRT1,922
H3-3B,CBX7,974
H3-3B,SUPT16H,886
H3-3B,AGO2,704
H3-3B,KAT2A,987
H3-3B,HDAC5,743
H3-3B,CCND1,827
H3-3B,ASF1A,999
H3-3B,TBP,917
H3-3B,H4C6,999
H3-3B,PXDN,719
H3-3B,KMT2C,919
H3-3B,H2BC15,919
H3-3B,GATA3,727
H3-3B,H2AC4,927
H3-3B,H3-2,882
H3-3B,H2BC12,989
H3-3B,HDAC1,986
H3-3B,HSP90AA1,750
H3-3B,H4C11,936
H3-3B,H4C8,936
H3-3B,CBX2,958
H3-3B,H3C6,857
H3-3B,CEBPA,737
H3-3B,SETD2,985
H3-3B,RBBP5,932
H3-3B,CREB1,756
H3-3B,DNMT1,987
H3-3B,NSD2,823
H3-3B,H4C5,938
H3-3B,H2AC15,927
H3-3B,BRD4,995
H3-3B,IL6,746
H3-3B,H2BC4,983
H3-3B,PXDNL,717
H3-3B,MCM2,976
H3-3B,HSPA4,706
H3-3B,PRMT1,869
H3-3B,KAT5,915
H3-3B,RUNX1,737
H3-3B,H4C7,999
H3-3B,JUN,873
H3-3B,H3C12,916
H3-3B,H2BC17,985
H3-3B,EZH2,990
H3-3B,EP300,962
H3-3B,HSP90AB1,742
H3-3B,AURKB,902
H3-3B,PAXIP1,849
H3-3B,H4-16,939
H3-3B,TNF,710
H3-3B,CHUK,853
H3-3B,KAT2B,998
H3-3B,H2AC13,941
H3-3B,HDAC3,890
H3-3B,H2AX,959
H3-3B,AR,839
H3-3B,WDR5,999
H3-3B,BUB1,707
H3-3B,RING1,870
H3-3B,ASF1B,998
H3-3B,ATRX,999
H3-3B,SIN3A,790
H3-3B,ACTL6A,911
H3-3B,RNF2,865
H3-3B,ARID1A,884
H3-3B,RBBP4,981
H3-3B,PRMT5,708
H3-3B,CCNB1,811
H3-3B,ESR1,816
H3-3B,BRCA1,735
H3-3B,SMARCD1,880
H3-3B,H4C2,936
H3-3B,SUZ12,962
H3-3B,CHD4,994
H3-3B,UHRF1,995
H3-3B,H2AC20,999
H3-3B,GAPDH,817
H3-3B,CASP3,730
H3-3B,ATM,767
H3-3B,ACTB,962
H3-3B,PCGF2,824
H3-3B,H2BC5,914
H3-3B,BIRC5,793
H3-3B,H4C9,937
H3-3B,MYC,938
H3-3B,KDM4A,998
H3-3B,H4C4,938
H3-3B,H2AC16,927
H3-3B,H1-0,790
H3-3B,CTNNB1,837
H3-3B,H3C1,886
H3-3B,H2BC14,926
H3-3B,NCOR1,852
H3-3B,CREBBP,985
H3-3B,PHC1,782
H3-3B,E2F1,706
H3-3B,H4C15,936
H3-3B,H3-5,810
H3-3B,CBX4,872
H3-3B,DNMT3A,999
H3-3B,H3C4,855
H3-3B,H4C3,938
H3-3B,TP53BP1,964
H3-3B,KDM6B,963
H3-3B,H2AC11,930
H3-3B,H2BC21,999
H3-3B,H4C14,938
H3-3B,RAD9A,876
H3-3B,H3C10,855
H3-3B,H3C2,856
H3-3B,CDCA8,829
H3-3B,CBX8,866
H3-3B,HDAC2,936
H3-3B,CTCF,850
H3-3B,CENPA,971
H3-3B,HDAC8,798
H3-3B,H3C14,939
H3-3B,H4C1,937
H3-3B,SMARCA2,824
H3-3B,CCNL2,711
H3-3B,AKT1,790
H3-3B,EGFR,766
H3-3B,RAD51,760
H3-3B,H2BC1,916
H3-3B,PHC3,892
H3-3B,H3C7,855
H3-3B,CDK1,806
H3-3B,SSRP1,861
H3-3B,KDM1A,959
H3-3B,H2AC17,941
H3-3B,H4C12,937
H3-3B,H2BC9,919
H3-3B,FOS,813
H3-3B,RCOR1,880
H3-3B,H3C15,871
H3-3B,H4C13,969
H3-3B,H3C11,856
H3-3B,KMT5A,745
H3-3B,YY1,878
H3-3B,H3C8,855
ERCC1,TOPBP1,737
ERCC1,UBE2T,702
ERCC1,ERCC2,996
ERCC1,RAD52,974
ERCC1,ERCC8,977
ERCC1,RPA1,898
ERCC1,ATR,739
ERCC1,FANCE,710
ERCC1,TP53BP1,835
ERCC1,KDM1A,907
ERCC1,WRN,855
ERCC1,RCOR1,901
ERCC1,RBBP8,722
ERCC1,GTF2H1,894
ERCC1,FANCM,933
ERCC1,XRCC4,962
ERCC1,TYMS,720
ERCC1,LIG1,891
ERCC1,ERCC5,997
ERCC1,NBN,700
ERCC1,XPC,994
ERCC1,RAD51,908
ERCC1,LIG4,966
ERCC1,DNA2,752
ERCC1,MSH2,992
ERCC1,ERCC4,999
ERCC1,XPA,999
ERCC1,XRCC5,982
ERCC1,CDK7,789
ERCC1,DDB2,859
ERCC1,ERCC3,994
ERCC1,XRCC1,967
ERCC1,XRCC6,972
ERCC1,MSH3,950
ERCC1,MLH1,873
ERCC1,MRE11,752
ERCC1,MSH6,974
ERCC1,FEN1,946
ERCC1,PALB2,757
ERCC1,POLD1,953
ERCC1,FANCI,907
ERCC1,BRCA2,877
ERCC1,RAD23B,998
ERCC1,PMS2,838
ERCC1,RPA3,783
ERCC1,REV3L,712
ERCC1,MUS81,998
ERCC1,BRIP1,716
ERCC1,ATM,975
ERCC1,RAD17,731
ERCC1,DDB1,893
ERCC1,CHEK2,739
ERCC1,PRKDC,958
ERCC1,XRCC3,860
ERCC1,CETN2,971
ERCC1,FANCD2,951
ERCC1,EXO1,848
ERCC1,BLM,701
ERCC1,GTF2H4,728
ERCC1,BRCA1,930
ERCC1,FANCA,842
ERCC1,SLX4,999
NDUFB10,NDUFB4,999
NDUFB10,UQCRC1,986
NDUFB10,NDUFB7,999
NDUFB10,NDUFS7,999
NDUFB10,NDUFA10,999
NDUFB10,NDUFB5,999
NDUFB10,PALB2,968
NDUFB10,NDUFS3,999
NDUFB10,NDUFA9,999
NDUFB10,NDUFS2,999
NDUFB10,NDUFS5,999
NDUFB10,NDUFA8,999
NDUFB10,ENSP00000497305,904
NDUFB10,NDUFS8,999
NDUFB10,NDUFB6,999
NDUFB10,NDUFB1,999
NDUFB10,NDUFA7,999
NDUFB10,DNA2,797
NDUFB10,NDUFS4,999
NDUFB10,CYC1,995
NDUFB10,NDUFA1,999
NDUFB10,NDUFB9,999
NDUFB10,NDUFA3,999
NDUFB10,MT-ND1,999
NDUFB10,NDUFV1,999
NDUFB10,MT-ND4L,998
NDUFB10,MT-ND2,999
NDUFB10,NDUFA12,999
NDUFB10,ATP5F1C,750
NDUFB10,UQCRB,994
NDUFB10,NDUFC2-KCTD14,967
NDUFB10,NDUFB11,999
NDUFB10,NDUFS6,999
NDUFB10,NDUFA6,999
NDUFB10,NDUFA5,999
NDUFB10,MT-ND5,999
NDUFB10,NDUFC1,997
NDUFB10,NDUFV2,999
NDUFB10,NDUFS1,999
NDUFB10,COX5A,993
NDUFB10,NDUFB3,999
NDUFB10,UQCRQ,974
NDUFB10,NDUFC2,999
NDUFB10,NDUFA13,999
NDUFB10,MT-ND4,999
NDUFB10,MT-ND3,999
H4C12,SUPT16H,953
H4C12,ASF1A,947
H4C12,TBP,841
H4C12,H4C6,969
H4C12,CDK7,800
H4C12,DDB2,827
H4C12,GTF2H4,840
H4C12,POU5F1,807
H4C12,BARD1,907
H4C12,MNAT1,834
H4C12,KMT2C,855
H4C12,CREBBP,903
H4C12,EP300,903
H4C12,ASF1B,946
H4C12,RBBP5,940
H4C12,MCM2,928
H4C12,GTF2H1,838
H4C12,RPS27A,888
H4C12,H2BC1,940
H4C12,SSRP1,950
H4C12,ERCC3,834
H4C12,H2BC5,921
H4C12,MED1,804
H4C12,DDB1,820
H4C12,SUZ12,806
H4C12,PRMT5,919
H4C12,EZH2,834
H4C12,ARID1A,803
H4C12,H2BC4,959
H4C12,SOX2,804
H4C12,H2AC20,969
H4C12,CENPA,967
H4C12,H3-5,935
H4C12,SMARCB1,853
H4C12,H1-0,900
H4C12,H4C11,952
H4C12,H2BC12,969
H4C12,WDR5,831
H4C12,H2AC13,962
H4C12,H2AC11,962
H4C12,H3C12,975
H4C12,H2AC17,958
H4C12,H2BC21,971
H4C12,H3C14,961
H4C12,H3C10,983
H4C12,KDM4A,912
H4C12,H4C2,968
H4C12,H3C4,983
H4C12,H2AC6,968
H4C12,H4C3,952
H4C12,TP53BP1,916
H4C12,NSD2,839
H4C12,ERCC2,836
H4C12,SMARCD1,846
H4C12,KMT5A,915
H4C12,H3C15,961
H4C12,SETD2,873
H4C12,UBA52,864
H4C12,ACTL6A,861
H4C12,TAF6,805
H4C12,TAF1,826
H4C12,POLR2H,875
H4C12,H2AX,951
H4C12,CHD4,944
H4C12,UBC,864
H4C12,H4-16,952
H4C12,H4C15,952
H4C12,H4C14,952
H4C12,H2BC17,944
H4C12,H2BC14,945
H4C12,UBB,864
H4C12,H4C1,952
H4C12,H2BC9,906
H4C12,H4C4,953
H4C12,H3C7,983
H4C12,H4C13,953
H4C12,H3C11,983
H4C12,H3C8,984
H4C12,H3C1,984
H4C12,H2AC16,960
H4C12,H3C2,984
H4C12,ACTB,898
H4C12,H4C9,952
H4C12,H2AC4,990
H4C12,H2BC15,876
H4C12,H3C6,979
H4C12,H4C8,952
H4C12,H4C5,952
H4C12,H2AC15,958
H4C12,CCNH,805
TP53BP1,H4C6,999
TP53BP1,TRIM28,791
TP53BP1,RPA1,873
TP53BP1,CCNA1,753
TP53BP1,CCNB1,759
TP53BP1,HUS1,856
TP53BP1,TOPBP1,999
TP53BP1,BARD1,868
TP53BP1,PALB2,768
TP53BP1,TIPIN,705
TP53BP1,XRCC1,907
TP53BP1,BRD4,701
TP53BP1,NBN,923
TP53BP1,CDK2,804
TP53BP1,RPS27A,962
TP53BP1,ATM,999
TP53BP1,XPC,716
TP53BP1,ERCC3,753
TP53BP1,FANCD2,806
TP53BP1,SLX4,707
TP53BP1,WRN,849
TP53BP1,FEN1,729
TP53BP1,MUS81,842
TP53BP1,ERCC4,816
TP53BP1,RAD9A,905
TP53BP1,PRKDC,895
TP53BP1,UBE2N,894
TP53BP1,RNF168,997
TP53BP1,H2BC4,977
TP53BP1,ATRIP,791
TP53BP1,MRE11,938
TP53BP1,H2AC20,993
TP53BP1,H3-5,962
TP53BP1,KAT5,800
TP53BP1,ATR,975
TP53BP1,H4C11,915
TP53BP1,BLM,978
TP53BP1,UBE2I,902
TP53BP1,H2BC12,965
TP53BP1,DNA2,871
TP53BP1,RAD52,967
TP53BP1,H2AC13,751
TP53BP1,REV3L,743
TP53BP1,VCP,763
TP53BP1,H3C12,997
TP53BP1,XRCC6,984
TP53BP1,EXO1,904
TP53BP1,H2BC21,780
TP53BP1,H3C14,815
TP53BP1,H3C10,907
TP53BP1,KDM4A,783
TP53BP1,ATRX,742
TP53BP1,RNF8,996
TP53BP1,XPA,714
TP53BP1,MDC1,999
TP53BP1,H4C2,916
TP53BP1,H3C4,907
TP53BP1,H4C3,915
TP53BP1,RAD50,858
TP53BP1,BRCA2,922
TP53BP1,UBB,949
TP53BP1,CHEK1,992
TP53BP1,H4C9,917
TP53BP1,CHEK2,996
TP53BP1,RAD17,926
TP53BP1,MYC,752
TP53BP1,PAXIP1,999
TP53BP1,H4-16,916
TP53BP1,H2AX,999
TP53BP1,BRCA1,999
TP53BP1,UBA52,947
TP53BP1,RECQL4,929
TP53BP1,XRCC5,909
TP53BP1,NSD2,761
TP53BP1,H4C5,918
TP53BP1,H4C7,981
TP53BP1,H3-2,962
TP53BP1,SUMO2,939
TP53BP1,POLD1,834
TP53BP1,H3C6,914
TP53BP1,H4C8,916
TP53BP1,KDM1A,822
TP53BP1,H4C13,915
TP53BP1,RBBP8,916
TP53BP1,H3C11,907
TP53BP1,H3C15,815
TP53BP1,H3C8,907
TP53BP1,XRCC4,885
TP53BP1,ERCC5,705
TP53BP1,H4C1,916
TP53BP1,RAD51,940
TP53BP1,LIG4,934
TP53BP1,H3C7,907
TP53BP1,TIMELESS,884
TP53BP1,CDK1,827
TP53BP1,SUMO1,905
TP53BP1,H4C14,954
TP53BP1,H3C2,907
TP53BP1,UBC,964
TP53BP1,H4C4,917
TP53BP1,H3C1,950
TP53BP1,H4C15,915
TP53BP1,CCNA2,756
ANAPC2,CBX7,732
ANAPC2,CCNB1,935
ANAPC2,PHC2,903
ANAPC2,BARD1,916
ANAPC2,ANAPC5,999
ANAPC2,UBE2S,996
ANAPC2,CDK2,745
ANAPC2,CBX8,906
ANAPC2,CBX4,906
ANAPC2,RPS27A,954
ANAPC2,BUB1B,999
ANAPC2,CCNB2,925
ANAPC2,MAD2L1,969
ANAPC2,BUB1,817
ANAPC2,CBX2,900
ANAPC2,ANAPC13,998
ANAPC2,PCGF2,906
ANAPC2,BRCC3,902
ANAPC2,UBB,948
ANAPC2,CDC16,999
ANAPC2,PTTG1,851
ANAPC2,BRCA1,912
ANAPC2,UBA52,949
ANAPC2,CDC20,999
ANAPC2,BABAM2,900
ANAPC2,RNF2,904
ANAPC2,ANAPC4,999
ANAPC2,RING1,913
ANAPC2,ANAPC16,998
ANAPC2,CDC23,999
ANAPC2,BRCA2,760
ANAPC2,CDC26,999
ANAPC2,ANAPC15,998
ANAPC2,UBE2D1,839
ANAPC2,PCGF6,904
ANAPC2,CUL7,918
ANAPC2,CDK1,737
ANAPC2,RAD51,734
ANAPC2,PHC3,900
ANAPC2,UBE2C,998
ANAPC2,CDC27,999
ANAPC2,UBC,961
ANAPC2,CCNA2,914
ANAPC2,BUB3,745
ANAPC2,PHC1,900
ANAPC2,ANAPC1,999
ANAPC2,ANAPC10,999
ANAPC2,ANAPC7,999
MAPK3,CD4,710
MAPK3,MAPK1,994
MAPK3,NFKBIA,732
MAPK3,TGFB1,721
MAPK3,RPS6KB1,935
MAPK3,NFKB1,881
MAPK3,CCND1,744
MAPK3,MAPK14,989
MAPK3,PXDN,848
MAPK3,KRAS,982
MAPK3,CDH1,770
MAPK3,CREBBP,701
MAPK3,CDC42,762
MAPK3,PPP2CA,971
MAPK3,FGF2,888
MAPK3,FOS,994
MAPK3,FOXO3,961
MAPK3,NRAS,970
MAPK3,IRS1,833
MAPK3,MMP9,741
MAPK3,AKT1,957
MAPK3,BRAF,960
MAPK3,CYCS,788
MAPK3,STAT3,870
MAPK3,HSP90AB1,818
MAPK3,HIF1A,969
MAPK3,HSP90AA1,823
MAPK3,SMAD3,964
MAPK3,FOXO1,959
MAPK3,ACTB,844
MAPK3,CASP3,985
MAPK3,INS,813
MAPK3,STAT5A,777
MAPK3,IL1B,860
MAPK3,TNF,922
MAPK3,BCL2L1,701
MAPK3,CTNNB1,873
MAPK3,CASP9,883
MAPK3,SP1,972
MAPK3,NOTCH1,714
MAPK3,PTEN,756
MAPK3,MTOR,762
MAPK3,PXDNL,847
MAPK3,EGF,841
MAPK3,IL6,905
MAPK3,AKT3,928
MAPK3,SMAD4,744
MAPK3,JUN,987
MAPK3,CEBPB,947
MAPK3,CREB1,987
MAPK3,CASP8,709
MAPK3,GAPDH,832
MAPK3,GRB2,868
MAPK3,MYC,986
MAPK3,CD44,751
MAPK3,JAK2,783
MAPK3,ESR1,981
H4C1,SUPT16H,948
H4C1,ASF1A,941
H4C1,TBP,841
H4C1,H4C6,971
H4C1,CDK7,800
H4C1,DDB2,832
H4C1,GTF2H4,840
H4C1,POU5F1,807
H4C1,BARD1,907
H4C1,MNAT1,834
H4C1,KMT2C,855
H4C1,CREBBP,903
H4C1,EP300,905
H4C1,ASF1B,945
H4C1,RBBP5,940
H4C1,MCM2,909
H4C1,GTF2H1,838
H4C1,RPS27A,888
H4C1,H2BC1,942
H4C1,SSRP1,939
H4C1,ERCC3,834
H4C1,H2BC5,916
H4C1,MED1,804
H4C1,DDB1,820
H4C1,SUZ12,806
H4C1,PRMT5,920
H4C1,EZH2,837
H4C1,ARID1A,800
H4C1,H2BC4,962
H4C1,SOX2,801
H4C1,H2AC20,974
H4C1,CENPA,967
H4C1,H3-5,935
H4C1,SMARCB1,853
H4C1,H1-0,901
H4C1,H4C11,957
H4C1,H2BC12,970
H4C1,WDR5,831
H4C1,H2AC13,967
H4C1,H2AC11,961
H4C1,H3C12,977
H4C1,H2AC17,961
H4C1,H2BC21,972
H4C1,H3C14,966
H4C1,H3C10,984
H4C1,KDM4A,912
H4C1,H4C2,978
H4C1,H3C4,984
H4C1,H2AC6,969
H4C1,H4C3,956
H4C1,NSD2,839
H4C1,ERCC2,836
H4C1,SMARCD1,846
H4C1,KMT5A,915
H4C1,H3C15,968
H4C1,SETD2,873
H4C1,UBA52,864
H4C1,ACTL6A,863
H4C1,TAF6,805
H4C1,TAF1,826
H4C1,POLR2H,875
H4C1,H2AX,950
H4C1,CHD4,927
H4C1,UBC,864
H4C1,H4-16,954
H4C1,H4C15,952
H4C1,H4C14,956
H4C1,H2BC17,952
H4C1,H2BC14,952
H4C1,UBB,864
H4C1,H3C2,987
H4C1,H2AC16,966
H4C1,H4C4,962
H4C1,H3C1,987
H4C1,H3C8,985
H4C1,H3C11,985
H4C1,H4C13,957
H4C1,H2BC9,893
H4C1,H3C7,987
H4C1,CCNH,805
H4C1,H2AC15,961
H4C1,H4C5,957
H4C1,H3C6,985
H4C1,H4C8,955
H4C1,H2BC15,884
H4C1,H2AC4,993
H4C1,H4C9,953
H4C1,ACTB,899
NDUFB1,NDUFB4,999
NDUFB1,UQCRC1,893
NDUFB1,NDUFB7,998
NDUFB1,NDUFS7,996
NDUFB1,NDUFA10,995
NDUFB1,NDUFB5,999
NDUFB1,PALB2,876
NDUFB1,NDUFS3,998
NDUFB1,NDUFA9,999
NDUFB1,NDUFS6,998
NDUFB1,NDUFB11,999
NDUFB1,NDUFB9,998
NDUFB1,NDUFC2,999
NDUFB1,NDUFS4,996
NDUFB1,NDUFA7,998
NDUFB1,NDUFS8,995
NDUFB1,CYC1,903
NDUFB1,COX5A,916
NDUFB1,NDUFV2,998
NDUFB1,NDUFA12,997
NDUFB1,MT-ND1,988
NDUFB1,MT-ND4L,960
NDUFB1,MT-ND5,992
NDUFB1,MT-ND4,999
NDUFB1,MT-ND2,997
NDUFB1,MT-ND3,991
NDUFB1,NDUFS2,996
NDUFB1,NDUFA1,999
NDUFB1,NDUFS5,998
NDUFB1,NDUFA8,999
NDUFB1,UQCRQ,940
NDUFB1,NDUFB6,999
NDUFB1,NDUFS1,996
NDUFB1,NDUFB3,999
NDUFB1,NDUFA5,998
NDUFB1,NDUFA3,996
NDUFB1,NDUFA13,998
NDUFB1,UQCRB,960
NDUFB1,NDUFC1,995
NDUFB1,NDUFC2-KCTD14,799
NDUFB1,NDUFA6,999
NDUFB1,NDUFV1,995
RPA1,RFC2,896
RPA1,CDC6,723
RPA1,POLE2,737
RPA1,RPA3,999
RPA1,MSH2,855
RPA1,MSH6,910
RPA1,H4C6,812
RPA1,POLD1,989
RPA1,MCM3,938
RPA1,SUMO2,801
RPA1,BRCA2,807
RPA1,TOP3A,998
RPA1,FEN1,845
RPA1,PCNA,982
RPA1,MDC1,812
RPA1,RAD50,779
RPA1,CDC45,842
RPA1,RAD23B,798
RPA1,ERCC3,723
RPA1,DDB2,826
RPA1,ERCC4,917
RPA1,POLA1,979
RPA1,CLSPN,998
RPA1,XRCC5,722
RPA1,XPA,984
RPA1,XRCC6,934
RPA1,MSH3,895
RPA1,MRE11,953
RPA1,MCM6,946
RPA1,MCM2,958
RPA1,TIPIN,997
RPA1,XRCC1,759
RPA1,BARD1,750
RPA1,EXO1,922
RPA1,H2AX,714
RPA1,FANCD2,842
RPA1,RECQL4,916
RPA1,SLX4,711
RPA1,FANCA,997
RPA1,BRCA1,960
RPA1,BLM,999
RPA1,RAD51C,819
RPA1,ATM,928
RPA1,RMI1,999
RPA1,CHEK1,857
RPA1,BRIP1,938
RPA1,REV3L,706
RPA1,CDK4,726
RPA1,PRKDC,840
RPA1,XRCC3,786
RPA1,RFC3,749
RPA1,HUS1,864
RPA1,DDB1,739
RPA1,RAD17,950
RPA1,ATR,983
RPA1,CCNA2,717
RPA1,RAD52,999
RPA1,RAD9A,985
RPA1,ATRIP,999
RPA1,TOPBP1,889
RPA1,RAD51B,843
RPA1,NBN,750
RPA1,MCM10,728
RPA1,LIG1,804
RPA1,MCM4,912
RPA1,CCNA1,703
RPA1,ERCC5,712
RPA1,TIMELESS,997
RPA1,CDK1,763
RPA1,DNA2,997
RPA1,RFC4,852
RPA1,XPC,819
RPA1,CDK2,825
RPA1,RAD51,996
RPA1,POLE,826
RPA1,RBBP8,881
RPA1,WRN,999
RPA1,RFC5,899
RPA1,FANCM,999
RPA1,GTF2H1,760
UQCRB,NDUFB4,995
UQCRB,UQCRC1,999
UQCRB,NDUFB7,994
UQCRB,NDUFS7,978
UQCRB,NDUFA10,956
UQCRB,NDUFB5,985
UQCRB,PALB2,824
UQCRB,NDUFS3,997
UQCRB,NDUFA9,989
UQCRB,NDUFS6,996
UQCRB,NDUFB11,953
UQCRB,NDUFB9,998
UQCRB,NDUFC2,971
UQCRB,NDUFS4,999
UQCRB,NDUFA7,957
UQCRB,CYCS,990
UQCRB,NDUFS8,998
UQCRB,CYC1,999
UQCRB,COX5A,999
UQCRB,NDUFV2,999
UQCRB,NDUFA12,999
UQCRB,ATP5F1C,963
UQCRB,MT-ND1,962
UQCRB,MT-ND4L,959
UQCRB,MT-ND5,947
UQCRB,MT-ND4,975
UQCRB,MT-ND2,936
UQCRB,MT-ND3,968
UQCRB,NDUFS2,997
UQCRB,NDUFA1,948
UQCRB,NDUFS5,964
UQCRB,NDUFA8,999
UQCRB,UQCRQ,999
UQCRB,NDUFB6,988
UQCRB,NDUFS1,998
UQCRB,NDUFB3,981
UQCRB,NDUFA5,999
UQCRB,NDUFA3,906
UQCRB,NDUFA13,989
UQCRB,NDUFC1,896
UQCRB,NDUFA6,999
UQCRB,NDUFV1,999
UQCRB,ENSP00000497305,889
RUNX1,STUB1,717
RUNX1,IL2,848
RUNX1,CCND1,733
RUNX1,H4C6,716
RUNX1,KMT2C,750
RUNX1,CREBBP,977
RUNX1,EP300,989
RUNX1,STAT3,726
RUNX1,DNMT3A,777
RUNX1,CDK6,929
RUNX1,NCOR1,849
RUNX1,KIT,773
RUNX1,NPM1,854
RUNX1,FOXO3,908
RUNX1,NRAS,743
RUNX1,SMARCB1,829
RUNX1,FOS,737
RUNX1,ABL1,871
RUNX1,HDAC2,984
RUNX1,YAP1,936
RUNX1,STAT5A,829
RUNX1,SIN3A,952
RUNX1,ESR1,837
RUNX1,PRMT1,960
RUNX1,EZH2,703
RUNX1,H3C12,737
RUNX1,JUN,843
RUNX1,DNMT1,743
RUNX1,CEBPA,994
RUNX1,HDAC1,998
RUNX1,SMAD3,878
RUNX1,GATA3,989
RUNX1,CEBPB,972
RUNX1,HIF1A,945
H3C10,CBX5,941
H3C10,CBX7,916
H3C10,SUPT16H,951
H3C10,ASF1A,966
H3C10,H4C6,977
H3C10,DDB2,907
H3C10,POU5F1,808
H3C10,BARD1,914
H3C10,CREBBP,907
H3C10,EP300,814
H3C10,ASF1B,703
H3C10,KAT2B,961
H3C10,DNMT3A,909
H3C10,MCM2,955
H3C10,RPS27A,940
H3C10,H2BC1,861
H3C10,SSRP1,944
H3C10,H2BC5,740
H3C10,DDB1,824
H3C10,CBX2,913
H3C10,H2BC4,958
H3C10,SOX2,806
H3C10,H2AC20,941
H3C10,CENPA,817
H3C10,H3-5,855
H3C10,SMARCB1,859
H3C10,H1-0,868
H3C10,H4C11,985
H3C10,H2BC12,971
H3C10,WDR5,922
H3C10,H2AC13,761
H3C10,H2AC11,890
H3C10,H3C12,942
H3C10,DNMT1,917
H3C10,H2AC17,878
H3C10,H2BC21,962
H3C10,H3C14,962
H3C10,H4C3,983
H3C10,H3C4,950
H3C10,H4C15,983
H3C10,H3C1,913
H3C10,H4C4,986
H3C10,H3C2,949
H3C10,UBC,935
H3C10,H4C14,994
H3C10,H3C7,961
H3C10,H3C8,924
H3C10,KMT5A,917
H3C10,H4C13,983
H3C10,H3C11,907
H3C10,H2BC9,811
H3C10,H3C15,962
H3C10,SETD2,947
H3C10,H4C8,995
H3C10,H3C6,903
H3C10,H3-2,932
H3C10,H2AC4,979
H3C10,H2BC17,777
H3C10,H4C5,988
H3C10,H2AC6,985
H3C10,UBA52,939
H3C10,SMARCD1,841
H3C10,ATRX,921
H3C10,ACTL6A,867
H3C10,H2AX,932
H3C10,H4-16,983
H3C10,KDM4A,911
H3C10,H4C9,984
H3C10,ACTB,906
H3C10,CHD4,915
H3C10,UHRF1,909
H3C10,H4C2,985
H3C10,UBB,939
HUS1,RFC2,992
HUS1,RPA3,751
HUS1,RAD51,856
HUS1,RFC4,987
HUS1,DNA2,788
HUS1,LIG1,760
HUS1,NBN,843
HUS1,RFC5,983
HUS1,WRN,873
HUS1,RBBP8,816
HUS1,ATR,992
HUS1,TOPBP1,996
HUS1,ATRIP,974
HUS1,RAD9A,999
HUS1,RAD52,764
HUS1,RAD51C,710
HUS1,BLM,783
HUS1,BRCA1,870
HUS1,EXO1,832
HUS1,CHEK2,758
HUS1,RAD17,999
HUS1,RFC3,972
HUS1,PRKDC,701
HUS1,BRIP1,710
HUS1,CHEK1,960
HUS1,ATM,928
HUS1,CDC45,760
HUS1,MDC1,801
HUS1,FEN1,934
HUS1,BRCA2,755
HUS1,TIPIN,796
HUS1,MRE11,817
HUS1,XRCC5,812
HUS1,CLSPN,960
HUS1,ERCC4,837
CASP3,CD4,772
CASP3,SIRT1,725
CASP3,MAPK1,961
CASP3,NFKBIA,740
CASP3,TGFB1,706
CASP3,RPS6KB1,737
CASP3,NFKB1,821
CASP3,CCND1,847
CASP3,CDKN1B,721
CASP3,MAPK14,817
CASP3,SNAI1,734
CASP3,PXDN,918
CASP3,CCNB1,798
CASP3,CDK4,750
CASP3,MDM2,966
CASP3,CDH1,956
CASP3,IL1B,899
CASP3,STAT3,804
CASP3,EGF,801
CASP3,CDK2,829
CASP3,SKP2,735
CASP3,EGFR,747
CASP3,ATM,702
CASP3,ALB,815
CASP3,BIRC5,916
CASP3,HSPA4,906
CASP3,FOS,749
CASP3,CYCS,997
CASP3,H3-2,753
CASP3,HIF1A,766
CASP3,HDAC1,738
CASP3,HSP90AA1,878
CASP3,CASP8,999
CASP3,IL6,881
CASP3,PXDNL,918
CASP3,AKT3,765
CASP3,GSK3B,747
CASP3,HSP90AB1,858
CASP3,H3C12,731
CASP3,JUN,809
CASP3,NFE2L2,717
CASP3,TNF,939
CASP3,BCL2L1,950
CASP3,MCL1,911
CASP3,CHEK1,764
CASP3,GAPDH,890
CASP3,ACTB,989
CASP3,BECN1,925
CASP3,INS,761
CASP3,PRKDC,732
CASP3,MYC,881
CASP3,CTNNB1,965
CASP3,CASP9,999
CASP3,HSPA5,793
CASP3,H3-5,730
CASP3,CCNA2,706
CASP3,CDC42,703
CASP3,MAPK8,943
CASP3,AKT1,945
CASP3,MMP9,806
CASP3,CDK1,862
CASP3,MTOR,723
CASP3,IL10,786
CASP3,PTEN,748
CASP3,FOXO3,776
TIMELESS,RBX1,813
TIMELESS,POLE2,966
TIMELESS,RPA3,995
TIMELESS,TOPBP1,846
TIMELESS,TIPIN,999
TIMELESS,MCM4,993
TIMELESS,MCM6,988
TIMELESS,MCM2,998
TIMELESS,SSRP1,771
TIMELESS,ATM,817
TIMELESS,FANCD2,746
TIMELESS,WRN,850
TIMELESS,CDT1,753
TIMELESS,FEN1,767
TIMELESS,FANCI,830
TIMELESS,CLSPN,999
TIMELESS,POLE,980
TIMELESS,ATRIP,760
TIMELESS,ATR,879
TIMELESS,BLM,771
TIMELESS,DNA2,758
TIMELESS,WDHD1,999
TIMELESS,EXO1,740
TIMELESS,POLA1,881
TIMELESS,CHEK2,707
TIMELESS,CHEK1,993
TIMELESS,CDC7,868
TIMELESS,CDC45,997
TIMELESS,MCM10,939
TIMELESS,RAD17,706
TIMELESS,RECQL4,857
TIMELESS,MCM3,993
HDAC2,SIRT1,898
HDAC2,CBX7,994
HDAC2,KAT2A,948
HDAC2,HDAC5,751
HDAC2,NFKB1,803
HDAC2,NR3C1,862
HDAC2,SNAI1,998
HDAC2,H4C6,976
HDAC2,PHC2,927
HDAC2,CDH1,842
HDAC2,YY1,999
HDAC2,RCOR1,999
HDAC2,CREBBP,934
HDAC2,EP300,944
HDAC2,BRD4,754
HDAC2,KAT2B,950
HDAC2,STAT3,906
HDAC2,DNMT3A,970
HDAC2,NCOR1,994
HDAC2,CBX8,939
HDAC2,CBX4,929
HDAC2,H2BC1,864
HDAC2,PPARG,784
HDAC2,H2BC5,751
HDAC2,NPM1,838
HDAC2,HSPA4,741
HDAC2,HDAC3,906
HDAC2,FOS,784
HDAC2,CBX2,950
HDAC2,SUZ12,995
HDAC2,PRMT5,757
HDAC2,EZH2,999
HDAC2,H2BC4,755
HDAC2,SP1,916
HDAC2,H2AC20,905
HDAC2,H3-5,877
HDAC2,SMARCB1,854
HDAC2,H2BC12,753
HDAC2,WDR5,787
HDAC2,H3C12,936
HDAC2,DNMT1,999
HDAC2,RNF2,941
HDAC2,H2BC21,916
HDAC2,PCGF6,957
HDAC2,JUN,846
HDAC2,RBBP4,999
HDAC2,HDAC1,999
HDAC2,RING1,954
HDAC2,GATA3,844
HDAC2,SMARCA2,800
HDAC2,NSD2,706
HDAC2,SUMO1,841
HDAC2,SIN3A,999
HDAC2,KDM1A,999
HDAC2,CREB1,769
HDAC2,ACTL6A,714
HDAC2,ESR1,903
HDAC2,SUMO2,717
HDAC2,BRCA1,953
HDAC2,PHC3,908
HDAC2,H2BC17,757
HDAC2,H4C7,865
HDAC2,HIF1A,781
HDAC2,H3-2,877
HDAC2,H2BC15,752
HDAC2,CHD4,999
HDAC2,MYC,838
HDAC2,PCGF2,917
HDAC2,H2AX,885
HDAC2,H2BC14,767
HDAC2,PHC1,935
HDAC2,H2BC9,754
UBA52,RBX1,961
UBA52,NFKBIA,952
UBA52,CDKN1B,947
UBA52,FANCE,979
UBA52,TBP,717
UBA52,SKP1,954
UBA52,H4C6,935
UBA52,NEDD8,983
UBA52,MDM2,967
UBA52,BARD1,953
UBA52,CDH1,898
UBA52,KMT2C,810
UBA52,RBBP5,988
UBA52,UBE2S,976
UBA52,CDK2,900
UBA52,NCOR1,720
UBA52,RPS27A,999
UBA52,SKP2,902
UBA52,RPS3,999
UBA52,FANCD2,948
UBA52,MED1,977
UBA52,FANCI,947
UBA52,UBE2N,997
UBA52,RNF168,951
UBA52,H2BC4,962
UBA52,CUL1,920
UBA52,H2AC20,778
UBA52,USP7,993
UBA52,H4C11,864
UBA52,UBE2I,756
UBA52,UBE2C,765
UBA52,H2BC12,963
UBA52,RAD23B,874
UBA52,WDR5,882
UBA52,H2AC13,960
UBA52,VCP,870
UBA52,H2AC11,936
UBA52,H3C12,943
UBA52,DNMT1,934
UBA52,H2AC17,936
UBA52,PRKN,998
UBA52,H2BC21,962
UBA52,H3C14,942
UBA52,BRCC3,702
UBA52,BTRC,905
UBA52,RPL5,999
UBA52,RNF8,896
UBA52,UBE2D1,985
UBA52,H4C2,865
UBA52,H3C4,939
UBA52,H2AC6,962
UBA52,H4C3,870
UBA52,PCNA,961
UBA52,SQSTM1,915
UBA52,H3C15,946
UBA52,H4C8,864
UBA52,H3C6,939
UBA52,SUMO2,722
UBA52,H3-2,942
UBA52,H2AC4,938
UBA52,RPL23,999
UBA52,POLR2H,716
UBA52,RPL11,999
UBA52,H2AC15,936
UBA52,NDUFA5,857
UBA52,H4C5,864
UBA52,FBXW7,719
UBA52,TRAF6,959
UBA52,H2AX,941
UBA52,H4-16,864
UBA52,H4C9,864
UBA52,UBB,999
UBA52,CCNA2,904
UBA52,H4C15,864
UBA52,H3C1,939
UBA52,H4C4,864
UBA52,H2AC16,936
UBA52,H3C2,939
UBA52,UBC,999
UBA52,H4C14,864
UBA52,UBE2T,839
UBA52,CUL7,968
UBA52,H3C7,940
UBA52,IKBKG,806
UBA52,RPLP0,999
UBA52,H3C8,939
UBA52,H3C11,939
UBA52,H4C13,864
SKP2,CDC6,746
SKP2,RBX1,999
SKP2,CCND1,959
SKP2,CDKN1B,999
SKP2,SKP1,999
SKP2,NEDD8,974
SKP2,CCNA1,999
SKP2,CCNB1,797
SKP2,CDK4,878
SKP2,CDH1,927
SKP2,CCNE1,990
SKP2,EP300,942
SKP2,UBE2S,754
SKP2,CDK6,806
SKP2,CDK2,999
SKP2,RPS27A,913
SKP2,BTRC,998
SKP2,UBC,915
SKP2,E2F1,953
SKP2,CCNA2,999
SKP2,PTEN,701
SKP2,FOXO3,804
SKP2,CCNL2,880
SKP2,UBE2C,806
SKP2,AKT1,899
SKP2,CDK1,943
SKP2,FBXW7,991
SKP2,CDT1,977
SKP2,SMAD4,775
SKP2,CDC25A,718
SKP2,CUL1,999
SKP2,FOXO1,940
SKP2,CHEK1,777
SKP2,UBB,925
SKP2,DDB1,915
SKP2,MYC,975
SKP2,CDC20,998
SKP2,BRCA1,741
FOXO3,SIRT1,999
FOXO3,MAPK1,963
FOXO3,RPS6KB1,731
FOXO3,NFKB1,711
FOXO3,CCND1,756
FOXO3,CDKN1B,980
FOXO3,MAPK14,949
FOXO3,CDK4,703
FOXO3,MDM2,995
FOXO3,CREBBP,995
FOXO3,EP300,991
FOXO3,BRD4,960
FOXO3,KAT2B,832
FOXO3,STAT3,978
FOXO3,PPARGC1A,987
FOXO3,CDK6,802
FOXO3,CDK2,999
FOXO3,ATM,826
FOXO3,FANCD2,900
FOXO3,HDAC3,833
FOXO3,GSK3B,762
FOXO3,SMAD3,995
FOXO3,MCL1,705
FOXO3,IKBKB,989
FOXO3,BRCA1,749
FOXO3,ESR1,898
FOXO3,CHUK,957
FOXO3,INS,879
FOXO3,MYC,874
FOXO3,FOXO1,955
FOXO3,HIF1A,997
FOXO3,KAT5,829
FOXO3,PRMT1,928
FOXO3,AKT3,966
FOXO3,JUN,773
FOXO3,SMAD4,979
FOXO3,AKT1,998
FOXO3,CDK1,890
FOXO3,MTOR,747
FOXO3,PTEN,853
FOXO3,E2F1,994
FOXO3,CTNNB1,998
FOXO3,USP7,971
FOXO3,MAPK8,954
UHRF1,H4C6,735
UHRF1,TRIM28,936
UHRF1,LIG1,987
UHRF1,DNMT3A,967
UHRF1,NUF2,741
UHRF1,FANCD2,766
UHRF1,PCLAF,854
UHRF1,BIRC5,707
UHRF1,SUZ12,704
UHRF1,PRMT5,733
UHRF1,EZH2,810
UHRF1,H3-5,988
UHRF1,KAT5,963
UHRF1,FOXM1,713
UHRF1,USP7,998
UHRF1,H3C12,994
UHRF1,DNMT1,999
UHRF1,DTL,786
UHRF1,H2BC21,730
UHRF1,H3C14,980
UHRF1,CDCA8,743
UHRF1,HDAC1,996
UHRF1,UBE2D1,897
UHRF1,ZWINT,702
UHRF1,H3C4,909
UHRF1,H3C15,906
UHRF1,TOP2A,855
UHRF1,BRCA1,806
UHRF1,PBK,758
UHRF1,H2AX,737
UHRF1,H3C6,912
UHRF1,H3-2,987
UHRF1,H3C7,907
UHRF1,H3C8,909
UHRF1,H3C11,907
UHRF1,CCNA2,742
UHRF1,H3C1,984
UHRF1,H3C2,910
UHRF1,UBE2T,709
MAPK14,MAPK1,995
MAPK14,NFKBIA,829
MAPK14,NFKB1,864
MAPK14,ESR1,954
MAPK14,BCL2L1,762
MAPK14,IL1B,782
MAPK14,TNF,839
MAPK14,MED1,929
MAPK14,MYC,710
MAPK14,INS,757
MAPK14,ATM,722
MAPK14,FOXO1,935
MAPK14,CREB1,706
MAPK14,PGR,920
MAPK14,CDC25C,952
MAPK14,CEBPB,961
MAPK14,JUN,992
MAPK14,EP300,741
MAPK14,STAT3,718
MAPK14,AKT3,925
MAPK14,IL6,848
MAPK14,AKT1,990
MAPK14,EGFR,799
MAPK14,FOS,985
MAPK14,SP1,948
MAPK14,CTNNB1,838
MAPK14,PPARGC1A,950
MAPK14,MAPK8,955
MAPK14,CDC42,968
MAPK14,BTRC,741
MAPK14,KRAS,807
IKBKG,NFKBIA,999
IKBKG,NFKB1,999
IKBKG,IL1B,825
IKBKG,RPS27A,936
IKBKG,EGFR,750
IKBKG,ATM,990
IKBKG,HSPA4,924
IKBKG,IRS1,914
IKBKG,UBE2N,976
IKBKG,GSK3B,724
IKBKG,CUL1,743
IKBKG,HSP90AA1,937
IKBKG,USP7,768
IKBKG,CASP8,961
IKBKG,BTRC,775
IKBKG,CHUK,999
IKBKG,JUN,761
IKBKG,HSP90AB1,928
IKBKG,SQSTM1,741
IKBKG,SUMO1,885
IKBKG,TNF,999
IKBKG,PPP2CA,724
IKBKG,IKBKB,999
IKBKG,TRAF6,999
IKBKG,UBC,999
IKBKG,AKT1,982
IKBKG,UBB,973
IKBKG,AKT3,918
NPM1,AGO2,992
NPM1,H4C6,980
NPM1,TRIM28,718
NPM1,KRAS,803
NPM1,MDM2,974
NPM1,YY1,764
NPM1,EP300,788
NPM1,STAT3,744
NPM1,DNMT3A,794
NPM1,CDK2,826
NPM1,KIT,765
NPM1,ABL1,704
NPM1,H2BC21,829
NPM1,SUMO1,713
NPM1,PIK3R1,782
NPM1,H3C1,809
NPM1,NRAS,832
NPM1,AKT1,796
NPM1,RPLP0,731
NPM1,IRS1,848
NPM1,CTCF,975
NPM1,CENPA,953
NPM1,HSP90AB1,806
NPM1,H4C7,823
NPM1,HSPA4,857
NPM1,SQSTM1,711
NPM1,RPL11,702
NPM1,RPL5,976
NPM1,CEBPA,813
NPM1,HSP90AA1,804
NPM1,BRCA2,856
NPM1,SUMO2,835
NPM1,CEBPB,803
NPM1,STAT5A,809
NPM1,MYC,896
NPM1,GRB2,919
NPM1,H2AC20,736
NPM1,GAPDH,802
NPM1,ESR1,749
NPM1,BRCA1,773
NPM1,RBBP4,960
CBX4,CBX7,987
CBX4,H4C6,781
CBX4,PHC2,994
CBX4,BARD1,903
CBX4,ANAPC5,900
CBX4,YY1,728
CBX4,UBE2S,906
CBX4,CBX8,999
CBX4,ANAPC1,900
CBX4,ANAPC10,900
CBX4,ANAPC7,900
CBX4,PHC1,998
CBX4,CDC27,909
CBX4,SUMO1,866
CBX4,CUL7,903
CBX4,RAD51,768
CBX4,PHC3,995
CBX4,UBE2C,906
CBX4,PCGF6,981
CBX4,ANAPC15,900
CBX4,BRCA2,761
CBX4,SUMO2,735
CBX4,BUB1B,720
CBX4,CDC26,900
CBX4,CBX2,998
CBX4,CDC23,900
CBX4,EZH2,969
CBX4,H3C12,852
CBX4,ANAPC16,900
CBX4,UBE2I,786
CBX4,BRCA1,915
CBX4,RBBP4,934
CBX4,BABAM2,902
CBX4,RNF2,999
CBX4,ANAPC4,900
CBX4,RING1,999
CBX4,BRCC3,907
CBX4,SUZ12,949
CBX4,CDC16,900
CBX4,ANAPC13,900
CBX4,PCGF2,997
NDUFC2,NDUFB4,999
NDUFC2,UQCRC1,944
NDUFC2,NDUFB7,999
NDUFC2,NDUFS7,999
NDUFC2,NDUFA10,999
NDUFC2,NDUFB5,999
NDUFC2,PALB2,934
NDUFC2,NDUFS3,999
NDUFC2,NDUFA9,999
NDUFC2,NDUFS6,999
NDUFC2,NDUFB11,999
NDUFC2,NDUFB9,999
NDUFC2,MT-ND5,998
NDUFC2,NDUFA5,999
NDUFC2,NDUFA6,999
NDUFC2,NDUFA12,999
NDUFC2,MT-ND4,999
NDUFC2,MT-ND3,996
NDUFC2,NDUFA13,999
NDUFC2,UQCRQ,987
NDUFC2,NDUFB3,999
NDUFC2,NDUFS1,997
NDUFC2,NDUFV2,999
NDUFC2,COX5A,976
NDUFC2,NDUFC1,999
NDUFC2,NDUFB6,999
NDUFC2,NDUFS8,999
NDUFC2,ENSP00000497305,777
NDUFC2,NDUFA8,999
NDUFC2,NDUFS5,999
NDUFC2,NDUFS2,999
NDUFC2,MT-ND2,999
NDUFC2,MT-ND1,995
NDUFC2,NDUFV1,999
NDUFC2,MT-ND4L,985
NDUFC2,NDUFA3,998
NDUFC2,NDUFA1,998
NDUFC2,CYC1,943
NDUFC2,NDUFS4,999
NDUFC2,NDUFA7,999
NDUFC1,NDUFB4,999
NDUFC1,UQCRC1,894
NDUFC1,NDUFB7,998
NDUFC1,NDUFS7,997
NDUFC1,NDUFA10,998
NDUFC1,NDUFB5,999
NDUFC1,PALB2,765
NDUFC1,NDUFS3,997
NDUFC1,NDUFA9,993
NDUFC1,NDUFS6,999
NDUFC1,NDUFB11,997
NDUFC1,NDUFB9,998
NDUFC1,NDUFS4,997
NDUFC1,NDUFA7,999
NDUFC1,NDUFS8,997
NDUFC1,CYC1,864
NDUFC1,COX5A,916
NDUFC1,NDUFV2,999
NDUFC1,NDUFA12,999
NDUFC1,MT-ND1,995
NDUFC1,MT-ND4L,987
NDUFC1,MT-ND5,995
NDUFC1,MT-ND4,995
NDUFC1,MT-ND2,997
NDUFC1,MT-ND3,997
NDUFC1,NDUFS2,997
NDUFC1,NDUFA1,998
NDUFC1,NDUFS5,995
NDUFC1,NDUFA8,998
NDUFC1,UQCRQ,964
NDUFC1,NDUFB6,998
NDUFC1,NDUFS1,998
NDUFC1,NDUFB3,999
NDUFC1,NDUFA5,999
NDUFC1,NDUFA3,999
NDUFC1,NDUFA13,997
NDUFC1,NDUFC2-KCTD14,833
NDUFC1,NDUFA6,999
NDUFC1,NDUFV1,998
NDUFB4,MT-ND4,999
NDUFB4,MT-ND3,997
NDUFB4,NDUFB5,999
NDUFB4,NDUFA13,999
NDUFB4,UQCRQ,997
NDUFB4,NDUFB3,999
NDUFB4,NDUFS1,999
NDUFB4,NDUFV2,999
NDUFB4,COX5A,988
NDUFB4,MT-ND5,999
NDUFB4,NDUFA9,999
NDUFB4,NDUFA5,999
NDUFB4,NDUFC2-KCTD14,973
NDUFB4,NDUFB11,999
NDUFB4,NDUFA6,999
NDUFB4,NDUFS6,999
NDUFB4,PALB2,973
NDUFB4,ATP5F1C,757
NDUFB4,NDUFA12,999
NDUFB4,UQCRC1,967
NDUFB4,MT-ND2,998
NDUFB4,MT-ND1,996
NDUFB4,NDUFS3,999
NDUFB4,NDUFV1,999
NDUFB4,MT-ND4L,988
NDUFB4,NDUFA3,999
NDUFB4,NDUFB9,999
NDUFB4,NDUFA1,999
NDUFB4,NDUFB7,999
NDUFB4,CYC1,928
NDUFB4,NDUFS4,999
NDUFB4,NDUFA7,999
NDUFB4,NDUFS7,999
NDUFB4,NDUFB6,999
NDUFB4,NDUFA10,999
NDUFB4,NDUFS8,999
NDUFB4,ENSP00000497305,765
NDUFB4,NDUFA8,999
NDUFB4,NDUFS5,999
NDUFB4,NDUFS2,999
DTL,CDC6,963
DTL,RBX1,995
DTL,POLE2,762
DTL,CDKN1B,924
DTL,NEDD8,749
DTL,DDB2,980
DTL,MCM4,707
DTL,ERCC8,938
DTL,MCM2,772
DTL,NUF2,816
DTL,BUB1B,811
DTL,PCLAF,794
DTL,CDT1,998
DTL,DDB1,999
DTL,BUB1,811
DTL,CDC25A,755
DTL,FEN1,731
DTL,TYMS,713
DTL,POLE,783
DTL,WDHD1,947
DTL,EXO1,901
DTL,CCNA2,907
DTL,UBE2T,812
DTL,MCM10,915
DTL,CDK1,905
DTL,RFC4,763
DTL,RAD51,722
DTL,ZWINT,819
DTL,KMT5A,891
DTL,PCNA,995
DTL,PBK,873
DTL,CDC45,938
DTL,KIF4A,728
DTL,CHEK1,931
DTL,TTK,787
DTL,RFC3,778
DTL,TOP2A,822
WRN,RFC2,828
WRN,CBX5,888
WRN,SIRT1,854
WRN,RPA3,998
WRN,FANCE,752
WRN,MLH1,835
WRN,MSH2,829
WRN,MSH6,875
WRN,BRIP1,915
WRN,TOPBP1,902
WRN,BARD1,825
WRN,PALB2,781
WRN,TIPIN,765
WRN,XRCC1,792
WRN,LIG1,895
WRN,NBN,927
WRN,PMS2,769
WRN,FANCM,994
WRN,ATM,955
WRN,FANCD2,871
WRN,SLX4,826
WRN,XRCC6,998
WRN,VCP,751
WRN,MRE11,945
WRN,ERCC4,863
WRN,XPA,756
WRN,XRCC5,993
WRN,CLSPN,848
WRN,RAD50,756
WRN,TOP3A,996
WRN,MDC1,859
WRN,PCNA,912
WRN,FEN1,998
WRN,POLD1,901
WRN,BRCA2,888
WRN,FANCI,805
WRN,RAD17,899
WRN,CHEK2,824
WRN,PRKDC,978
WRN,XRCC3,964
WRN,RFC3,710
WRN,CHEK1,870
WRN,RMI1,971
WRN,MUS81,966
WRN,BLM,802
WRN,ATRX,848
WRN,RAD51C,864
WRN,FANCA,831
WRN,BRCA1,983
WRN,PAXIP1,713
WRN,H2AX,817
WRN,EXO1,998
WRN,RAD51B,861
WRN,SUMO1,740
WRN,ERCC2,732
WRN,RAD9A,869
WRN,RAD52,996
WRN,ATRIP,785
WRN,ATR,966
WRN,XRCC4,774
WRN,RBBP8,873
WRN,POLE,782
WRN,RFC4,814
WRN,RAD51,993
WRN,LIG4,751
WRN,DNA2,999
WRN,ERCC5,753
SUMO1,RBX1,826
SUMO1,NFKBIA,860
SUMO1,NR3C1,794
SUMO1,H4C6,771
SUMO1,NEDD8,978
SUMO1,TRIM28,770
SUMO1,MDM2,858
SUMO1,CREBBP,998
SUMO1,EP300,828
SUMO1,GTF2H1,715
SUMO1,UBE2N,913
SUMO1,RNF168,897
SUMO1,MRE11,769
SUMO1,KAT5,735
SUMO1,UBE2I,999
SUMO1,RAD23B,715
SUMO1,RAD52,951
SUMO1,DNMT1,725
SUMO1,PRKN,757
SUMO1,H2BC21,843
SUMO1,RNF8,802
SUMO1,HDAC1,820
SUMO1,AR,747
SUMO1,MDC1,721
SUMO1,PCNA,881
SUMO1,RAD51,972
SUMO1,UBC,800
SUMO1,SIN3A,772
SUMO1,BRCA1,879
SUMO1,HIF1A,870
SUMO1,SUMO2,994
RBBP4,CBX5,931
RBBP4,CBX7,934
RBBP4,HDAC5,852
RBBP4,ASF1A,929
RBBP4,H4C6,999
RBBP4,TRIM28,827
RBBP4,KDM6B,760
RBBP4,PHC2,921
RBBP4,YY1,813
RBBP4,RCOR1,895
RBBP4,CREBBP,811
RBBP4,BRD4,718
RBBP4,ASF1B,843
RBBP4,RBBP5,802
RBBP4,NCOR1,922
RBBP4,CBX8,953
RBBP4,DDB1,858
RBBP4,HDAC3,982
RBBP4,CBX2,944
RBBP4,SUZ12,999
RBBP4,EZH2,999
RBBP4,H2AC20,901
RBBP4,CENPA,914
RBBP4,H3-5,914
RBBP4,FOXM1,702
RBBP4,E2F1,871
RBBP4,WDR5,746
RBBP4,H3C12,995
RBBP4,DNMT1,858
RBBP4,RNF2,955
RBBP4,H2BC21,848
RBBP4,PCGF6,937
RBBP4,SIN3A,999
RBBP4,RING1,956
RBBP4,PCGF2,937
RBBP4,CHD4,999
RBBP4,H3C6,713
RBBP4,HDAC1,999
RBBP4,SUMO2,717
RBBP4,H3-2,915
RBBP4,PCNA,714
RBBP4,H4C7,990
RBBP4,PHC3,912
RBBP4,SMARCA2,748
RBBP4,HDAC8,956
RBBP4,KDM1A,988
RBBP4,PHC1,942
RBBP4,H3C1,891
UBE2N,RBX1,791
UBE2N,NFKBIA,829
UBE2N,STUB1,999
UBE2N,NFKB1,812
UBE2N,MDM2,702
UBE2N,BARD1,803
UBE2N,NBN,702
UBE2N,RPS27A,999
UBE2N,ATM,839
UBE2N,UBC,999
UBE2N,RAD52,818
UBE2N,XRCC6,713
UBE2N,VCP,785
UBE2N,MRE11,730
UBE2N,KAT5,891
UBE2N,PRKN,963
UBE2N,RNF8,999
UBE2N,XPA,701
UBE2N,HSP90AA1,773
UBE2N,RAD23B,751
UBE2N,SUMO2,923
UBE2N,PCNA,776
UBE2N,MDC1,931
UBE2N,RNF168,999
UBE2N,UBB,994
UBE2N,REV3L,857
UBE2N,BRCA1,955
UBE2N,IKBKB,789
UBE2N,TRAF6,999
UBE2N,H2AX,758
UBE2N,CHUK,837
UBE2N,TNF,765
MTOR,SIRT1,937
MTOR,RPS6KB1,999
MTOR,NFKB1,760
MTOR,CCND1,802
MTOR,KRAS,826
MTOR,STAT3,926
MTOR,PPARGC1A,703
MTOR,ERBB2,725
MTOR,EGFR,802
MTOR,PPARG,964
MTOR,DDB1,995
MTOR,HSPA4,748
MTOR,IRS1,992
MTOR,GSK3B,784
MTOR,CASP9,738
MTOR,HSP90AA1,998
MTOR,TRRAP,774
MTOR,PIK3R1,956
MTOR,UBC,996
MTOR,MAPK8,702
MTOR,IL10,740
MTOR,AKT1,999
MTOR,PTEN,942
MTOR,NRAS,705
MTOR,HIF1A,789
MTOR,FOXO1,758
MTOR,PRKN,781
MTOR,SQSTM1,953
MTOR,IL6,772
MTOR,FBXW7,921
MTOR,HSP90AB1,998
MTOR,JUN,715
MTOR,AKT3,960
MTOR,BCL2L1,813
MTOR,CHUK,973
MTOR,IKBKB,769
MTOR,ESR1,745
MTOR,JAK2,742
MTOR,ACTB,752
MTOR,BECN1,891
MTOR,GAPDH,701
MTOR,IGF1R,872
MTOR,CHEK1,763
MTOR,MYC,730
MTOR,INS,882
H2AC6,SUPT16H,944
H2AC6,H4C6,993
H2AC6,BARD1,951
H2AC6,KMT2C,917
H2AC6,RBBP5,925
H2AC6,RPS27A,959
H2AC6,H2BC1,703
H2AC6,SSRP1,930
H2AC6,H2BC5,998
H2AC6,SUZ12,907
H2AC6,EZH2,908
H2AC6,H2BC4,990
H2AC6,H2AC20,880
H2AC6,CENPA,963
H2AC6,SMARCB1,927
H2AC6,H4C11,970
H2AC6,H2BC12,994
H2AC6,WDR5,913
H2AC6,H2AC13,955
H2AC6,H2AC11,933
H2AC6,H3C12,963
H2AC6,H2AC17,943
H2AC6,H2BC21,994
H2AC6,H3C14,944
H2AC6,H4C2,971
H2AC6,H3C4,965
H2AC6,UBC,956
H2AC6,H3C2,942
H2AC6,H4C14,979
H2AC6,H4C3,969
H2AC6,H4C15,971
H2AC6,H2BC14,988
H2AC6,H3C1,933
H2AC6,H4C4,970
H2AC6,H2AC16,913
H2AC6,H3C8,934
H2AC6,KMT5A,944
H2AC6,H3C15,946
H2AC6,H2BC9,992
H2AC6,H3C11,931
H2AC6,H4C13,969
H2AC6,H3C7,943
H2AC6,H2BC17,990
H2AC6,POLR2H,924
H2AC6,H4C5,977
H2AC6,NSD2,926
H2AC6,H2AC15,921
H2AC6,H4C8,991
H2AC6,H3C6,930
H2AC6,H2AC4,912
H2AC6,H2BC15,988
H2AC6,H4C9,970
H2AC6,CHD4,911
H2AC6,ACTB,891
H2AC6,UBB,956
H2AC6,SMARCD1,832
H2AC6,ACTL6A,904
H2AC6,H4-16,968
EGF,MAPK1,789
EGF,TGFB1,904
EGF,IL2,814
EGF,CCND1,731
EGF,SNAI1,702
EGF,PXDN,831
EGF,KRAS,854
EGF,CDH1,852
EGF,IL1B,762
EGF,FGF2,969
EGF,STAT3,907
EGF,CTNNB1,868
EGF,PIK3R1,911
EGF,KIT,973
EGF,ERBB2,999
EGF,CDC42,808
EGF,MAPK8,719
EGF,IL10,701
EGF,EGFR,999
EGF,AKT1,933
EGF,MMP9,741
EGF,PTEN,746
EGF,FOS,788
EGF,SOX2,725
EGF,NRAS,759
EGF,ALB,889
EGF,PGR,736
EGF,HIF1A,785
EGF,HSP90AA1,760
EGF,IL6,890
EGF,PXDNL,831
EGF,JUN,890
EGF,AR,743
EGF,TNF,793
EGF,CD44,922
EGF,ESR1,802
EGF,GAPDH,783
EGF,ACTB,778
EGF,IGF1R,997
EGF,MYC,836
EGF,GRB2,995
EGF,INS,995
MAPK1,RPS6KB1,927
MAPK1,AKT1,988
MAPK1,BRAF,949
MAPK1,NRAS,959
MAPK1,FOS,992
MAPK1,SP1,969
MAPK1,PPARG,736
MAPK1,CTNNB1,736
MAPK1,FGF2,780
MAPK1,CASP9,841
MAPK1,CREBBP,803
MAPK1,PPP2CA,974
MAPK1,ABL1,724
MAPK1,MAPK8,747
MAPK1,CDKN1B,858
MAPK1,KRAS,988
MAPK1,MCL1,740
MAPK1,JAK2,794
MAPK1,ESR1,987
MAPK1,TNF,757
MAPK1,PXDN,721
MAPK1,GRB2,920
MAPK1,INS,763
MAPK1,MYC,983
MAPK1,STAT5A,878
MAPK1,GAPDH,701
MAPK1,ACTB,767
MAPK1,NFKB1,790
MAPK1,HSP90AA1,941
MAPK1,SMAD3,962
MAPK1,CASP8,839
MAPK1,FOXO1,941
MAPK1,CREB1,962
MAPK1,CEBPB,877
MAPK1,HIF1A,985
MAPK1,AKT3,927
MAPK1,GSK3B,742
MAPK1,EP300,818
MAPK1,HSP90AB1,813
MAPK1,SMAD4,816
MAPK1,JUN,998
MAPK1,CYCS,775
MAPK1,STAT3,996
MAPK1,IL6,936
MAPK1,PXDNL,717
TAF6,KAT2A,993
TAF6,TBP,999
TAF6,H4C6,947
TAF6,CDK7,926
TAF6,GTF2H4,982
TAF6,MNAT1,919
TAF6,KAT2B,995
TAF6,RBBP5,920
TAF6,GTF2H1,914
TAF6,NCOR1,905
TAF6,ERCC3,983
TAF6,MED1,805
TAF6,H4C11,805
TAF6,WDR5,925
TAF6,TRRAP,999
TAF6,RNF2,900
TAF6,H3C14,814
TAF6,H4C2,806
TAF6,H4C3,806
TAF6,ERCC2,983
TAF6,H3C15,814
TAF6,H4C13,809
TAF6,TAF1,999
TAF6,H4C14,805
TAF6,H4C4,805
TAF6,H4C15,805
TAF6,H4C9,805
TAF6,H4-16,805
TAF6,H4C5,805
TAF6,POLR2H,919
TAF6,CCNH,923
TAF6,H4C8,805
CBX7,CDC26,720
CBX7,BUB1B,736
CBX7,H3-2,968
CBX7,BRCA2,753
CBX7,H3C6,917
CBX7,CBX2,985
CBX7,CDC23,720
CBX7,ANAPC16,736
CBX7,BARD1,720
CBX7,EZH2,996
CBX7,H3C12,974
CBX7,ANAPC5,721
CBX7,RING1,999
CBX7,ANAPC4,720
CBX7,RNF2,999
CBX7,BABAM2,727
CBX7,BRCA1,764
CBX7,SUZ12,995
CBX7,CDC16,721
CBX7,BRCC3,744
CBX7,PCGF2,998
CBX7,ANAPC13,720
CBX7,ANAPC7,720
CBX7,ANAPC10,720
CBX7,PHC2,996
CBX7,H3C1,954
CBX7,ANAPC1,720
CBX7,PHC1,994
CBX7,UBE2S,728
CBX7,H3-5,967
CBX7,H3C4,916
CBX7,H3C2,914
CBX7,CDC27,721
CBX7,CBX8,995
CBX7,H3C14,928
CBX7,UBE2C,728
CBX7,PHC3,993
CBX7,RAD51,731
CBX7,H3C7,916
CBX7,CUL7,722
CBX7,H3C15,910
CBX7,H3C11,917
CBX7,PCGF6,989
CBX7,YY1,704
CBX7,ANAPC15,720
CBX7,H3C8,916
SMARCB1,CCND1,716
SMARCB1,H4C6,979
SMARCB1,CDK4,753
SMARCB1,KMT2C,749
SMARCB1,BRD4,711
SMARCB1,NCOR1,754
SMARCB1,XPC,970
SMARCB1,EZH2,779
SMARCB1,ARID1A,999
SMARCB1,H2BC4,917
SMARCB1,H4C15,853
SMARCB1,H3C4,859
SMARCB1,H4C3,853
SMARCB1,H4C4,853
SMARCB1,H3C1,861
SMARCB1,H4C14,853
SMARCB1,H2BC21,969
SMARCB1,H3C2,897
SMARCB1,H3C7,859
SMARCB1,SMARCA2,999
SMARCB1,H3C8,866
SMARCB1,H3C11,859
SMARCB1,H4C13,853
SMARCB1,H4C8,853
SMARCB1,H3C6,881
SMARCB1,HDAC1,932
SMARCB1,H4C11,853
SMARCB1,RAD23B,738
SMARCB1,H3C12,965
SMARCB1,H4C5,853
SMARCB1,ACTL6A,999
SMARCB1,ATRX,717
SMARCB1,SIN3A,810
SMARCB1,SMARCD1,999
SMARCB1,BRCA1,709
SMARCB1,H4-16,853
SMARCB1,H4C9,853
SMARCB1,MYC,906
SMARCB1,H4C2,853
SMARCB1,ACTB,977
H2AC16,H4C6,960
H2AC16,BARD1,908
H2AC16,KMT2C,859
H2AC16,RBBP5,853
H2AC16,RPS27A,934
H2AC16,H2BC5,777
H2AC16,SUZ12,820
H2AC16,EZH2,823
H2AC16,H2BC4,976
H2AC16,H2AC20,833
H2AC16,CENPA,933
H2AC16,H4C11,966
H2AC16,H2BC12,962
H2AC16,WDR5,832
H2AC16,H2AC13,923
H2AC16,H2AC11,910
H2AC16,H2AC17,924
H2AC16,H2BC21,950
H2AC16,H3C14,946
H2AC16,H4C2,968
H2AC16,H4C3,963
H2AC16,NSD2,921
H2AC16,KMT5A,911
H2AC16,H3C15,942
H2AC16,POLR2H,854
H2AC16,CHD4,821
H2AC16,UBC,928
H2AC16,H4-16,964
H2AC16,H4C15,960
H2AC16,H4C14,967
H2AC16,H2BC17,761
H2AC16,UBB,932
H2AC16,H4C4,967
H2AC16,H4C13,970
H2AC16,H4C9,963
H2AC16,H2AC15,911
H2AC16,H4C8,963
H2AC16,H2AC4,931
H2AC16,H4C5,966
H2BC17,HDAC5,705
H2BC17,H4C6,998
H2BC17,H2BC5,945
H2BC17,HDAC3,722
H2BC17,ARID1A,833
H2BC17,H2BC4,941
H2BC17,H2AC20,939
H2BC17,CENPA,985
H2BC17,H3-5,874
H2BC17,H4C11,955
H2BC17,H2BC12,897
H2BC17,H2AC13,977
H2BC17,H2AC11,817
H2BC17,H3C12,987
H2BC17,H2AC17,968
H2BC17,TRRAP,717
H2BC17,H2BC21,928
H2BC17,H3C14,977
H2BC17,HDAC1,777
H2BC17,HDAC8,728
H2BC17,H4C2,967
H2BC17,H4C3,949
H2BC17,SMARCD1,829
H2BC17,H3C15,968
H2BC17,ACTL6A,852
H2BC17,BRCA1,801
H2BC17,H2AX,837
H2BC17,H4-16,942
H2BC17,H4C15,939
H2BC17,H4C14,963
H2BC17,H4C9,960
H2BC17,ACTB,876
H2BC17,H4C8,964
H2BC17,H2BC15,963
H2BC17,H3-2,960
H2BC17,H2AC4,903
H2BC17,H4C7,836
H2BC17,H2AC15,818
H2BC17,H4C5,967
H2BC17,H4C13,950
H2BC17,H2BC9,971
H2BC17,CCNA2,723
H2BC17,H4C4,959
H2BC17,H2BC14,971
SLX4,FANCE,880
SLX4,MSH2,972
SLX4,MSH6,730
SLX4,BRIP1,907
SLX4,TOPBP1,975
SLX4,BARD1,734
SLX4,PALB2,868
SLX4,MSH3,967
SLX4,NBN,703
SLX4,FANCM,938
SLX4,ATM,801
SLX4,FANCD2,992
SLX4,RBBP8,794
SLX4,DNA2,796
SLX4,RAD51,853
SLX4,RAD52,748
SLX4,UBE2T,853
SLX4,DDB1,744
SLX4,MUS81,999
SLX4,RMI1,833
SLX4,FANCA,935
SLX4,BRCA1,905
SLX4,RAD51C,897
SLX4,BLM,771
SLX4,UBE2I,781
SLX4,EXO1,847
SLX4,MRE11,806
SLX4,ERCC4,999
SLX4,FANCI,967
SLX4,BRCA2,879
SLX4,SUMO2,844
SLX4,TOP3A,818
IRS1,SIRT1,823
IRS1,RPS6KB1,994
IRS1,STAT3,734
IRS1,ERBB2,909
IRS1,EGFR,939
IRS1,PPARG,726
IRS1,KIT,841
IRS1,MAPK8,986
IRS1,PIK3R1,999
IRS1,PTEN,792
IRS1,CUL7,833
IRS1,RAD51,878
IRS1,AKT1,972
IRS1,JUN,701
IRS1,GSK3B,799
IRS1,IL6,704
IRS1,FOXO1,854
IRS1,INS,999
IRS1,GRB2,999
IRS1,BECN1,921
IRS1,IGF1R,999
IRS1,IKBKB,981
IRS1,ESR1,903
IRS1,JAK2,996
IRS1,CHUK,953
BCL2L1,CD4,746
BCL2L1,NFKBIA,772
BCL2L1,IL2,912
BCL2L1,CCND1,808
BCL2L1,CDKN1B,836
BCL2L1,KRAS,982
BCL2L1,MDM2,794
BCL2L1,IL1B,764
BCL2L1,STAT3,949
BCL2L1,ERBB2,767
BCL2L1,EGFR,847
BCL2L1,HSPA4,730
BCL2L1,CYCS,998
BCL2L1,RAD9A,754
BCL2L1,GSK3B,828
BCL2L1,CASP9,992
BCL2L1,HSP90AA1,727
BCL2L1,STAT5A,891
BCL2L1,E2F1,702
BCL2L1,CASP8,933
BCL2L1,BECN1,999
BCL2L1,PRKN,777
BCL2L1,MCL1,989
BCL2L1,JUN,706
BCL2L1,ABL1,722
BCL2L1,IL6,809
BCL2L1,AKT3,931
BCL2L1,TNF,878
BCL2L1,JAK2,763
BCL2L1,ACTB,784
BCL2L1,GAPDH,752
BCL2L1,MYC,863
BCL2L1,CTNNB1,766
BCL2L1,MAPK8,986
BCL2L1,AKT1,991
BCL2L1,CDK1,703
AR,SIRT1,728
AR,STUB1,931
AR,CCND1,955
AR,NR3C1,795
AR,MDM2,998
AR,YY1,727
AR,RCOR1,715
AR,CREBBP,960
AR,EP300,952
AR,BRD4,969
AR,STAT3,907
AR,NCOR1,991
AR,ERBB2,788
AR,EGFR,864
AR,MED1,811
AR,HSPA4,925
AR,HDAC3,730
AR,EZH2,978
AR,GSK3B,841
AR,PGR,766
AR,SP1,837
AR,SMAD3,953
AR,HSP90AA1,999
AR,KAT5,765
AR,SMAD4,859
AR,E2F1,801
AR,UBE2I,860
AR,H3C12,778
AR,JUN,840
AR,HSP90AB1,999
AR,PTEN,892
AR,KDM4A,745
AR,HDAC1,964
AR,KDM1A,996
AR,AKT1,895
AR,SMARCA2,703
AR,YAP1,847
AR,CTNNB1,996
AR,MYC,700
AR,IGF1R,808
AR,GAPDH,828
AR,BRCA1,908
AR,ESR1,981
AR,FOXO1,921
AR,HIF1A,871
MT-ND4,UQCRC1,971
MT-ND4,NDUFB7,999
MT-ND4,NDUFS7,999
MT-ND4,NDUFA10,999
MT-ND4,NDUFB5,999
MT-ND4,PALB2,916
MT-ND4,NDUFS3,999
MT-ND4,NDUFA9,999
MT-ND4,NDUFS6,999
MT-ND4,NDUFB11,999
MT-ND4,NDUFB9,999
MT-ND4,RPS3,791
MT-ND4,NDUFS4,999
MT-ND4,NDUFA7,998
MT-ND4,NDUFS8,999
MT-ND4,CYC1,996
MT-ND4,COX5A,891
MT-ND4,NDUFV2,999
MT-ND4,NDUFA12,999
MT-ND4,DNA2,808
MT-ND4,MT-ND1,999
MT-ND4,MT-ND4L,999
MT-ND4,MT-ND5,999
MT-ND4,NDUFB3,999
MT-ND4,NDUFS1,999
MT-ND4,UQCRQ,948
MT-ND4,MT-ND3,999
MT-ND4,NDUFA13,999
MT-ND4,NDUFA6,999
MT-ND4,NDUFC2-KCTD14,865
MT-ND4,NDUFA5,999
MT-ND4,NDUFA1,999
MT-ND4,NDUFV1,999
MT-ND4,NDUFA3,997
MT-ND4,MT-ND2,999
MT-ND4,ENSP00000497305,926
MT-ND4,NDUFA8,999
MT-ND4,NDUFS5,999
MT-ND4,NDUFS2,999
MT-ND4,NDUFB6,999
XPA,SIRT1,772
XPA,RPA3,900
XPA,MLH1,838
XPA,MSH2,908
XPA,MSH6,856
XPA,CDK7,915
XPA,DDB2,989
XPA,GTF2H4,974
XPA,MNAT1,741
XPA,PALB2,700
XPA,XRCC1,846
XPA,EP300,928
XPA,LIG1,823
XPA,ERCC8,915
XPA,MSH3,904
XPA,PMS2,897
XPA,GTF2H1,984
XPA,FANCM,811
XPA,RPS27A,745
XPA,ATM,908
XPA,XPC,981
XPA,ERCC3,999
XPA,FANCD2,860
XPA,DDB1,915
XPA,FEN1,839
XPA,MUS81,713
XPA,ERCC4,999
XPA,FANCI,757
XPA,PRKDC,883
XPA,ATR,747
XPA,RAD23B,997
XPA,RAD52,739
XPA,REV3L,835
XPA,XRCC6,869
XPA,CETN2,841
XPA,BRCA2,806
XPA,POLD1,808
XPA,CCNH,864
XPA,XRCC5,867
XPA,BRCA1,879
XPA,RECQL4,918
XPA,XRCC3,703
XPA,ERCC2,999
XPA,RAD51,846
XPA,LIG4,814
XPA,ERCC5,992
XPA,XRCC4,772
CDH1,TGFB1,841
CDH1,CCND1,851
CDH1,SNAI1,965
CDH1,PXDN,789
CDH1,KRAS,723
CDH1,CDK4,712
CDH1,MDM2,925
CDH1,POU5F1,852
CDH1,CDC27,792
CDH1,YAP1,712
CDH1,ERBB2,970
CDH1,CDC42,861
CDH1,CTNNB1,999
CDH1,CREBBP,744
CDH1,PTEN,930
CDH1,SOX2,730
CDH1,ALB,735
CDH1,RPLP0,848
CDH1,RPS3,815
CDH1,EGFR,999
CDH1,AKT1,903
CDH1,RPS27A,904
CDH1,MMP9,957
CDH1,PXDNL,789
CDH1,DNMT1,768
CDH1,RPL11,812
CDH1,JUN,755
CDH1,SMAD4,804
CDH1,STAT3,732
CDH1,GSK3B,894
CDH1,HIF1A,721
CDH1,RPL23,800
CDH1,SMAD3,724
CDH1,HDAC1,775
CDH1,RPL5,812
CDH1,GAPDH,855
CDH1,ACTB,833
CDH1,IGF1R,742
CDH1,MYC,804
CDH1,CD44,927
CDH1,ESR1,803
MT-ND2,UQCRC1,933
MT-ND2,NDUFB7,999
MT-ND2,NDUFS7,999
MT-ND2,NDUFA10,999
MT-ND2,NDUFB5,999
MT-ND2,PALB2,921
MT-ND2,NDUFS3,999
MT-ND2,NDUFA9,999
MT-ND2,NDUFS6,999
MT-ND2,NDUFB11,999
MT-ND2,NDUFB9,999
MT-ND2,RPS3,733
MT-ND2,NDUFS4,999
MT-ND2,NDUFA7,998
MT-ND2,NDUFS8,999
MT-ND2,CYC1,989
MT-ND2,COX5A,892
MT-ND2,NDUFV2,999
MT-ND2,NDUFA12,999
MT-ND2,MT-ND1,999
MT-ND2,MT-ND4L,999
MT-ND2,MT-ND5,999
MT-ND2,NDUFB6,998
MT-ND2,NDUFS2,999
MT-ND2,NDUFS5,997
MT-ND2,ENSP00000497305,926
MT-ND2,NDUFA8,999
MT-ND2,NDUFA3,997
MT-ND2,NDUFV1,999
MT-ND2,NDUFA1,997
MT-ND2,NDUFA6,999
MT-ND2,NDUFC2-KCTD14,872
MT-ND2,NDUFA5,999
MT-ND2,UQCRQ,913
MT-ND2,NDUFA13,999
MT-ND2,MT-ND3,999
MT-ND2,NDUFS1,999
MT-ND2,NDUFB3,999
MT-ND1,UQCRC1,955
MT-ND1,NDUFB7,999
MT-ND1,NDUFS7,999
MT-ND1,NDUFA10,997
MT-ND1,NDUFB5,997
MT-ND1,PALB2,914
MT-ND1,NDUFS3,999
MT-ND1,NDUFA9,999
MT-ND1,NDUFS6,999
MT-ND1,NDUFB11,999
MT-ND1,NDUFB9,999
MT-ND1,RPS3,787
MT-ND1,NDUFS4,999
MT-ND1,NDUFA7,998
MT-ND1,NDUFS8,999
MT-ND1,CYC1,995
MT-ND1,COX5A,907
MT-ND1,NDUFV2,999
MT-ND1,NDUFA12,999
MT-ND1,NDUFA6,999
MT-ND1,NDUFC2-KCTD14,813
MT-ND1,NDUFA5,999
MT-ND1,MT-ND5,999
MT-ND1,UQCRQ,915
MT-ND1,NDUFA13,999
MT-ND1,MT-ND3,999
MT-ND1,NDUFS1,999
MT-ND1,NDUFB3,999
MT-ND1,NDUFB6,998
MT-ND1,NDUFS5,999
MT-ND1,NDUFS2,999
MT-ND1,ENSP00000497305,927
MT-ND1,NDUFA8,999
MT-ND1,NDUFA3,998
MT-ND1,NDUFV1,999
MT-ND1,MT-ND4L,999
MT-ND1,NDUFA1,999
CBX8,H4C6,779
CBX8,PHC2,999
CBX8,BARD1,909
CBX8,ANAPC5,900
CBX8,YY1,781
CBX8,UBE2S,912
CBX8,ANAPC7,900
CBX8,ANAPC10,900
CBX8,ANAPC1,900
CBX8,PHC1,996
CBX8,CDC27,903
CBX8,UBE2C,904
CBX8,RAD51,731
CBX8,PHC3,998
CBX8,CUL7,904
CBX8,PCGF6,986
CBX8,ANAPC15,900
CBX8,BUB1B,722
CBX8,CDC26,900
CBX8,BRCA2,772
CBX8,CBX2,998
CBX8,CDC23,905
CBX8,ANAPC16,900
CBX8,KAT5,715
CBX8,EZH2,968
CBX8,H3C12,869
CBX8,ANAPC4,900
CBX8,WDR5,788
CBX8,RING1,999
CBX8,RNF2,998
CBX8,BABAM2,902
CBX8,BRCA1,908
CBX8,SUZ12,974
CBX8,CDC16,900
CBX8,BRCC3,900
CBX8,PCGF2,998
CBX8,ANAPC13,900
MDC1,H4C6,913
MDC1,MDM2,738
MDC1,TOPBP1,995
MDC1,BARD1,954
MDC1,XRCC1,719
MDC1,NBN,994
MDC1,CDK2,704
MDC1,FANCM,724
MDC1,ATM,999
MDC1,FANCD2,936
MDC1,MUS81,724
MDC1,ERCC4,717
MDC1,FANCI,703
MDC1,RAD9A,922
MDC1,PRKDC,952
MDC1,RNF168,997
MDC1,ATRIP,742
MDC1,MRE11,956
MDC1,H2AC20,759
MDC1,KAT5,910
MDC1,USP7,828
MDC1,ATR,889
MDC1,BLM,743
MDC1,UBE2I,797
MDC1,DNA2,721
MDC1,RAD52,787
MDC1,XRCC6,945
MDC1,TRRAP,701
MDC1,EXO1,821
MDC1,H2BC21,754
MDC1,BRCC3,872
MDC1,CDC20,814
MDC1,RNF8,999
MDC1,CHEK1,940
MDC1,RAD17,831
MDC1,CHEK2,990
MDC1,H2AX,999
MDC1,RECQL4,836
MDC1,BRCA1,999
MDC1,SMARCD1,718
MDC1,NSD2,890
MDC1,XRCC5,887
MDC1,BRCA2,857
MDC1,SUMO2,857
MDC1,RAD50,947
MDC1,RBBP8,958
MDC1,RAD51,965
MDC1,CDC27,812
MSH6,RFC2,901
MSH6,RPA3,716
MSH6,MLH1,999
MSH6,MSH2,999
MSH6,RAD52,836
MSH6,KRAS,801
MSH6,ERCC2,709
MSH6,ERCC8,921
MSH6,ATR,824
MSH6,RCOR1,908
MSH6,PTEN,742
MSH6,POLE,957
MSH6,KDM1A,932
MSH6,XRCC4,946
MSH6,FANCM,927
MSH6,NBN,907
MSH6,LIG1,810
MSH6,MCM4,735
MSH6,ERCC5,963
MSH6,BRAF,806
MSH6,XPC,933
MSH6,RFC4,928
MSH6,LIG4,965
MSH6,RAD51,893
MSH6,ERCC3,841
MSH6,ERCC4,966
MSH6,FBXW7,732
MSH6,DNMT1,781
MSH6,POLA1,882
MSH6,XRCC5,972
MSH6,MSH3,999
MSH6,XRCC6,992
MSH6,MRE11,862
MSH6,MCM6,802
MSH6,XRCC1,752
MSH6,BARD1,925
MSH6,POLD1,995
MSH6,MCM3,808
MSH6,BRCA2,967
MSH6,FANCI,784
MSH6,PALB2,894
MSH6,FEN1,950
MSH6,PCNA,998
MSH6,PMS2,999
MSH6,WDHD1,708
MSH6,RAD23B,955
MSH6,ATM,999
MSH6,CHEK1,841
MSH6,REV3L,778
MSH6,PRKDC,967
MSH6,CHEK2,890
MSH6,CETN2,917
MSH6,H2AX,809
MSH6,EXO1,996
MSH6,FANCD2,874
MSH6,RECQL4,850
MSH6,BRCA1,996
MSH6,BLM,972
MSH6,ARID1A,726
MSH6,RAD51C,802
NDUFS1,UQCRC1,998
NDUFS1,NDUFB7,999
NDUFS1,NDUFS7,999
NDUFS1,NDUFA10,999
NDUFS1,NDUFB5,999
NDUFS1,PALB2,941
NDUFS1,NDUFS3,999
NDUFS1,NDUFA9,999
NDUFS1,NDUFS6,999
NDUFS1,NDUFB11,999
NDUFS1,NDUFB9,999
NDUFS1,NDUFS4,999
NDUFS1,NDUFA7,999
NDUFS1,CYCS,782
NDUFS1,NDUFS8,999
NDUFS1,CYC1,999
NDUFS1,COX5A,951
NDUFS1,NDUFV2,999
NDUFS1,NDUFA12,999
NDUFS1,ATP5F1C,959
NDUFS1,MT-ND4L,998
NDUFS1,MT-ND5,999
NDUFS1,MT-ND3,999
NDUFS1,NDUFS2,999
NDUFS1,NDUFA1,999
NDUFS1,NDUFS5,999
NDUFS1,NDUFA8,999
NDUFS1,UQCRQ,961
NDUFS1,NDUFB6,999
NDUFS1,NDUFV1,999
NDUFS1,NDUFA3,999
NDUFS1,ENSP00000497305,969
NDUFS1,NDUFB3,999
NDUFS1,NDUFA13,999
NDUFS1,NDUFA6,999
NDUFS1,NDUFC2-KCTD14,898
NDUFS1,NDUFA5,999
ERCC5,RPA3,736
ERCC5,MLH1,823
ERCC5,MSH2,962
ERCC5,CDK7,880
ERCC5,DDB2,843
ERCC5,GTF2H4,920
ERCC5,MNAT1,787
ERCC5,PALB2,813
ERCC5,RCOR1,901
ERCC5,XRCC1,881
ERCC5,EP300,869
ERCC5,ERCC8,990
ERCC5,MSH3,893
ERCC5,PMS2,801
ERCC5,GTF2H1,999
ERCC5,FANCM,715
ERCC5,ATM,975
ERCC5,XPC,971
ERCC5,ERCC3,999
ERCC5,FANCD2,773
ERCC5,DDB1,794
ERCC5,MUS81,734
ERCC5,ERCC4,998
ERCC5,FANCI,713
ERCC5,PRKDC,940
ERCC5,MRE11,765
ERCC5,RAD23B,981
ERCC5,XRCC6,963
ERCC5,CETN2,939
ERCC5,PCNA,770
ERCC5,BRCA2,913
ERCC5,ERCC2,999
ERCC5,XRCC5,966
ERCC5,KDM1A,900
ERCC5,BRCA1,911
ERCC5,XRCC4,946
ERCC5,XRCC3,729
ERCC5,POLD1,966
ERCC5,LIG4,962
ERCC5,RAD51,733
ERCC5,CCNH,941
XRCC6,CBX5,769
XRCC6,SIRT1,916
XRCC6,SUPT16H,800
XRCC6,RPA3,790
XRCC6,KAT2A,727
XRCC6,MLH1,834
XRCC6,MSH2,979
XRCC6,H4C6,884
XRCC6,DDB2,773
XRCC6,MDM2,715
XRCC6,BARD1,936
XRCC6,PALB2,775
XRCC6,RCOR1,914
XRCC6,XRCC1,985
XRCC6,LIG1,744
XRCC6,KAT2B,730
XRCC6,UBE2S,757
XRCC6,ERCC8,928
XRCC6,MSH3,929
XRCC6,NBN,899
XRCC6,PMS2,757
XRCC6,CDK2,805
XRCC6,SSRP1,747
XRCC6,ATM,997
XRCC6,XPC,979
XRCC6,ERCC3,765
XRCC6,FANCD2,913
XRCC6,DDB1,703
XRCC6,FEN1,879
XRCC6,ERCC4,972
XRCC6,FANCI,809
XRCC6,PRKDC,999
XRCC6,RNF168,803
XRCC6,TOP3A,731
XRCC6,MRE11,987
XRCC6,KAT5,751
XRCC6,ATR,828
XRCC6,H1-0,706
XRCC6,BLM,910
XRCC6,RAD23B,946
XRCC6,DNA2,870
XRCC6,RAD52,969
XRCC6,H3C12,762
XRCC6,RAD51,930
XRCC6,LIG4,999
XRCC6,CDK1,750
XRCC6,XRCC4,999
XRCC6,KDM1A,923
XRCC6,RBBP8,862
XRCC6,RAD51B,750
XRCC6,ABL1,763
XRCC6,CDK9,743
XRCC6,H2BC21,780
XRCC6,ATRX,802
XRCC6,BRCA1,953
XRCC6,ESR1,709
XRCC6,RECQL4,931
XRCC6,PAXIP1,733
XRCC6,H2AX,988
XRCC6,EXO1,951
XRCC6,CETN2,925
XRCC6,CHEK2,812
XRCC6,XRCC3,757
XRCC6,MYC,836
XRCC6,CHEK1,913
XRCC6,RAD50,909
XRCC6,PCNA,819
XRCC6,BRCA2,883
XRCC6,POLD1,962
XRCC6,XRCC5,999
XRCC6,RNF8,794
CEBPA,CBX5,789
CEBPA,SIRT1,713
CEBPA,TGFB1,850
CEBPA,NR3C1,758
CEBPA,H4C6,714
CEBPA,CDK4,991
CEBPA,CREBBP,711
CEBPA,EP300,902
CEBPA,STAT3,875
CEBPA,DNMT3A,718
CEBPA,PPARGC1A,859
CEBPA,CDK2,992
CEBPA,NCOR1,780
CEBPA,PPARG,991
CEBPA,CEBPB,990
CEBPA,FOS,859
CEBPA,SMAD3,882
CEBPA,KAT5,745
CEBPA,E2F1,913
CEBPA,H3C12,736
CEBPA,JUN,886
CEBPA,HDAC1,939
CEBPA,GATA3,716
CEBPA,FOXO1,975
CEBPA,SMARCA2,758
CEBPA,INS,811
CEBPA,IL6,739
CEBPA,CREB1,831
CEBPA,TNF,926
CEBPA,CTNNB1,733
CEBPA,MYC,904
CEBPA,HIF1A,826
XRCC4,MLH1,718
XRCC4,MSH2,953
XRCC4,PALB2,749
XRCC4,RCOR1,903
XRCC4,XRCC1,940
XRCC4,LIG1,847
XRCC4,ERCC8,936
XRCC4,MSH3,859
XRCC4,PMS2,712
XRCC4,ATM,980
XRCC4,XPC,921
XRCC4,ERCC3,739
XRCC4,FANCD2,765
XRCC4,FEN1,753
XRCC4,ERCC4,945
XRCC4,FANCI,705
XRCC4,PRKDC,999
XRCC4,RAD23B,942
XRCC4,EXO1,729
XRCC4,CETN2,919
XRCC4,BRCA2,845
XRCC4,XRCC5,999
XRCC4,RBBP8,729
XRCC4,KDM1A,910
XRCC4,CHEK1,756
XRCC4,BRCA1,866
XRCC4,H2AX,723
XRCC4,XRCC3,798
XRCC4,POLD1,932
XRCC4,LIG4,999
XRCC4,RAD51,748
CTCF,H4C6,786
CTCF,POU5F1,955
CTCF,YY1,991
CTCF,EP300,959
CTCF,BRD4,726
CTCF,RBBP5,761
CTCF,NCOR1,898
CTCF,SUZ12,987
CTCF,EZH2,916
CTCF,SOX2,768
CTCF,H2AC20,829
CTCF,SMAD3,702
CTCF,WDR5,848
CTCF,H3C12,852
CTCF,DNMT1,778
CTCF,H2BC21,742
CTCF,SIN3A,932
CTCF,ESR1,717
CTCF,TOP2A,753
CTCF,H2AX,724
CTCF,CHD4,763
CTCF,MYC,763
CTCF,H3-2,711
MUS81,MSH2,752
MUS81,BRIP1,899
MUS81,TOPBP1,735
MUS81,BARD1,711
MUS81,PALB2,724
MUS81,MSH3,838
MUS81,NBN,728
MUS81,FANCM,994
MUS81,ATM,849
MUS81,FANCD2,937
MUS81,DDB1,715
MUS81,FEN1,889
MUS81,ATR,753
MUS81,RAD51B,879
MUS81,RAD52,976
MUS81,DNA2,907
MUS81,RAD51,986
MUS81,RBBP8,822
MUS81,RAD50,723
MUS81,BRCA2,919
MUS81,FANCI,859
MUS81,TOP3A,955
MUS81,MRE11,806
MUS81,XRCC5,777
MUS81,ERCC4,994
MUS81,BRCA1,911
MUS81,FANCA,778
MUS81,RECQL4,934
MUS81,RAD51C,867
MUS81,ATRX,857
MUS81,BLM,964
MUS81,EXO1,939
MUS81,PAXIP1,787
MUS81,XRCC3,878
MUS81,CHEK2,906
MUS81,REV3L,738
MUS81,CHEK1,760
MUS81,RMI1,955
MCM2,CDC6,999
MCM2,RBX1,809
MCM2,SUPT16H,735
MCM2,POLE2,992
MCM2,RPA3,840
MCM2,ASF1A,992
MCM2,H4C6,984
MCM2,CDK4,855
MCM2,TIPIN,998
MCM2,MCM4,999
MCM2,LIG1,819
MCM2,ASF1B,996
MCM2,MCM6,999
MCM2,AURKB,702
MCM2,H3C12,977
MCM2,CDT1,999
MCM2,CLSPN,976
MCM2,H4C5,910
MCM2,POLA1,977
MCM2,WDHD1,998
MCM2,H3C6,924
MCM2,CDC45,999
MCM2,H4C8,909
MCM2,H4C11,912
MCM2,POLD1,959
MCM2,MCM3,999
MCM2,FEN1,912
MCM2,PCNA,939
MCM2,CDK6,796
MCM2,RFC3,916
MCM2,H4C9,945
MCM2,H4C2,951
MCM2,CDC7,999
MCM2,CHEK1,870
MCM2,RECQL4,838
MCM2,CDC20,733
MCM2,EXO1,786
MCM2,CCNB2,873
MCM2,H4-16,909
MCM2,H3C2,945
MCM2,ATRIP,781
MCM2,H4C14,909
MCM2,H4C3,941
MCM2,ATR,758
MCM2,H3C4,923
MCM2,CCNA2,827
MCM2,MAD2L1,757
MCM2,H4C15,909
MCM2,H3C1,958
MCM2,H4C4,909
MCM2,H3C8,954
MCM2,RFC5,869
MCM2,POLE,997
MCM2,H3C11,939
MCM2,H4C13,948
MCM2,H3C15,920
MCM2,SSRP1,914
MCM2,CDK1,805
MCM2,H3C7,950
MCM2,CDK2,857
MCM2,RAD51,734
MCM2,RFC4,877
MCM2,H3C14,924
MCM2,MCM10,997
MCM2,TYMS,813
MCL1,CCND1,837
MCL1,SKP1,709
MCL1,MDM2,750
MCL1,STAT3,883
MCL1,ERBB2,713
MCL1,HSPA4,720
MCL1,CYCS,817
MCL1,GSK3B,702
MCL1,CUL1,707
MCL1,CASP9,829
MCL1,HSP90AA1,838
MCL1,CASP8,802
MCL1,BECN1,998
MCL1,CDK1,790
MCL1,AKT1,867
MCL1,PTEN,763
MCL1,CTNNB1,749
MCL1,BTRC,884
MCL1,ABL1,753
MCL1,GAPDH,741
MCL1,ACTB,768
MCL1,MYC,857
MCL1,HIF1A,825
MCL1,FBXW7,945
H4-16,SUPT16H,948
H4-16,ASF1A,941
H4-16,TBP,841
H4-16,H4C6,969
H4-16,CDK7,800
H4-16,DDB2,827
H4-16,GTF2H4,840
H4-16,POU5F1,884
H4-16,BARD1,907
H4-16,MNAT1,834
H4-16,KMT2C,855
H4-16,CREBBP,905
H4-16,EP300,903
H4-16,ASF1B,946
H4-16,RBBP5,940
H4-16,GTF2H1,838
H4-16,RPS27A,888
H4-16,H2BC1,942
H4-16,SSRP1,938
H4-16,ERCC3,834
H4-16,H2BC5,920
H4-16,MED1,803
H4-16,DDB1,825
H4-16,SUZ12,806
H4-16,PRMT5,918
H4-16,EZH2,845
H4-16,ARID1A,805
H4-16,H2BC4,962
H4-16,SOX2,809
H4-16,H2AC20,973
H4-16,CENPA,968
H4-16,H3-5,937
H4-16,H1-0,906
H4-16,H4C11,954
H4-16,H2BC12,971
H4-16,WDR5,831
H4-16,H2AC13,965
H4-16,H2AC11,961
H4-16,H3C12,976
H4-16,H2AC17,958
H4-16,H2BC21,973
H4-16,H3C14,965
H4-16,KDM4A,911
H4-16,H4C2,970
H4-16,H3C4,983
H4-16,H4C3,954
H4-16,NSD2,838
H4-16,ERCC2,836
H4-16,SMARCD1,846
H4-16,KMT5A,915
H4-16,H3C15,965
H4-16,SETD2,877
H4-16,ACTL6A,861
H4-16,TAF1,829
H4-16,POLR2H,875
H4-16,H2AX,953
H4-16,CHD4,926
H4-16,UBC,864
H4-16,H4C5,954
H4-16,H2AC15,960
H4-16,CCNH,805
H4-16,H2AC4,990
H4-16,H2BC15,882
H4-16,H3C6,979
H4-16,H4C8,954
H4-16,ACTB,901
H4-16,UBB,864
H4-16,H4C9,952
H4-16,H3C2,984
H4-16,H4C14,953
H4-16,H3C1,984
H4-16,H2BC14,946
H4-16,H4C4,955
H4-16,H4C15,952
H4-16,H2BC9,888
H4-16,H4C13,954
H4-16,H3C11,984
H4-16,H3C8,984
H4-16,H3C7,984
XRCC1,MLH1,773
XRCC1,MSH2,781
XRCC1,GTF2H4,700
XRCC1,XRCC5,920
XRCC1,ERCC4,886
XRCC1,ERCC3,846
XRCC1,MRE11,902
XRCC1,MSH3,744
XRCC1,PCNA,856
XRCC1,FEN1,946
XRCC1,BRCA2,827
XRCC1,POLD1,904
XRCC1,RAD23B,807
XRCC1,RAD50,757
XRCC1,ATM,835
XRCC1,XRCC3,911
XRCC1,PRKDC,963
XRCC1,EXO1,742
XRCC1,H2AX,788
XRCC1,BRCA1,817
XRCC1,ERCC2,985
XRCC1,RBBP8,912
XRCC1,POLE,911
XRCC1,LIG1,997
XRCC1,NBN,749
XRCC1,RAD51,837
XRCC1,LIG4,928
TOP3A,RPA3,998
TOP3A,FANCE,853
TOP3A,MLH1,778
TOP3A,CDK4,832
TOP3A,BRIP1,749
TOP3A,TOPBP1,753
TOP3A,PALB2,702
TOP3A,FANCM,999
TOP3A,ATM,887
TOP3A,FANCD2,855
TOP3A,FEN1,799
TOP3A,ERCC4,794
TOP3A,RAD9A,703
TOP3A,RMI1,999
TOP3A,MRE11,811
TOP3A,POLD1,769
TOP3A,BRCA2,915
TOP3A,RAD50,807
TOP3A,CHEK1,744
TOP3A,RAD17,807
TOP3A,TOP2A,917
TOP3A,XRCC3,860
TOP3A,EXO1,944
TOP3A,BLM,999
TOP3A,RAD51C,797
TOP3A,RECQL4,962
TOP3A,BRCA1,898
TOP3A,FANCA,998
TOP3A,RAD52,901
TOP3A,ATRIP,744
TOP3A,RAD51B,783
TOP3A,ATR,797
TOP3A,RBBP8,762
TOP3A,RAD51,968
TOP3A,DNA2,997
ABL1,STUB1,775
ABL1,CCND1,742
ABL1,CDKN1B,746
ABL1,KRAS,703
ABL1,CDK4,729
ABL1,MDM2,896
ABL1,ERBB2,731
ABL1,EGFR,861
ABL1,ATM,988
ABL1,HSPA4,722
ABL1,PRKDC,802
ABL1,MRE11,731
ABL1,HSP90AA1,983
ABL1,STAT5A,980
ABL1,RAD52,822
ABL1,BECN1,873
ABL1,NRAS,704
ABL1,JUN,784
ABL1,HSP90AB1,930
ABL1,FBXW7,718
ABL1,MYC,785
ABL1,GRB2,999
ABL1,BRCA1,956
ABL1,CDC42,781
ABL1,YAP1,886
ABL1,PIK3R1,832
ABL1,CTNNB1,949
ABL1,RAD51,915
FANCD2,FANCE,999
FANCD2,MLH1,971
FANCD2,MSH2,957
FANCD2,BRIP1,997
FANCD2,TOPBP1,765
FANCD2,BARD1,783
FANCD2,PALB2,991
FANCD2,MCM4,740
FANCD2,MSH3,780
FANCD2,NBN,858
FANCD2,PMS2,832
FANCD2,FANCM,997
FANCD2,RPS27A,962
FANCD2,ATM,989
FANCD2,XPC,712
FANCD2,ERCC3,722
FANCD2,DNA2,828
FANCD2,LIG4,838
FANCD2,RAD51,998
FANCD2,RBBP8,969
FANCD2,ATR,930
FANCD2,ATRIP,854
FANCD2,UBC,986
FANCD2,ERCC2,795
FANCD2,UBE2T,999
FANCD2,H2AX,887
FANCD2,EXO1,806
FANCD2,FANCA,999
FANCD2,BRCA1,999
FANCD2,RECQL4,747
FANCD2,RAD51C,934
FANCD2,ATRX,761
FANCD2,BLM,933
FANCD2,REV3L,728
FANCD2,UBB,961
FANCD2,CHEK1,958
FANCD2,RMI1,726
FANCD2,XRCC3,926
FANCD2,TTK,700
FANCD2,PRKDC,913
FANCD2,CHEK2,865
FANCD2,BRCA2,999
FANCD2,FANCI,999
FANCD2,POLD1,790
FANCD2,MCM3,717
FANCD2,RAD23B,811
FANCD2,CLSPN,722
FANCD2,XRCC5,918
FANCD2,ERCC4,957
FANCD2,MRE11,734
FANCD2,H3C12,743
BRIP1,FANCE,895
BRIP1,MLH1,999
BRIP1,MSH2,793
BRIP1,BRCA1,999
BRIP1,FANCA,907
BRIP1,RAD51C,941
BRIP1,BLM,950
BRIP1,EXO1,897
BRIP1,XRCC3,753
BRIP1,RAD17,815
BRIP1,ATM,933
BRIP1,RMI1,757
BRIP1,CHEK1,933
BRIP1,WDHD1,717
BRIP1,RAD50,723
BRIP1,PMS2,993
BRIP1,FANCI,994
BRIP1,BRCA2,998
BRIP1,POLD1,800
BRIP1,PALB2,998
BRIP1,MRE11,998
BRIP1,BARD1,999
BRIP1,KAT5,833
BRIP1,ERCC3,866
BRIP1,CLSPN,904
BRIP1,ERCC4,820
BRIP1,DNA2,882
BRIP1,RAD51,951
BRIP1,NBN,998
BRIP1,FANCM,969
BRIP1,GTF2H1,758
BRIP1,RBBP8,902
BRIP1,ATR,775
BRIP1,RAD51B,756
BRIP1,ATRIP,827
BRIP1,RAD9A,812
BRIP1,RAD52,794
BRIP1,TOPBP1,999
BRIP1,UBE2T,742
DDB2,RBX1,999
DDB2,CDKN1B,913
DDB2,H4C6,930
DDB2,NEDD8,722
DDB2,H3C7,907
DDB2,XPC,982
DDB2,H3C8,907
DDB2,GTF2H1,709
DDB2,H4C13,827
DDB2,H3C11,907
DDB2,H3C4,909
DDB2,H4C3,827
DDB2,H4C15,827
DDB2,H3C1,931
DDB2,H4C4,827
DDB2,ERCC8,960
DDB2,H3C2,907
DDB2,ERCC2,915
DDB2,H4C14,827
DDB2,GTF2H4,703
DDB2,CETN2,917
DDB2,DDB1,999
DDB2,H4C9,827
DDB2,ATM,712
DDB2,H4C2,827
DDB2,H4C11,827
DDB2,H4C8,827
DDB2,H3C6,919
DDB2,RAD23B,929
DDB2,H2AC4,812
DDB2,H2BC12,831
DDB2,H3C12,962
DDB2,EP300,803
DDB2,CCNH,711
DDB2,ERCC3,877
DDB2,CDT1,703
DDB2,ERCC4,810
DDB2,H4C5,827
DDB2,XRCC5,770
NUF2,CDC6,717
NUF2,AURKA,893
NUF2,CCNB1,967
NUF2,AURKB,950
NUF2,CDT1,714
NUF2,PBK,960
NUF2,CDC45,816
NUF2,BUB1B,980
NUF2,TTK,989
NUF2,BIRC5,949
NUF2,KIF2C,935
NUF2,TOP2A,936
NUF2,CHEK1,702
NUF2,PTTG1,810
NUF2,CDC20,962
NUF2,HMMR,886
NUF2,BUB1,994
NUF2,KIF4A,911
NUF2,EXO1,899
NUF2,CCNB2,932
NUF2,CDKN3,858
NUF2,PCLAF,728
NUF2,CDCA8,926
NUF2,UBE2T,901
NUF2,CCNA2,940
NUF2,MAD2L1,981
NUF2,TPX2,947
NUF2,BUB3,864
NUF2,ZWINT,991
NUF2,CDK1,957
NUF2,RFC4,809
NUF2,UBE2C,887
NUF2,RAD51,788
NUF2,CENPA,936
NUF2,TYMS,753
KDM6B,SIRT1,774
KDM6B,H4C6,771
KDM6B,H2BC21,820
KDM6B,H3C1,721
KDM6B,H3-5,928
KDM6B,KDM1A,731
KDM6B,H3C15,814
KDM6B,FOS,824
KDM6B,H3C14,819
KDM6B,EP300,754
KDM6B,EZH2,942
KDM6B,H3C12,962
KDM6B,JUN,821
KDM6B,KMT2C,872
KDM6B,H3-2,965
KDM6B,CBX2,767
KDM6B,H3C6,976
KDM6B,RBBP5,961
KDM6B,SMAD3,835
KDM6B,ATP5F1C,901
KDM6B,SUZ12,899
KDM6B,H2AC20,828
KDM6B,KDM4A,756
KDM6B,H2AX,723
KDM6B,WDR5,954
KDM6B,ESR1,752
DNMT3A,CBX5,875
DNMT3A,CCND1,708
DNMT3A,SNAI1,805
DNMT3A,H4C6,974
DNMT3A,TRIM28,942
DNMT3A,HDAC1,997
DNMT3A,H3C6,923
DNMT3A,H3-2,998
DNMT3A,EZH2,999
DNMT3A,H3C12,999
DNMT3A,H4C7,750
DNMT3A,DNMT1,999
DNMT3A,PRMT5,924
DNMT3A,ATRX,747
DNMT3A,ARID1A,720
DNMT3A,H2AX,722
DNMT3A,MYC,991
DNMT3A,H2AC20,775
DNMT3A,SUZ12,798
DNMT3A,H3C4,912
DNMT3A,H3-5,998
DNMT3A,H3C1,964
DNMT3A,H3C2,914
DNMT3A,H2BC21,747
DNMT3A,H3C7,909
DNMT3A,H3C14,910
DNMT3A,NRAS,732
DNMT3A,H3C8,910
DNMT3A,H3C15,910
DNMT3A,H3C11,910
DNMT3A,KDM1A,751
CDC25C,CDC6,818
CDC25C,AURKA,831
CDC25C,CCNA1,878
CDC25C,CCNB1,991
CDC25C,CDK4,830
CDC25C,CCNE1,738
CDC25C,CDK2,994
CDC25C,EGFR,772
CDC25C,ATM,813
CDC25C,BUB1B,809
CDC25C,CCNB2,993
CDC25C,BIRC5,787
CDC25C,BUB1,921
CDC25C,CDC25A,961
CDC25C,CLSPN,709
CDC25C,AURKB,843
CDC25C,CDC20,900
CDC25C,BRCA1,735
CDC25C,HMMR,720
CDC25C,KIF4A,798
CDC25C,H2AX,703
CDC25C,CDKN3,730
CDC25C,TTK,787
CDC25C,TOP2A,797
CDC25C,KIF2C,907
CDC25C,CHEK2,998
CDC25C,PTTG1,716
CDC25C,CHEK1,999
CDC25C,CDC45,856
CDC25C,FOXM1,823
CDC25C,CDK1,999
CDC25C,UBE2C,816
CDC25C,CENPA,845
CDC25C,CCNA2,956
CDC25C,ATR,798
CDC25C,CDCA8,821
HDAC1,SIRT1,993
HDAC1,KAT2A,974
HDAC1,HDAC5,818
HDAC1,NFKB1,996
HDAC1,CCND1,833
HDAC1,TBP,865
HDAC1,NR3C1,929
HDAC1,SNAI1,999
HDAC1,H4C6,984
HDAC1,TRIM28,968
HDAC1,MDM2,963
HDAC1,POU5F1,896
HDAC1,YY1,999
HDAC1,RCOR1,999
HDAC1,CREBBP,960
HDAC1,EP300,999
HDAC1,BRD4,954
HDAC1,KAT2B,976
HDAC1,STAT3,984
HDAC1,NCOR1,999
HDAC1,H2BC1,860
HDAC1,EGFR,765
HDAC1,ATM,948
HDAC1,PPARG,857
HDAC1,H2BC5,762
HDAC1,DDB1,888
HDAC1,HSPA4,921
HDAC1,HDAC3,925
HDAC1,CEBPB,991
HDAC1,FOS,823
HDAC1,SUZ12,960
HDAC1,EZH2,999
HDAC1,ARID1A,793
HDAC1,H2BC4,760
HDAC1,SOX2,966
HDAC1,SP1,991
HDAC1,H2AC20,877
HDAC1,SMAD3,980
HDAC1,HSP90AA1,764
HDAC1,H3-5,967
HDAC1,KAT5,985
HDAC1,SMAD4,972
HDAC1,USP7,929
HDAC1,E2F1,999
HDAC1,UBE2I,860
HDAC1,H2BC12,764
HDAC1,WDR5,950
HDAC1,H2AC13,849
HDAC1,H3C12,986
HDAC1,DNMT1,999
HDAC1,RNF2,868
HDAC1,BUB3,717
HDAC1,H2BC21,891
HDAC1,JUN,967
HDAC1,HSP90AB1,751
HDAC1,KDM4A,758
HDAC1,H2AX,816
HDAC1,ESR1,998
HDAC1,BRCA1,958
HDAC1,SIN3A,999
HDAC1,RING1,849
HDAC1,ACTB,766
HDAC1,GAPDH,762
HDAC1,CHD4,999
HDAC1,MYC,991
HDAC1,TOP2A,809
HDAC1,SUMO2,730
HDAC1,HIF1A,983
HDAC1,H3-2,969
HDAC1,GATA3,911
HDAC1,H2BC15,759
HDAC1,CREB1,877
HDAC1,FOXO1,728
HDAC1,NSD2,901
HDAC1,H4C7,831
HDAC1,PRMT1,907
HDAC1,SMARCA2,848
HDAC1,CDK1,840
HDAC1,AKT1,758
HDAC1,H2BC9,762
HDAC1,KDM1A,999
HDAC1,CTNNB1,985
HDAC1,H3C1,700
HDAC1,H2BC14,761
HDAC1,NOTCH1,790
HDAC1,CCNA2,806
H4C9,SUPT16H,953
H4C9,ASF1A,976
H4C9,TBP,841
H4C9,H4C6,984
H4C9,CDK7,800
H4C9,GTF2H4,840
H4C9,POU5F1,811
H4C9,BARD1,907
H4C9,MNAT1,834
H4C9,KMT2C,856
H4C9,CREBBP,903
H4C9,EP300,928
H4C9,ASF1B,978
H4C9,RBBP5,940
H4C9,GTF2H1,838
H4C9,RPS27A,888
H4C9,H2BC1,940
H4C9,SSRP1,948
H4C9,ERCC3,834
H4C9,H2BC5,932
H4C9,MED1,804
H4C9,DDB1,820
H4C9,SUZ12,806
H4C9,PRMT5,919
H4C9,EZH2,839
H4C9,ARID1A,800
H4C9,H2BC4,962
H4C9,SOX2,801
H4C9,H2AC20,972
H4C9,CENPA,968
H4C9,H3-5,935
H4C9,H1-0,901
H4C9,H4C11,962
H4C9,H2BC12,979
H4C9,WDR5,831
H4C9,H2AC13,971
H4C9,H2AC11,964
H4C9,H3C12,979
H4C9,H2AC17,967
H4C9,H2BC21,968
H4C9,H3C14,964
H4C9,KDM4A,912
H4C9,H4C2,980
H4C9,H3C4,985
H4C9,H4C3,953
H4C9,NSD2,839
H4C9,ERCC2,836
H4C9,SMARCD1,847
H4C9,KMT5A,931
H4C9,H3C15,962
H4C9,SETD2,873
H4C9,ACTL6A,861
H4C9,TAF1,826
H4C9,POLR2H,875
H4C9,H2AX,961
H4C9,CHD4,944
H4C9,UBC,864
H4C9,H4C15,952
H4C9,H4C14,956
H4C9,H2BC14,956
H4C9,UBB,864
H4C9,H2BC9,898
H4C9,H4C4,963
H4C9,H3C1,985
H4C9,H4C13,971
H4C9,ACTB,898
H4C9,H4C8,957
H4C9,H3C6,979
H4C9,H2AC4,992
H4C9,H2BC15,917
H4C9,CCNH,805
H4C9,H4C5,963
H4C9,H2AC15,977
H4C9,H3C7,986
H4C9,H3C8,987
H4C9,H3C11,986
H4C9,H3C2,987
RAD51,RFC2,786
RAD51,CDC6,823
RAD51,POLE2,788
RAD51,AGO2,781
RAD51,RPA3,851
RAD51,CCND1,721
RAD51,FANCE,821
RAD51,MLH1,893
RAD51,MSH2,944
RAD51,H4C6,716
RAD51,CCNB1,759
RAD51,PHC2,737
RAD51,CDK4,913
RAD51,TOPBP1,893
RAD51,BARD1,999
RAD51,PALB2,999
RAD51,ANAPC5,724
RAD51,TIPIN,764
RAD51,MCM4,809
RAD51,LIG1,824
RAD51,MCM6,774
RAD51,UBE2S,865
RAD51,MSH3,752
RAD51,NBN,925
RAD51,PMS2,784
RAD51,CDK2,822
RAD51,FANCM,973
RAD51,ATM,995
RAD51,BUB1B,942
RAD51,CCNB2,811
RAD51,MAD2L1,796
RAD51,PCLAF,745
RAD51,TPX2,714
RAD51,CDT1,724
RAD51,BIRC5,853
RAD51,BUB1,832
RAD51,FEN1,959
RAD51,CBX2,736
RAD51,ERCC4,927
RAD51,FANCI,949
RAD51,RAD9A,951
RAD51,PRKDC,823
RAD51,AURKB,785
RAD51,TYMS,753
RAD51,RMI1,956
RAD51,POLE,828
RAD51,ATRIP,894
RAD51,MRE11,984
RAD51,RAD51C,996
RAD51,CENPA,754
RAD51,ANAPC1,739
RAD51,H3-5,758
RAD51,KAT5,759
RAD51,BABAM2,975
RAD51,ATR,942
RAD51,E2F1,820
RAD51,BLM,998
RAD51,UBE2I,955
RAD51,CDC16,759
RAD51,UBE2C,904
RAD51,DNA2,979
RAD51,RAD52,999
RAD51,REV3L,881
RAD51,H3C12,764
RAD51,WDHD1,882
RAD51,EXO1,997
RAD51,RNF2,804
RAD51,H2BC21,715
RAD51,BRCC3,969
RAD51,TTK,768
RAD51,PCGF6,744
RAD51,PTEN,759
RAD51,CDC20,844
RAD51,CDCA8,795
RAD51,ATRX,999
RAD51,RNF8,717
RAD51,ZWINT,736
RAD51,CDC26,720
RAD51,KIF4A,803
RAD51,RING1,782
RAD51,RAD50,858
RAD51,POLA1,787
RAD51,PCNA,937
RAD51,RFC3,833
RAD51,BRCA2,999
RAD51,SMARCA2,772
RAD51,CHEK2,930
RAD51,FANCA,936
RAD51,SQSTM1,839
RAD51,ERCC2,879
RAD51,XRCC5,855
RAD51,RFC4,888
RAD51,CDC23,786
RAD51,CDK1,837
RAD51,RBBP8,954
RAD51,PAXIP1,764
RAD51,CHEK1,998
RAD51,ANAPC7,725
RAD51,CDC45,927
RAD51,SUMO2,818
RAD51,RFC5,869
RAD51,TOP2A,799
RAD51,MCM10,784
RAD51,BRCA1,999
RAD51,RAD51B,904
RAD51,PHC3,742
RAD51,ANAPC13,720
RAD51,RAD17,884
RAD51,ANAPC4,723
RAD51,PBK,733
RAD51,H2AX,993
RAD51,CDC27,772
RAD51,ANAPC15,723
RAD51,PHC1,726
RAD51,CUL7,766
RAD51,XRCC3,998
RAD51,POLD1,921
RAD51,ANAPC16,720
RAD51,ANAPC10,727
RAD51,MCM3,753
RAD51,CCNA2,791
RAD51,PCGF2,744
RAD51,RECQL4,982
RAD51,LIG4,794
RAD51,UBE2T,728
RAD51,H3-2,758
MDM2,NFKB1,719
MDM2,CCND1,926
MDM2,TBP,781
MDM2,SNAI1,851
MDM2,TRIM28,900
MDM2,CCNA1,810
MDM2,CCNB1,748
MDM2,CDK4,884
MDM2,YY1,892
MDM2,UBE2D1,997
MDM2,PTEN,902
MDM2,FOS,722
MDM2,RPS27A,994
MDM2,CDK2,849
MDM2,AKT1,999
MDM2,EGFR,897
MDM2,CDK1,829
MDM2,RPS3,959
MDM2,NBN,774
MDM2,CCNL2,800
MDM2,USP7,999
MDM2,UBC,990
MDM2,BTRC,960
MDM2,E2F1,992
MDM2,NOTCH1,843
MDM2,SP1,799
MDM2,CCNA2,837
MDM2,CREBBP,909
MDM2,CASP9,869
MDM2,CTNNB1,823
MDM2,CHEK2,983
MDM2,DDB1,831
MDM2,MYC,813
MDM2,IGF1R,981
MDM2,UBB,961
MDM2,SUZ12,768
MDM2,BECN1,751
MDM2,ATM,995
MDM2,GAPDH,741
MDM2,BRCA1,794
MDM2,ESR1,946
MDM2,CDKN3,773
MDM2,KAT2B,871
MDM2,UBE2I,860
MDM2,BARD1,821
MDM2,HSPA4,873
MDM2,GSK3B,703
MDM2,KAT5,915
MDM2,AKT3,966
MDM2,STAT3,715
MDM2,JUN,803
MDM2,EP300,999
MDM2,HSP90AB1,753
MDM2,EZH2,945
MDM2,RPL11,999
MDM2,RPL5,999
MDM2,HSP90AA1,909
MDM2,FOXO1,774
MDM2,CASP8,750
MDM2,CUL1,741
MDM2,RPL23,941
MDM2,HIF1A,988
MDM2,BRCA2,702
CCND1,CD4,781
CCND1,SIRT1,721
CCND1,AGO2,728
CCND1,RPS6KB1,720
CCND1,NRAS,791
CCND1,FOS,942
CCND1,PTEN,855
CCND1,SOX2,792
CCND1,BRAF,864
CCND1,CDK1,998
CCND1,AKT1,923
CCND1,EGFR,841
CCND1,MMP9,799
CCND1,CDK2,999
CCND1,TAF1,881
CCND1,SKP1,968
CCND1,CCNL2,949
CCND1,MCM10,839
CCND1,CDKN1B,999
CCND1,SNAI1,705
CCND1,ERBB2,904
CCND1,MAPK8,724
CCND1,KIT,749
CCND1,KRAS,835
CCND1,NOTCH1,902
CCND1,E2F1,938
CCND1,CASP9,844
CCND1,CTNNB1,972
CCND1,CREBBP,986
CCND1,CDK4,999
CCND1,MYC,969
CCND1,CDK6,999
CCND1,BIRC5,751
CCND1,H4C6,758
CCND1,GAPDH,819
CCND1,ACTB,811
CCND1,PRMT5,903
CCND1,CCNB1,797
CCND1,ESR1,997
CCND1,BRCA1,922
CCND1,ARID1A,752
CCND1,JAK2,852
CCND1,HDAC3,900
CCND1,PXDN,778
CCND1,H2AX,735
CCND1,KAT2B,959
CCND1,JUN,919
CCND1,H3C12,826
CCND1,HSP90AB1,711
CCND1,EP300,974
CCND1,FOXM1,725
CCND1,STAT3,980
CCND1,GSK3B,987
CCND1,CCNH,716
CCND1,CCNE1,841
CCND1,IL6,763
CCND1,CDK7,720
CCND1,PXDNL,761
CCND1,FOXO1,836
CCND1,CUL1,924
CCND1,CREB1,949
CCND1,HSP90AA1,819
CCND1,CDC25A,970
CCND1,MCM3,732
CCND1,PGR,834
CCND1,BRCA2,861
CCND1,HIF1A,876
CCND1,PCNA,989
CCND1,GATA3,848
MAD2L1,CDC6,754
MAD2L1,AURKA,929
MAD2L1,CCNA1,749
MAD2L1,CCNB1,988
MAD2L1,ANAPC5,950
MAD2L1,MCM4,855
MAD2L1,MCM6,825
MAD2L1,CDK2,802
MAD2L1,BUB1B,999
MAD2L1,CCNB2,962
MAD2L1,CDC45,862
MAD2L1,PBK,952
MAD2L1,PCNA,792
MAD2L1,CDC26,960
MAD2L1,MCM3,793
MAD2L1,ANAPC16,907
MAD2L1,AURKB,930
MAD2L1,FOXM1,710
MAD2L1,CDC23,993
MAD2L1,HMMR,801
MAD2L1,BUB1,999
MAD2L1,ANAPC4,999
MAD2L1,CDC20,999
MAD2L1,CDKN3,870
MAD2L1,PCLAF,774
MAD2L1,EXO1,800
MAD2L1,CETN2,906
MAD2L1,KIF4A,726
MAD2L1,ANAPC13,932
MAD2L1,KIF2C,927
MAD2L1,TOP2A,890
MAD2L1,CHEK2,712
MAD2L1,BIRC5,981
MAD2L1,RFC3,859
MAD2L1,TTK,995
MAD2L1,CDC16,998
MAD2L1,REV3L,822
MAD2L1,PTTG1,891
MAD2L1,CHEK1,927
MAD2L1,BUB3,999
MAD2L1,TPX2,863
MAD2L1,CCNA2,988
MAD2L1,ANAPC10,999
MAD2L1,ANAPC7,978
MAD2L1,ANAPC1,991
MAD2L1,CDCA8,935
MAD2L1,UBE2T,838
MAD2L1,CDC27,999
MAD2L1,UBE2C,929
MAD2L1,RFC4,947
MAD2L1,CDK1,992
MAD2L1,CENPA,865
MAD2L1,MCM10,798
MAD2L1,TYMS,900
MAD2L1,ANAPC15,905
MAD2L1,ZWINT,899
CASP8,PXDN,703
CASP8,IL1B,943
CASP8,CDK2,756
CASP8,EGFR,737
CASP8,ATM,961
CASP8,HSPA4,711
CASP8,CYCS,952
CASP8,CASP9,944
CASP8,PXDNL,703
CASP8,BECN1,914
CASP8,ACTB,779
CASP8,GAPDH,717
CASP8,MYC,790
CASP8,CHUK,950
CASP8,TNF,999
CASP8,IKBKB,870
CASP8,TRAF6,978
CASP8,SQSTM1,982
CASP8,IL6,739
CASP8,JUN,782
CASP8,HSP90AB1,761
CASP8,PTEN,781
CASP8,CDK1,716
CASP8,MMP9,712
CASP8,AKT1,790
CASP8,MAPK8,890
CASP8,CTNNB1,768
VCP,NFKBIA,863
VCP,STUB1,812
VCP,RPS27A,887
VCP,HSPA4,867
VCP,AURKB,797
VCP,HSPA5,944
VCP,CUL1,890
VCP,HSP90AA1,933
VCP,RAD23B,878
VCP,UBC,975
VCP,BTRC,856
VCP,AKT1,735
VCP,PRKN,928
VCP,SQSTM1,884
VCP,HSP90AB1,906
VCP,BRCA1,787
VCP,ACTB,728
VCP,GAPDH,742
VCP,UBB,843
IKBKB,NFKBIA,999
IKBKB,NFKB1,999
IKBKB,CREBBP,801
IKBKB,IL1B,865
IKBKB,STAT3,749
IKBKB,CUL1,762
IKBKB,HSP90AA1,975
IKBKB,BTRC,950
IKBKB,CHUK,999
IKBKB,JUN,785
IKBKB,HSP90AB1,976
IKBKB,PTEN,952
IKBKB,FOXO1,944
IKBKB,SQSTM1,854
IKBKB,INS,721
IKBKB,IL6,736
IKBKB,TNF,999
IKBKB,PPP2CA,782
IKBKB,MYC,778
IKBKB,TRAF6,999
IKBKB,NDUFA6,886
IKBKB,AKT3,917
IKBKB,AKT1,990
IKBKB,CTNNB1,843
PHC2,CDC27,901
PHC2,UBE2S,906
PHC2,PHC1,996
PHC2,ANAPC1,900
PHC2,ANAPC7,900
PHC2,ANAPC10,900
PHC2,ANAPC15,900
PHC2,PCGF6,974
PHC2,CUL7,902
PHC2,UBE2C,904
PHC2,PHC3,973
PHC2,EZH2,955
PHC2,ANAPC16,900
PHC2,BARD1,901
PHC2,CDC23,900
PHC2,CBX2,999
PHC2,BRCA2,720
PHC2,CDC26,900
PHC2,BUB1B,720
PHC2,PCGF2,998
PHC2,ANAPC13,900
PHC2,H2AC20,773
PHC2,BRCC3,903
PHC2,SUZ12,957
PHC2,CDC16,900
PHC2,BABAM2,902
PHC2,BRCA1,901
PHC2,ANAPC4,904
PHC2,RING1,998
PHC2,RNF2,997
PHC2,ANAPC5,900
XRCC3,FANCE,789
XRCC3,MLH1,705
XRCC3,BARD1,905
XRCC3,PALB2,910
XRCC3,NBN,794
XRCC3,FANCM,833
XRCC3,ATM,918
XRCC3,FEN1,827
XRCC3,ERCC4,788
XRCC3,FANCI,701
XRCC3,PRKDC,767
XRCC3,RMI1,787
XRCC3,POLE,749
XRCC3,MRE11,883
XRCC3,RAD51C,999
XRCC3,BLM,962
XRCC3,DNA2,806
XRCC3,RAD52,978
XRCC3,REV3L,746
XRCC3,EXO1,880
XRCC3,ATRX,884
XRCC3,RAD50,706
XRCC3,BRCA2,999
XRCC3,CHEK2,809
XRCC3,FANCA,799
XRCC3,ERCC2,897
XRCC3,XRCC5,760
XRCC3,RBBP8,779
XRCC3,CHEK1,739
XRCC3,BRCA1,953
XRCC3,RAD51B,985
XRCC3,LIG4,824
XRCC3,POLD1,839
XRCC3,RECQL4,905
ZWINT,CDC6,710
ZWINT,CBX5,761
ZWINT,AURKA,787
ZWINT,TRIM28,801
ZWINT,CCNB1,950
ZWINT,BUB1B,996
ZWINT,CCNB2,920
ZWINT,PCLAF,913
ZWINT,TPX2,913
ZWINT,BIRC5,917
ZWINT,BUB1,991
ZWINT,AURKB,927
ZWINT,TYMS,845
ZWINT,CENPA,908
ZWINT,UBE2C,878
ZWINT,EXO1,724
ZWINT,BUB3,897
ZWINT,TTK,766
ZWINT,KIF2C,827
ZWINT,CDC20,968
ZWINT,CDCA8,780
ZWINT,CDK1,950
ZWINT,RFC4,758
ZWINT,CCNA2,901
ZWINT,UBE2T,730
ZWINT,KIF4A,848
ZWINT,HMMR,891
ZWINT,PTTG1,725
ZWINT,CHEK1,722
ZWINT,TOP2A,875
ZWINT,PBK,821
ZWINT,CDC45,842
TBP,SIRT1,745
TBP,KAT2A,959
TBP,PGR,715
TBP,H3-2,858
TBP,H4C11,841
TBP,H4C8,841
TBP,TRRAP,799
TBP,CREB1,735
TBP,H4C5,841
TBP,CDK7,983
TBP,ERCC3,998
TBP,CCNH,955
TBP,KAT5,787
TBP,H4C7,706
TBP,POLR2H,975
TBP,JUN,777
TBP,H3C12,919
TBP,EP300,946
TBP,MED1,954
TBP,KAT2B,960
TBP,WDR5,751
TBP,GTF2H4,997
TBP,ESR1,949
TBP,H4C2,841
TBP,CHD4,708
TBP,GAPDH,887
TBP,H2AC20,817
TBP,ACTB,905
TBP,H4C6,963
TBP,MYC,953
TBP,H4C4,841
TBP,CTNNB1,743
TBP,MNAT1,971
TBP,E2F1,786
TBP,H4C15,844
TBP,H3-5,858
TBP,H4C3,841
TBP,SP1,994
TBP,ERCC2,994
TBP,H2BC21,815
TBP,CDK9,775
TBP,H4C14,841
TBP,UBC,770
TBP,H3C14,857
TBP,TAF1,999
TBP,FOS,807
TBP,H3C15,855
TBP,H4C13,841
TBP,GTF2H1,988
TBP,YY1,740
GRB2,CDKN1B,827
GRB2,KRAS,931
GRB2,STAT3,892
GRB2,ERBB2,999
GRB2,EGFR,999
GRB2,KIT,998
GRB2,HSP90AA1,835
GRB2,STAT5A,854
GRB2,NRAS,815
GRB2,JAK2,987
GRB2,AKT1,907
GRB2,CDC42,922
GRB2,PIK3R1,998
GRB2,ACTB,814
GRB2,IGF1R,985
GRB2,MYC,732
GRB2,INS,855
GRB2,ESR1,819
CD44,CD4,950
CD44,TGFB1,747
CD44,IL2,806
CD44,SNAI1,721
CD44,POU5F1,819
CD44,IL1B,707
CD44,FGF2,993
CD44,STAT3,802
CD44,ERBB2,999
CD44,EGFR,998
CD44,KIT,794
CD44,ALB,739
CD44,SOX2,792
CD44,HSP90AA1,779
CD44,HSP90AB1,780
CD44,PTEN,754
CD44,MMP9,998
CD44,HMMR,995
CD44,GAPDH,745
CD44,IL6,821
CD44,AKT1,777
CD44,IL10,795
CD44,NOTCH1,760
CD44,CTNNB1,846
CD44,CDC42,987
CD44,ESR1,769
CD44,TNF,822
CD44,MYC,772
CD44,ACTB,728
BIRC5,CDC6,732
BIRC5,AURKA,993
BIRC5,CCNB1,993
BIRC5,CDK4,857
BIRC5,ASF1B,807
BIRC5,STAT3,796
BIRC5,CDK2,755
BIRC5,ERBB2,700
BIRC5,BUB1B,987
BIRC5,CCNB2,993
BIRC5,PCLAF,930
BIRC5,TPX2,952
BIRC5,CDT1,781
BIRC5,CDC20,995
BIRC5,BUB1,979
BIRC5,HMMR,882
BIRC5,EXO1,823
BIRC5,KIF4A,925
BIRC5,CDKN3,887
BIRC5,MYC,825
BIRC5,TTK,936
BIRC5,TOP2A,976
BIRC5,KIF2C,972
BIRC5,BECN1,746
BIRC5,PTTG1,926
BIRC5,CHEK1,815
BIRC5,PBK,978
BIRC5,CDC45,873
BIRC5,H3-2,805
BIRC5,AURKB,999
BIRC5,FOXM1,958
BIRC5,H3C12,784
BIRC5,CDK1,997
BIRC5,UBE2C,992
BIRC5,RFC4,723
BIRC5,TYMS,862
BIRC5,CENPA,955
BIRC5,CCNA2,956
BIRC5,H3-5,793
BIRC5,CASP9,911
BIRC5,CDCA8,999
BIRC5,UBE2T,720
UBE2D1,RBX1,999
UBE2D1,NFKBIA,964
UBE2D1,STUB1,999
UBE2D1,SKP1,973
UBE2D1,NEDD8,772
UBE2D1,BARD1,953
UBE2D1,ANAPC5,876
UBE2D1,UBE2S,821
UBE2D1,RPS27A,993
UBE2D1,HSPA4,811
UBE2D1,RNF168,783
UBE2D1,CUL1,966
UBE2D1,ANAPC1,844
UBE2D1,BABAM2,747
UBE2D1,CDC16,878
UBE2D1,UBE2C,834
UBE2D1,RNF2,789
UBE2D1,BTRC,951
UBE2D1,RNF8,755
UBE2D1,BRCA1,973
UBE2D1,TRAF6,885
UBE2D1,ANAPC4,873
UBE2D1,UBB,981
UBE2D1,HIF1A,714
UBE2D1,CDC26,860
UBE2D1,CDC23,875
UBE2D1,ANAPC16,850
UBE2D1,ANAPC15,870
UBE2D1,ANAPC10,906
UBE2D1,ANAPC7,843
UBE2D1,CDC27,865
UBE2D1,UBC,997
WDR5,KAT2A,999
WDR5,H4C6,973
WDR5,POU5F1,991
WDR5,KMT2C,999
WDR5,YY1,743
WDR5,EP300,896
WDR5,BRD4,860
WDR5,KAT2B,993
WDR5,RBBP5,999
WDR5,RPS27A,882
WDR5,DDB1,851
WDR5,HDAC3,950
WDR5,SUZ12,783
WDR5,PRMT5,907
WDR5,EZH2,904
WDR5,SOX2,743
WDR5,H2AC20,752
WDR5,H3-5,999
WDR5,KAT5,846
WDR5,H4C11,831
WDR5,H2BC12,917
WDR5,H3C12,999
WDR5,PRMT1,765
WDR5,H2AC15,832
WDR5,H4C5,831
WDR5,SETD2,990
WDR5,TRRAP,881
WDR5,H3C6,966
WDR5,H4C8,832
WDR5,H3-2,999
WDR5,H2AC4,832
WDR5,MYC,980
WDR5,ACTB,821
WDR5,H4C2,835
WDR5,UBB,861
WDR5,RNF2,994
WDR5,ACTL6A,795
WDR5,SIN3A,730
WDR5,RING1,903
WDR5,H2AC13,836
WDR5,PAXIP1,999
WDR5,H3C2,922
WDR5,UBC,911
WDR5,H4C14,831
WDR5,H2BC21,772
WDR5,H2AC11,832
WDR5,H4C3,832
WDR5,H3C4,922
WDR5,H4C15,831
WDR5,H3C1,991
WDR5,H4C4,831
WDR5,H3C8,922
WDR5,H3C11,922
WDR5,PCGF6,970
WDR5,H4C13,832
WDR5,H3C15,922
WDR5,H2AC17,835
WDR5,KDM1A,736
WDR5,H3C7,922
WDR5,TAF1,942
WDR5,H3C14,922
GATA3,CD4,899
GATA3,HDAC5,760
GATA3,NFKB1,748
GATA3,IL2,716
GATA3,YY1,877
GATA3,CREBBP,801
GATA3,EP300,959
GATA3,STAT3,883
GATA3,HDAC3,773
GATA3,CEBPB,708
GATA3,FOS,868
GATA3,PGR,810
GATA3,SMAD3,782
GATA3,STAT5A,777
GATA3,H3C12,727
GATA3,JUN,897
GATA3,IL10,759
GATA3,CREB1,784
GATA3,HIF1A,714
GATA3,CHD4,704
GATA3,BRCA1,770
GATA3,ESR1,982
H2BC14,KAT2A,700
H2BC14,HDAC5,710
H2BC14,H4C6,997
H2BC14,KAT2B,700
H2BC14,H2BC5,919
H2BC14,HDAC3,720
H2BC14,H2BC4,908
H2BC14,H2AC20,908
H2BC14,CENPA,983
H2BC14,H3-5,870
H2BC14,H1-0,915
H2BC14,H4C11,955
H2BC14,H2AC13,912
H2BC14,H3C12,939
H2BC14,TRRAP,716
H2BC14,H2BC21,907
H2BC14,H3C14,904
H2BC14,HDAC8,727
H2BC14,H4C2,967
H2BC14,H4C3,948
H2BC14,H3C15,896
H2BC14,BRCA1,793
H2BC14,H2AX,854
H2BC14,H4C15,945
H2BC14,H4C14,949
H2BC14,H4C7,836
H2BC14,H4C13,970
H2BC14,H3C11,717
H2BC14,H2BC9,943
H2BC14,H3C2,741
H2BC14,H4C4,962
H2BC14,MYC,708
H2BC14,H4C5,967
H2BC14,H3-2,872
H2BC14,H2AC4,760
H2BC14,H2BC15,930
H2BC14,H4C8,953
CDC23,CDC6,807
CDC23,CCNB1,974
CDC23,BARD1,913
CDC23,ANAPC5,999
CDC23,CCNE1,727
CDC23,UBE2S,995
CDC23,CDK2,866
CDC23,BUB1B,999
CDC23,CCNB2,953
CDC23,BUB1,934
CDC23,CBX2,902
CDC23,ANAPC1,999
CDC23,BABAM2,901
CDC23,CDC16,999
CDC23,UBE2C,991
CDC23,RNF2,905
CDC23,BUB3,979
CDC23,BRCC3,913
CDC23,PCGF6,911
CDC23,CDC20,999
CDC23,CDC26,999
CDC23,RING1,903
CDC23,BRCA2,729
CDC23,PTTG1,828
CDC23,ANAPC4,999
CDC23,BRCA1,911
CDC23,ANAPC13,999
CDC23,PCGF2,905
CDC23,UBB,901
CDC23,ANAPC16,999
CDC23,PHC3,900
CDC23,CUL7,912
CDC23,CDK1,895
CDC23,ANAPC15,999
CDC23,PHC1,900
CDC23,CCNA2,942
CDC23,ANAPC10,999
CDC23,ANAPC7,999
CDC23,CDC27,999
CDC23,UBC,901
TRIM28,CBX5,997
TRIM28,SIRT1,754
TRIM28,H4C6,796
TRIM28,H3C12,732
TRIM28,EZH2,887
TRIM28,BRD4,757
TRIM28,DNMT1,985
TRIM28,SUMO2,899
TRIM28,MYC,722
TRIM28,POU5F1,738
TRIM28,ATM,763
TRIM28,CHD4,894
TRIM28,SIN3A,818
TRIM28,UBE2I,960
TRIM28,CDK9,847
TRIM28,UBC,700
TRIM28,NCOR1,893
TRIM28,YY1,832
TRIM28,KDM1A,895
BECN1,SIRT1,700
BECN1,RPS6KB1,728
BECN1,PXDN,738
BECN1,STAT3,803
BECN1,ERBB2,888
BECN1,EGFR,837
BECN1,HSPA4,885
BECN1,CYCS,778
BECN1,HSPA5,765
BECN1,CASP9,928
BECN1,HSP90AA1,793
BECN1,PXDNL,734
BECN1,PRKN,989
BECN1,SQSTM1,958
BECN1,HSP90AB1,719
BECN1,JUN,725
BECN1,TRAF6,982
BECN1,GAPDH,757
BECN1,ACTB,785
BECN1,MAPK8,769
BECN1,AKT1,918
PCNA,RFC2,999
PCNA,CDC6,716
PCNA,POLE2,725
PCNA,RPA3,869
PCNA,MLH1,893
PCNA,MSH2,972
PCNA,CCNB1,867
PCNA,CDK7,909
PCNA,CDK4,996
PCNA,MNAT1,907
PCNA,MCM4,965
PCNA,CCNE1,896
PCNA,EP300,900
PCNA,LIG1,999
PCNA,MCM6,912
PCNA,MSH3,958
PCNA,CDK6,981
PCNA,PMS2,866
PCNA,CDK2,951
PCNA,FANCM,845
PCNA,RPS27A,983
PCNA,PCLAF,997
PCNA,CDT1,995
PCNA,FEN1,999
PCNA,TYMS,913
PCNA,POLE,988
PCNA,RAD51C,751
PCNA,UBE2I,934
PCNA,REV3L,937
PCNA,DNMT1,991
PCNA,WDHD1,701
PCNA,EXO1,960
PCNA,CDC20,798
PCNA,POLA1,987
PCNA,CDC45,739
PCNA,SUMO2,846
PCNA,MCM3,975
PCNA,POLD1,999
PCNA,CCNH,916
PCNA,XRCC5,824
PCNA,RFC3,999
PCNA,TOP2A,789
PCNA,RAD17,756
PCNA,UBB,959
PCNA,CHEK1,757
PCNA,CCNA2,925
PCNA,RAD51B,731
PCNA,UBC,961
PCNA,CDK1,930
PCNA,LIG4,866
PCNA,RFC4,999
PCNA,RFC5,999
PCNA,KMT5A,854
GAPDH,CD4,759
GAPDH,SIRT1,892
GAPDH,NFKBIA,789
GAPDH,AGO2,786
GAPDH,TGFB1,811
GAPDH,RPS6KB1,713
GAPDH,NFKB1,783
GAPDH,IL2,813
GAPDH,SNAI1,762
GAPDH,PXDN,924
GAPDH,CCNB1,828
GAPDH,CDK4,723
GAPDH,POU5F1,818
GAPDH,CCNE1,736
GAPDH,EP300,787
GAPDH,IL1B,872
GAPDH,FGF2,746
GAPDH,STAT3,807
GAPDH,CDK2,791
GAPDH,ERBB2,806
GAPDH,EGFR,955
GAPDH,PPARG,742
GAPDH,ALB,895
GAPDH,HSPA4,901
GAPDH,FOS,722
GAPDH,CYCS,880
GAPDH,SOX2,752
GAPDH,HSPA5,806
GAPDH,GSK3B,817
GAPDH,SP1,724
GAPDH,CASP9,786
GAPDH,SMAD3,794
GAPDH,HSP90AA1,922
GAPDH,H3-5,813
GAPDH,PXDNL,924
GAPDH,H3C12,815
GAPDH,PRKN,773
GAPDH,JUN,781
GAPDH,HSP90AB1,872
GAPDH,PTEN,752
GAPDH,MMP9,814
GAPDH,RPLP0,874
GAPDH,CTNNB1,897
GAPDH,ESR1,800
GAPDH,MYC,850
GAPDH,H3-2,813
GAPDH,IL6,879
GAPDH,IL10,782
GAPDH,AKT1,911
GAPDH,UBC,735
GAPDH,TNF,849
GAPDH,ACTB,975
GAPDH,UBB,869
GAPDH,INS,816
GAPDH,HIF1A,751
CTNNB1,CD4,700
CTNNB1,SIRT1,902
CTNNB1,RBX1,771
CTNNB1,AURKA,732
CTNNB1,TGFB1,789
CTNNB1,KAT2A,826
CTNNB1,NFKB1,964
CTNNB1,SKP1,999
CTNNB1,NR3C1,707
CTNNB1,SNAI1,934
CTNNB1,PXDN,790
CTNNB1,KRAS,885
CTNNB1,CDK4,795
CTNNB1,POU5F1,999
CTNNB1,CREBBP,999
CTNNB1,EP300,999
CTNNB1,IL1B,745
CTNNB1,KAT2B,767
CTNNB1,FGF2,718
CTNNB1,RBBP5,935
CTNNB1,STAT3,897
CTNNB1,CDK6,752
CTNNB1,CDK2,733
CTNNB1,ERBB2,998
CTNNB1,RPS27A,735
CTNNB1,EGFR,998
CTNNB1,PPARG,994
CTNNB1,ALB,709
CTNNB1,PCLAF,766
CTNNB1,EZH2,986
CTNNB1,SOX2,991
CTNNB1,HSPA5,700
CTNNB1,GSK3B,999
CTNNB1,CUL1,906
CTNNB1,SP1,844
CTNNB1,SMAD3,999
CTNNB1,KAT5,872
CTNNB1,STAT5A,709
CTNNB1,SMAD4,998
CTNNB1,FOXM1,994
CTNNB1,USP7,881
CTNNB1,PXDNL,774
CTNNB1,H3C12,834
CTNNB1,DNMT1,817
CTNNB1,TRRAP,964
CTNNB1,H2BC21,706
CTNNB1,NRAS,719
CTNNB1,BTRC,999
CTNNB1,CHUK,757
CTNNB1,JUN,898
CTNNB1,HSP90AB1,759
CTNNB1,PTEN,943
CTNNB1,MMP9,799
CTNNB1,FOXO1,985
CTNNB1,FANCA,764
CTNNB1,CDK1,700
CTNNB1,MAPK8,719
CTNNB1,INS,727
CTNNB1,KDM1A,839
CTNNB1,IL6,813
CTNNB1,CREB1,950
CTNNB1,TNF,715
CTNNB1,ESR1,965
CTNNB1,TOP2A,736
CTNNB1,PPP2CA,701
CTNNB1,BRCA1,731
CTNNB1,BRAF,795
CTNNB1,PIK3R1,858
CTNNB1,HIF1A,998
CTNNB1,AKT1,979
CTNNB1,FBXW7,924
CTNNB1,UBB,763
CTNNB1,MYC,985
CTNNB1,YAP1,997
CTNNB1,CCNA2,725
CTNNB1,ACTB,860
CTNNB1,IGF1R,985
CTNNB1,CDC42,908
CTNNB1,NOTCH1,976
H1-0,CBX5,749
H1-0,H4C6,974
H1-0,CCNB1,713
H1-0,CDK4,728
H1-0,CDK2,979
H1-0,RNF168,963
H1-0,H2AC20,995
H1-0,H3-5,785
H1-0,H4C2,900
H1-0,H4C7,784
H1-0,H3C12,960
H1-0,H4C5,902
H1-0,H3C6,922
H1-0,H4C8,902
H1-0,H4C11,900
H1-0,H2AC4,845
H1-0,H2BC12,916
H1-0,H3-2,784
H1-0,H3C8,862
H1-0,H3C15,849
H1-0,H3C11,866
H1-0,H4C13,902
H1-0,CDK1,950
H1-0,H3C7,863
H1-0,H3C14,901
H1-0,CCNL2,826
H1-0,H4C14,904
H1-0,H2BC21,996
H1-0,H3C2,860
H1-0,H4C15,901
H1-0,H3C4,868
H1-0,CCNA2,737
H1-0,H4C3,902
H1-0,H4C4,900
H1-0,H3C1,915
BRD4,RFC2,748
BRD4,CBX5,751
BRD4,SIRT1,833
BRD4,SUPT16H,723
BRD4,SNAI1,715
BRD4,H4C6,999
BRD4,CDK7,954
BRD4,CREBBP,710
BRD4,EP300,988
BRD4,H3C1,831
BRD4,H3-5,990
BRD4,E2F1,918
BRD4,CDK9,999
BRD4,TAF1,737
BRD4,RFC4,792
BRD4,SSRP1,719
BRD4,KDM1A,808
BRD4,RFC5,718
BRD4,H3-2,990
BRD4,NSD2,941
BRD4,DNMT1,791
BRD4,H4C7,993
BRD4,KAT5,780
BRD4,STAT3,826
BRD4,EZH2,850
BRD4,H3C12,992
BRD4,MED1,889
BRD4,TNF,730
BRD4,ATRX,827
BRD4,ARID1A,818
BRD4,SMARCD1,708
BRD4,PRMT5,745
BRD4,CHD4,989
BRD4,TOP2A,870
BRD4,RFC3,783
BRD4,MYC,941
NDUFB7,UQCRC1,991
NDUFB7,NDUFA7,999
NDUFB7,NDUFS4,999
NDUFB7,CYC1,996
NDUFB7,NDUFA1,999
NDUFB7,NDUFA3,999
NDUFB7,NDUFB9,999
NDUFB7,NDUFS3,999
NDUFB7,MT-ND4L,998
NDUFB7,NDUFV1,999
NDUFB7,NDUFS2,999
NDUFB7,NDUFS5,999
NDUFB7,ENSP00000497305,915
NDUFB7,NDUFA8,999
NDUFB7,NDUFS8,999
NDUFB7,NDUFA10,999
NDUFB7,NDUFB6,999
NDUFB7,NDUFS7,999
NDUFB7,NDUFV2,999
NDUFB7,COX5A,985
NDUFB7,NDUFB3,999
NDUFB7,UQCRQ,999
NDUFB7,NDUFA13,999
NDUFB7,NDUFB5,999
NDUFB7,MT-ND3,999
NDUFB7,NDUFA12,999
NDUFB7,ATP5F1C,757
NDUFB7,PALB2,946
NDUFB7,NDUFC2-KCTD14,920
NDUFB7,NDUFA6,999
NDUFB7,NDUFS6,999
NDUFB7,NDUFB11,999
NDUFB7,NDUFA5,999
NDUFB7,MT-ND5,999
NDUFB7,NDUFA9,999
H3-2,CBX5,999
H3-2,SIRT1,836
H3-2,SUPT16H,869
H3-2,KAT2A,956
H3-2,HDAC5,739
H3-2,ASF1A,950
H3-2,H4C6,998
H3-2,PXDN,737
H3-2,KMT2C,839
H3-2,YY1,759
H3-2,RCOR1,873
H3-2,CREBBP,959
H3-2,EP300,849
H3-2,ASF1B,918
H3-2,KAT2B,992
H3-2,RBBP5,869
H3-2,NCOR1,708
H3-2,RPS27A,948
H3-2,H2BC1,869
H3-2,SSRP1,747
H3-2,ATM,755
H3-2,H2BC5,865
H3-2,BUB1,708
H3-2,HSPA4,704
H3-2,HDAC3,787
H3-2,CBX2,984
H3-2,RAD9A,876
H3-2,AURKB,895
H3-2,SUZ12,899
H3-2,PRMT5,701
H3-2,EZH2,972
H3-2,H2BC4,870
H3-2,H2AC20,998
H3-2,HSP90AA1,735
H3-2,H3-5,871
H3-2,KAT5,915
H3-2,E2F1,707
H3-2,PXDNL,738
H3-2,H2BC12,951
H3-2,H3C12,944
H3-2,DNMT1,997
H3-2,RNF2,743
H3-2,H2BC21,998
H3-2,H3C14,901
H3-2,CHUK,851
H3-2,JUN,746
H3-2,HSP90AB1,734
H3-2,KDM4A,995
H3-2,CDCA8,836
H3-2,ATRX,991
H3-2,HDAC8,799
H3-2,RING1,744
H3-2,H3C4,932
H3-2,SMARCA2,815
H3-2,NSD2,821
H3-2,CDK1,700
H3-2,KDM1A,916
H3-2,CCNL2,712
H3-2,PAXIP1,706
H3-2,H3C15,900
H3-2,IL6,748
H3-2,SETD2,983
H3-2,CREB1,735
H3-2,TNF,711
H3-2,PRMT1,716
H3-2,BRCA1,743
H3-2,PHC3,797
H3-2,H2AX,902
H3-2,CHD4,989
H3-2,UBC,965
H3-2,AKT1,790
H3-2,H4C7,998
H3-2,UBB,940
H3-2,MYC,843
H3-2,H2BC9,892
H3-2,H3C1,946
H3-2,H3C11,939
H3-2,H2BC15,871
H3-2,H3C7,937
H3-2,H3C8,932
H3-2,H3C2,937
H3-2,H3C6,932
H3-2,ACTB,812
FANCE,FANCM,999
FANCE,RPLP0,979
FANCE,RPS3,981
FANCE,CUL7,837
FANCE,RPS27A,976
FANCE,UBC,736
FANCE,ATRIP,746
FANCE,UBE2T,993
FANCE,CHEK1,785
FANCE,UBB,736
FANCE,CHEK2,712
FANCE,MED1,932
FANCE,FANCA,999
FANCE,BRCA1,920
FANCE,BLM,814
FANCE,RAD51C,811
FANCE,ERCC4,825
FANCE,RPL11,982
FANCE,BARD1,791
FANCE,FANCI,999
FANCE,BRCA2,899
FANCE,PALB2,884
FANCE,RPL23,981
FANCE,ATP5F1C,763
FANCE,RPL5,983
UQCRC1,NDUFS7,997
UQCRC1,NDUFB6,945
UQCRC1,CDCA8,700
UQCRC1,NDUFA10,996
UQCRC1,NDUFS8,998
UQCRC1,ENSP00000497305,950
UQCRC1,NDUFA8,992
UQCRC1,NDUFS5,999
UQCRC1,NDUFS2,999
UQCRC1,NDUFS3,995
UQCRC1,NDUFV1,999
UQCRC1,MT-ND4L,964
UQCRC1,NDUFA3,939
UQCRC1,NDUFB9,996
UQCRC1,NDUFA1,922
UQCRC1,CYC1,999
UQCRC1,NDUFS4,993
UQCRC1,NDUFA7,950
UQCRC1,MT-ND5,942
UQCRC1,NDUFA9,998
UQCRC1,NDUFA5,992
UQCRC1,CYCS,925
UQCRC1,NDUFB11,940
UQCRC1,NDUFA6,987
UQCRC1,NDUFS6,990
UQCRC1,PALB2,734
UQCRC1,ATP5F1C,955
UQCRC1,NDUFA12,999
UQCRC1,MT-ND3,962
UQCRC1,NDUFB5,967
UQCRC1,NDUFA13,982
UQCRC1,UQCRQ,999
UQCRC1,NDUFB3,940
UQCRC1,NDUFV2,996
UQCRC1,COX5A,999
NDUFA7,NDUFS7,999
NDUFA7,NDUFA10,999
NDUFA7,NDUFB5,999
NDUFA7,PALB2,948
NDUFA7,NDUFS3,999
NDUFA7,NDUFA9,999
NDUFA7,NDUFS6,999
NDUFA7,NDUFB11,999
NDUFA7,NDUFB9,999
NDUFA7,NDUFS4,999
NDUFA7,MT-ND4L,982
NDUFA7,NDUFV1,999
NDUFA7,NDUFA3,999
NDUFA7,NDUFA1,999
NDUFA7,CYC1,936
NDUFA7,NDUFB6,999
NDUFA7,NDUFS8,999
NDUFA7,ENSP00000497305,709
NDUFA7,NDUFA8,999
NDUFA7,NDUFS5,999
NDUFA7,NDUFS2,999
NDUFA7,MT-ND3,997
NDUFA7,NDUFA13,999
NDUFA7,UQCRQ,977
NDUFA7,NDUFB3,999
NDUFA7,COX5A,959
NDUFA7,NDUFV2,999
NDUFA7,MT-ND5,998
NDUFA7,NDUFA5,999
NDUFA7,NDUFA6,999
NDUFA7,NDUFC2-KCTD14,935
NDUFA7,NDUFA12,999
AGO2,E2F1,888
AGO2,KRAS,734
AGO2,EGFR,956
AGO2,SOX2,757
AGO2,PTEN,778
AGO2,YY1,796
AGO2,HSP90AA1,997
AGO2,HSP90AB1,992
AGO2,H3C12,703
AGO2,EZH2,779
AGO2,TNF,709
AGO2,CDK6,701
AGO2,MYC,851
H4C3,SUPT16H,950
H4C3,ASF1A,975
H4C3,H4C6,970
H4C3,CDK7,800
H4C3,GTF2H4,840
H4C3,POU5F1,814
H4C3,BARD1,913
H4C3,MNAT1,835
H4C3,KMT2C,855
H4C3,CREBBP,903
H4C3,EP300,903
H4C3,ASF1B,973
H4C3,RBBP5,940
H4C3,GTF2H1,838
H4C3,RPS27A,893
H4C3,H2BC1,944
H4C3,SSRP1,940
H4C3,ERCC3,834
H4C3,H2BC5,926
H4C3,MED1,803
H4C3,DDB1,818
H4C3,SUZ12,822
H4C3,PRMT5,920
H4C3,EZH2,840
H4C3,ARID1A,803
H4C3,H2BC4,964
H4C3,SOX2,809
H4C3,H2AC20,973
H4C3,CENPA,967
H4C3,H3-5,934
H4C3,H4C11,956
H4C3,H2BC12,969
H4C3,H2AC13,967
H4C3,H2AC11,960
H4C3,H3C12,976
H4C3,H2AC17,963
H4C3,H2BC21,971
H4C3,H3C14,961
H4C3,KDM4A,910
H4C3,H4C2,981
H4C3,H3C4,983
H4C3,H3C2,986
H4C3,UBC,869
H4C3,ERCC2,836
H4C3,H4C14,953
H4C3,H4C15,953
H4C3,H3C1,983
H4C3,H4C4,956
H4C3,H3C8,983
H4C3,KMT5A,915
H4C3,H4C13,962
H4C3,H3C11,983
H4C3,H2BC9,894
H4C3,H3C15,961
H4C3,H3C7,983
H4C3,TAF1,826
H4C3,POLR2H,878
H4C3,CCNH,805
H4C3,H2AC15,960
H4C3,NSD2,838
H4C3,H4C5,957
H4C3,SETD2,873
H4C3,H4C8,954
H4C3,H3C6,978
H4C3,H2AC4,991
H4C3,H2BC15,888
H4C3,ACTB,900
H4C3,CHD4,944
H4C3,UBB,870
H4C3,SMARCD1,846
H4C3,ACTL6A,863
H4C3,H2AX,955
CHEK1,RFC2,860
CHEK1,CDC6,941
CHEK1,AURKA,754
CHEK1,RPA3,817
CHEK1,MSH2,765
CHEK1,CCNA1,721
CHEK1,CCNB1,935
CHEK1,CDK7,744
CHEK1,TOPBP1,989
CHEK1,BARD1,895
CHEK1,PALB2,701
CHEK1,TIPIN,948
CHEK1,MCM4,978
CHEK1,CCNE1,704
CHEK1,LIG1,794
CHEK1,MCM6,901
CHEK1,NBN,869
CHEK1,CDK2,869
CHEK1,FANCM,870
CHEK1,ATM,998
CHEK1,BUB1B,876
CHEK1,CCNB2,833
CHEK1,CDT1,934
CHEK1,DDB1,902
CHEK1,BUB1,946
CHEK1,CDC25A,999
CHEK1,FEN1,853
CHEK1,FANCI,861
CHEK1,RAD9A,963
CHEK1,CLSPN,999
CHEK1,PRKDC,928
CHEK1,AURKB,754
CHEK1,TYMS,863
CHEK1,RMI1,818
CHEK1,POLE,755
CHEK1,ATRIP,981
CHEK1,MRE11,868
CHEK1,CUL1,900
CHEK1,HSP90AA1,891
CHEK1,CDKN3,704
CHEK1,RAD51C,731
CHEK1,CENPA,797
CHEK1,KAT5,759
CHEK1,USP7,900
CHEK1,ATR,999
CHEK1,E2F1,764
CHEK1,BLM,932
CHEK1,DNA2,891
CHEK1,RAD52,833
CHEK1,H3C12,766
CHEK1,DNMT1,711
CHEK1,WDHD1,712
CHEK1,EXO1,973
CHEK1,HSP90AB1,875
CHEK1,PTEN,791
CHEK1,KIF2C,738
CHEK1,CDC20,771
CHEK1,RFC3,858
CHEK1,BRCA2,963
CHEK1,CHEK2,971
CHEK1,FANCA,710
CHEK1,ERCC2,817
CHEK1,XRCC5,879
CHEK1,RFC4,942
CHEK1,CDK1,911
CHEK1,RBBP8,902
CHEK1,H2AX,898
CHEK1,RECQL4,743
CHEK1,BRCA1,996
CHEK1,CDC7,911
CHEK1,RAD17,982
CHEK1,TOP2A,889
CHEK1,MYC,760
CHEK1,POLD1,740
CHEK1,MCM3,950
CHEK1,CDC45,994
CHEK1,PBK,735
CHEK1,MCM10,969
CHEK1,RFC5,762
CHEK1,CCNA2,939
CHEK1,UBE2T,712
CHEK1,PPP2CA,809
EGFR,STUB1,930
EGFR,TGFB1,975
EGFR,NFKB1,837
EGFR,IL2,851
EGFR,CDKN1B,736
EGFR,NR3C1,870
EGFR,SNAI1,711
EGFR,PXDN,763
EGFR,KRAS,997
EGFR,CCNB1,804
EGFR,CCNE1,752
EGFR,IL1B,873
EGFR,FGF2,957
EGFR,STAT3,998
EGFR,ERBB2,999
EGFR,RPS27A,769
EGFR,AKT1,792
EGFR,MMP9,827
EGFR,CDK1,849
EGFR,IL10,899
EGFR,NRAS,991
EGFR,ALB,808
EGFR,FOS,940
EGFR,PTEN,969
EGFR,SOX2,758
EGFR,E2F1,734
EGFR,PIK3R1,998
EGFR,NOTCH1,877
EGFR,PPARG,843
EGFR,CASP9,753
EGFR,HSPA5,862
EGFR,MAPK8,830
EGFR,CDC42,955
EGFR,YAP1,884
EGFR,UBC,899
EGFR,TRAF6,860
EGFR,JAK2,986
EGFR,ESR1,988
EGFR,BRCA1,800
EGFR,TNF,890
EGFR,INS,992
EGFR,MYC,875
EGFR,PRKDC,936
EGFR,STAT5A,998
EGFR,IGF1R,989
EGFR,ACTB,839
EGFR,HSP90AA1,999
EGFR,FOXO1,706
EGFR,PGR,830
EGFR,HIF1A,934
EGFR,HSPA4,954
EGFR,SMAD4,735
EGFR,JUN,871
EGFR,EZH2,741
EGFR,HSP90AB1,998
EGFR,IL6,979
EGFR,PXDNL,743
CDKN1B,RBX1,989
CDKN1B,AURKA,740
CDKN1B,DDB1,952
CDKN1B,CDK4,999
CDKN1B,MYC,855
CDKN1B,CDK6,999
CDKN1B,UBB,953
CDKN1B,IGF1R,732
CDKN1B,ATM,713
CDKN1B,JAK2,725
CDKN1B,CCNB1,972
CDKN1B,CCNB2,860
CDKN1B,CDKN3,781
CDKN1B,AKT3,960
CDKN1B,CCNH,750
CDKN1B,CCNE1,999
CDKN1B,CDK7,853
CDKN1B,CDC25A,817
CDKN1B,FOXO1,839
CDKN1B,CUL1,996
CDKN1B,PTEN,834
CDKN1B,AKT1,996
CDKN1B,RPS27A,966
CDKN1B,CDK2,999
CDKN1B,CDK1,978
CDKN1B,CCNA1,999
CDKN1B,SKP1,994
CDKN1B,CCNL2,995
CDKN1B,ERCC8,902
CDKN1B,ERBB2,739
CDKN1B,UBC,967
CDKN1B,E2F1,812
CDKN1B,NEDD8,863
CDKN1B,CCNA2,999
MLH1,RFC2,857
MLH1,FANCM,705
MLH1,POLE,879
MLH1,PTEN,830
MLH1,BRAF,876
MLH1,LIG4,807
MLH1,CDK2,733
MLH1,RFC4,890
MLH1,NBN,891
MLH1,KRAS,868
MLH1,CDK4,743
MLH1,PRKDC,863
MLH1,CHEK2,834
MLH1,ATM,997
MLH1,BRCA1,994
MLH1,RECQL4,813
MLH1,RAD51C,822
MLH1,BLM,999
MLH1,H2AX,844
MLH1,EXO1,999
MLH1,MRE11,823
MLH1,MSH3,999
MLH1,BARD1,784
MLH1,ERCC3,827
MLH1,XRCC5,761
MLH1,ERCC4,848
MLH1,MSH2,999
MLH1,PMS2,999
MLH1,RAD23B,745
MLH1,BRCA2,954
MLH1,FANCI,789
MLH1,POLD1,944
MLH1,PALB2,892
MLH1,FEN1,730
NDUFA13,NDUFS7,999
NDUFA13,NDUFA10,999
NDUFA13,NDUFB5,999
NDUFA13,PALB2,978
NDUFA13,NDUFS3,999
NDUFA13,STAT3,937
NDUFA13,NDUFA9,999
NDUFA13,NDUFS6,999
NDUFA13,NDUFB11,999
NDUFA13,NDUFB9,999
NDUFA13,NDUFS4,999
NDUFA13,NDUFS8,999
NDUFA13,CYC1,994
NDUFA13,COX5A,986
NDUFA13,NDUFV2,999
NDUFA13,NDUFA12,999
NDUFA13,ATP5F1C,883
NDUFA13,MT-ND4L,998
NDUFA13,MT-ND5,999
NDUFA13,MT-ND3,999
NDUFA13,NDUFS2,999
NDUFA13,NDUFA1,999
NDUFA13,NDUFS5,999
NDUFA13,NDUFA8,999
NDUFA13,UQCRQ,995
NDUFA13,NDUFB6,999
NDUFA13,NDUFB3,999
NDUFA13,NDUFA5,999
NDUFA13,NDUFA3,999
NDUFA13,NDUFV1,999
NDUFA13,ENSP00000497305,960
NDUFA13,NDUFC2-KCTD14,955
NDUFA13,NDUFA6,999
PCGF2,BARD1,910
PCGF2,ANAPC5,909
PCGF2,YY1,941
PCGF2,UBE2S,912
PCGF2,NCOR1,808
PCGF2,BUB1B,729
PCGF2,CBX2,999
PCGF2,SUZ12,964
PCGF2,EZH2,971
PCGF2,H2AC20,871
PCGF2,ANAPC1,900
PCGF2,BABAM2,901
PCGF2,UBE2I,897
PCGF2,CDC16,900
PCGF2,UBE2C,907
PCGF2,H3C12,823
PCGF2,RNF2,999
PCGF2,BRCC3,910
PCGF2,TTK,902
PCGF2,PCGF6,980
PCGF2,CDC26,900
PCGF2,RING1,999
PCGF2,BRCA2,727
PCGF2,ANAPC7,913
PCGF2,BRCA1,916
PCGF2,PHC3,993
PCGF2,ANAPC13,900
PCGF2,ANAPC4,900
PCGF2,CDC27,900
PCGF2,ANAPC15,900
PCGF2,PHC1,999
PCGF2,CUL7,901
PCGF2,ANAPC16,900
PCGF2,ANAPC10,900
NDUFV2,NDUFS7,999
NDUFV2,NDUFA10,999
NDUFV2,NDUFB5,999
NDUFV2,PALB2,946
NDUFV2,NDUFS3,999
NDUFV2,NDUFA9,999
NDUFV2,NDUFS6,999
NDUFV2,NDUFB11,999
NDUFV2,NDUFB9,999
NDUFV2,NDUFS4,999
NDUFV2,CYCS,779
NDUFV2,NDUFS8,999
NDUFV2,CYC1,999
NDUFV2,COX5A,994
NDUFV2,NDUFB6,999
NDUFV2,NDUFA8,999
NDUFV2,ENSP00000497305,970
NDUFV2,NDUFS5,999
NDUFV2,NDUFS2,999
NDUFV2,NDUFV1,999
NDUFV2,MT-ND4L,998
NDUFV2,NDUFA3,999
NDUFV2,NDUFA1,999
NDUFV2,MT-ND5,999
NDUFV2,NDUFA5,999
NDUFV2,NDUFA6,999
NDUFV2,NDUFC2-KCTD14,950
NDUFV2,ATP5F1C,971
NDUFV2,NDUFA12,999
NDUFV2,MT-ND3,999
NDUFV2,UQCRQ,995
NDUFV2,NDUFB3,999
TOPBP1,RFC2,889
TOPBP1,CDC6,793
TOPBP1,POLE2,705
TOPBP1,RPA3,733
TOPBP1,ATRIP,999
TOPBP1,RAD9A,999
TOPBP1,RAD52,857
TOPBP1,E2F1,991
TOPBP1,ATR,996
TOPBP1,RBBP8,863
TOPBP1,POLE,827
TOPBP1,RFC5,809
TOPBP1,FANCM,708
TOPBP1,MCM4,792
TOPBP1,MCM10,979
TOPBP1,NBN,922
TOPBP1,RFC4,860
TOPBP1,XPC,762
TOPBP1,DNA2,897
TOPBP1,CLSPN,995
TOPBP1,CDT1,792
TOPBP1,BARD1,998
TOPBP1,TIPIN,765
TOPBP1,MCM6,722
TOPBP1,MRE11,733
TOPBP1,BRCA2,845
TOPBP1,FANCI,752
TOPBP1,MCM3,980
TOPBP1,CDC45,999
TOPBP1,WDHD1,816
TOPBP1,RMI1,859
TOPBP1,CDC7,878
TOPBP1,ATM,954
TOPBP1,CHEK2,827
TOPBP1,TOP2A,799
TOPBP1,RAD17,977
TOPBP1,RFC3,785
TOPBP1,PAXIP1,785
TOPBP1,EXO1,890
TOPBP1,RAD51C,715
TOPBP1,BLM,898
TOPBP1,BRCA1,999
TOPBP1,RECQL4,948
PCLAF,POLE2,729
PCLAF,AURKA,735
PCLAF,CCNB1,796
PCLAF,ASF1B,772
PCLAF,FANCM,801
PCLAF,BUB1B,875
PCLAF,CCNB2,882
PCLAF,TTK,810
PCLAF,TOP2A,920
PCLAF,KIF2C,766
PCLAF,PTTG1,870
PCLAF,BRCA1,810
PCLAF,CDC20,881
PCLAF,BUB1,831
PCLAF,HMMR,754
PCLAF,AURKB,785
PCLAF,PBK,862
PCLAF,CDC45,833
PCLAF,CDK1,877
PCLAF,RFC4,752
PCLAF,UBE2C,938
PCLAF,TYMS,859
PCLAF,MCM10,731
PCLAF,CENPA,770
PCLAF,CDCA8,839
PCLAF,UBE2T,785
PCLAF,CCNA2,886
PCLAF,TPX2,724
CDK1,CDC6,963
CDK1,AURKA,951
CDK1,H4C6,820
CDK1,CCNA1,999
CDK1,KRAS,727
CDK1,CCNB1,999
CDK1,CDK7,976
CDK1,ANAPC5,763
CDK1,MCM4,827
CDK1,CCNE1,972
CDK1,EP300,726
CDK1,MCM6,767
CDK1,UBE2S,743
CDK1,CDK2,994
CDK1,ATM,733
CDK1,BUB1B,999
CDK1,CCNB2,999
CDK1,TPX2,952
CDK1,CDT1,967
CDK1,BUB1,998
CDK1,HSPA4,739
CDK1,CDC25A,993
CDK1,FEN1,829
CDK1,FANCI,853
CDK1,CLSPN,730
CDK1,AURKB,997
CDK1,TYMS,846
CDK1,EZH2,965
CDK1,SOX2,961
CDK1,CASP9,763
CDK1,HSP90AA1,910
CDK1,CDKN3,982
CDK1,CENPA,989
CDK1,ANAPC1,936
CDK1,FOXM1,991
CDK1,ATR,786
CDK1,E2F1,909
CDK1,CDC16,879
CDK1,UBE2C,982
CDK1,H3C12,812
CDK1,EXO1,959
CDK1,BUB3,924
CDK1,H2BC21,799
CDK1,TTK,905
CDK1,JUN,778
CDK1,HSP90AB1,809
CDK1,KIF2C,972
CDK1,CDC20,999
CDK1,CDCA8,990
CDK1,CDC26,725
CDK1,KIF4A,911
CDK1,RFC3,712
CDK1,SQSTM1,762
CDK1,RFC4,832
CDK1,HMMR,931
CDK1,PTTG1,985
CDK1,CCNA2,999
CDK1,ANAPC10,930
CDK1,PPP2CA,801
CDK1,UBE2T,844
CDK1,CDC27,942
CDK1,MCM10,884
CDK1,CCNL2,999
CDK1,CDC45,952
CDK1,PBK,988
CDK1,HIF1A,793
CDK1,MCM3,748
CDK1,CCNH,981
CDK1,ANAPC4,998
CDK1,BRCA1,878
CDK1,H2AX,882
CDK1,TOP2A,997
CDK1,MYC,755
CDK1,CDC7,784
PCGF6,BARD1,901
PCGF6,ANAPC5,903
PCGF6,UBE2S,906
PCGF6,BUB1B,740
PCGF6,CBX2,984
PCGF6,SUZ12,951
PCGF6,EZH2,941
PCGF6,ANAPC1,903
PCGF6,BABAM2,901
PCGF6,CDC16,901
PCGF6,UBE2C,904
PCGF6,RNF2,999
PCGF6,BRCC3,903
PCGF6,CDC26,900
PCGF6,BRCA2,726
PCGF6,ANAPC16,900
PCGF6,ANAPC4,900
PCGF6,RING1,999
PCGF6,BRCA1,907
PCGF6,ANAPC13,900
PCGF6,PHC1,986
PCGF6,ANAPC7,912
PCGF6,ANAPC10,908
PCGF6,CDC27,904
PCGF6,PHC3,972
PCGF6,CUL7,900
PCGF6,ANAPC15,900
UBE2S,RBX1,844
UBE2S,AURKA,704
UBE2S,STUB1,909
UBE2S,SKP1,801
UBE2S,CCNA1,701
UBE2S,CCNB1,767
UBE2S,BARD1,961
UBE2S,ANAPC5,991
UBE2S,CDC26,986
UBE2S,BUB1B,896
UBE2S,BRCA2,779
UBE2S,CBX2,909
UBE2S,CUL1,778
UBE2S,RNF8,785
UBE2S,PRKN,783
UBE2S,ANAPC16,987
UBE2S,AURKB,719
UBE2S,RNF2,921
UBE2S,TRAF6,883
UBE2S,RING1,960
UBE2S,ANAPC4,992
UBE2S,BRCA1,963
UBE2S,BABAM2,909
UBE2S,CDC20,999
UBE2S,CDC16,991
UBE2S,UBB,988
UBE2S,PTTG1,844
UBE2S,BRCC3,926
UBE2S,ANAPC13,986
UBE2S,ANAPC10,996
UBE2S,ANAPC7,988
UBE2S,ANAPC1,988
UBE2S,BUB3,718
UBE2S,PHC1,902
UBE2S,CCNA2,832
UBE2S,CDC27,999
UBE2S,UBC,996
UBE2S,PHC3,904
UBE2S,RPS27A,970
UBE2S,UBE2C,985
UBE2S,CUL7,931
UBE2S,ANAPC15,988
RFC2,RAD52,703
RFC2,RAD9A,997
RFC2,ATRIP,839
RFC2,ATR,850
RFC2,POLE,759
RFC2,RBBP8,725
RFC2,RFC5,999
RFC2,NBN,849
RFC2,LIG1,808
RFC2,POLE2,833
RFC2,MCM4,828
RFC2,DNA2,824
RFC2,RFC4,999
RFC2,MSH2,884
RFC2,POLA1,855
RFC2,MCM6,827
RFC2,POLD1,807
RFC2,MCM3,846
RFC2,CDC6,716
RFC2,FEN1,939
RFC2,RPA3,859
RFC2,CDC45,809
RFC2,ATM,894
RFC2,RFC3,999
RFC2,RAD17,999
RFC2,CHEK2,756
RFC2,EXO1,893
RFC2,BRCA1,940
RFC2,FANCA,709
RFC2,BLM,833
MT-ND3,NDUFS7,999
MT-ND3,NDUFA10,999
MT-ND3,NDUFB5,997
MT-ND3,PALB2,922
MT-ND3,NDUFS3,999
MT-ND3,NDUFA9,999
MT-ND3,NDUFS6,999
MT-ND3,NDUFB11,997
MT-ND3,NDUFB9,999
MT-ND3,RPS3,780
MT-ND3,NDUFS4,999
MT-ND3,NDUFS8,999
MT-ND3,CYC1,995
MT-ND3,COX5A,871
MT-ND3,NDUFA12,999
MT-ND3,MT-ND4L,999
MT-ND3,MT-ND5,999
MT-ND3,NDUFS5,996
MT-ND3,NDUFS2,999
MT-ND3,NDUFA8,999
MT-ND3,ENSP00000497305,927
MT-ND3,NDUFA5,999
MT-ND3,NDUFC2-KCTD14,852
MT-ND3,NDUFB6,997
MT-ND3,NDUFA6,999
MT-ND3,NDUFB3,999
MT-ND3,NDUFA1,998
MT-ND3,NDUFA3,999
MT-ND3,UQCRQ,908
MT-ND3,NDUFV1,999
H4C14,SUPT16H,948
H4C14,ASF1A,976
H4C14,H4C6,970
H4C14,CDK7,800
H4C14,GTF2H4,840
H4C14,POU5F1,807
H4C14,BARD1,907
H4C14,MNAT1,834
H4C14,KMT2C,855
H4C14,CREBBP,903
H4C14,EP300,929
H4C14,ASF1B,977
H4C14,RBBP5,940
H4C14,GTF2H1,838
H4C14,RPS27A,888
H4C14,H2BC1,941
H4C14,SSRP1,938
H4C14,ERCC3,834
H4C14,H2BC5,938
H4C14,MED1,804
H4C14,DDB1,819
H4C14,SUZ12,806
H4C14,PRMT5,919
H4C14,EZH2,840
H4C14,ARID1A,800
H4C14,H2BC4,968
H4C14,SOX2,805
H4C14,H2AC20,979
H4C14,CENPA,967
H4C14,H3-5,936
H4C14,H4C11,956
H4C14,H2BC12,975
H4C14,H2AC13,972
H4C14,H2AC11,969
H4C14,H3C12,985
H4C14,H2AC17,978
H4C14,H2BC21,981
H4C14,H3C14,993
H4C14,KDM4A,911
H4C14,H4C2,972
H4C14,H3C4,988
H4C14,NSD2,838
H4C14,ERCC2,836
H4C14,SMARCD1,846
H4C14,KMT5A,915
H4C14,H3C15,970
H4C14,SETD2,873
H4C14,ACTL6A,861
H4C14,TAF1,829
H4C14,POLR2H,875
H4C14,H2AX,960
H4C14,CHD4,945
H4C14,UBC,864
H4C14,H4C15,953
H4C14,UBB,864
H4C14,ACTB,901
H4C14,H4C5,970
H4C14,H2AC15,965
H4C14,CCNH,805
H4C14,H2BC15,900
H4C14,H2AC4,991
H4C14,H4C8,981
H4C14,H3C6,980
H4C14,H2BC9,914
H4C14,H4C13,954
H4C14,H3C11,990
H4C14,H3C8,992
H4C14,H3C7,993
H4C14,H3C2,989
H4C14,H4C4,957
H4C14,H3C1,994
NRAS,NFKB1,713
NRAS,KRAS,944
NRAS,CDK4,822
NRAS,ERBB2,904
NRAS,KIT,981
NRAS,EZH2,811
NRAS,HSP90AA1,817
NRAS,BRAF,999
NRAS,AKT1,815
NRAS,PIK3R1,956
NRAS,MAPK8,940
NRAS,IGF1R,960
NRAS,FBXW7,715
NRAS,PTEN,872
NRAS,NOTCH1,765
NRAS,JAK2,852
H2BC5,HDAC5,724
H2BC5,H4C6,992
H2BC5,H3C14,906
H2BC5,HDAC8,731
H2BC5,CENPA,983
H2BC5,H4C13,918
H2BC5,H2BC9,977
H2BC5,H3C15,890
H2BC5,H2AC17,916
H2BC5,H4C4,937
H2BC5,H3C4,897
H2BC5,H3-5,862
H2BC5,H4C15,914
H2BC5,H2BC21,966
H2BC5,H2AC11,802
H2BC5,H2AX,859
H2BC5,HDAC3,720
H2BC5,H2AC13,911
H2BC5,BRCA1,796
H2BC5,H2AC20,925
H2BC5,H4C2,925
H2BC5,H2BC12,811
H2BC5,H2BC15,906
H2BC5,TRRAP,708
H2BC5,H4C11,920
H2BC5,H4C8,965
H2BC5,H2BC4,972
H2BC5,H2AC15,795
H2BC5,H4C5,946
H2BC5,H3C12,946
H2BC5,H4C7,829
CDCA8,CDC6,819
CDCA8,CBX5,809
CDCA8,AURKA,952
CDCA8,CCNB1,987
CDCA8,ASF1B,829
CDCA8,BUB1B,994
CDCA8,CCNB2,974
CDCA8,TPX2,919
CDCA8,CDT1,834
CDCA8,BUB1,971
CDCA8,AURKB,999
CDCA8,CYC1,873
CDCA8,CDKN3,720
CDCA8,CENPA,971
CDCA8,H3-5,827
CDCA8,FOXM1,930
CDCA8,UBE2C,966
CDCA8,ATP5F1C,976
CDCA8,H3C12,837
CDCA8,BUB3,763
CDCA8,TTK,946
CDCA8,KIF2C,977
CDCA8,CDC20,992
CDCA8,CCNA2,952
CDCA8,PBK,912
CDCA8,CDC45,935
CDCA8,MCM3,715
CDCA8,TOP2A,920
CDCA8,PTTG1,893
CDCA8,HMMR,864
CDCA8,KIF4A,932
CDK2,CDC6,999
CDK2,RBX1,993
CDK2,AURKA,886
CDK2,SKP1,999
CDK2,H4C6,779
CDK2,NEDD8,877
CDK2,CCNA1,999
CDK2,CCNB1,999
CDK2,CDK7,992
CDK2,CDK4,998
CDK2,BARD1,760
CDK2,ANAPC5,741
CDK2,MCM4,953
CDK2,CREBBP,918
CDK2,CCNE1,999
CDK2,EP300,925
CDK2,MCM6,907
CDK2,NBN,823
CDK2,CDK6,998
CDK2,E2F1,997
CDK2,ATR,872
CDK2,CCNA2,999
CDK2,ANAPC10,783
CDK2,ANAPC1,843
CDK2,H2BC21,702
CDK2,CDC27,879
CDK2,ATRIP,775
CDK2,UBC,913
CDK2,RPS27A,914
CDK2,UBE2C,775
CDK2,MCM10,847
CDK2,CCNL2,999
CDK2,RBBP8,728
CDK2,PTEN,784
CDK2,CDC25A,998
CDK2,CDC45,974
CDK2,HSP90AA1,799
CDK2,CUL1,998
CDK2,FOXO1,967
CDK2,SMAD3,836
CDK2,FEN1,734
CDK2,BRCA2,946
CDK2,HIF1A,773
CDK2,PGR,822
CDK2,MCM3,973
CDK2,CCNH,998
CDK2,GSK3B,770
CDK2,MRE11,753
CDK2,FOXM1,893
CDK2,HSP90AB1,739
CDK2,EZH2,702
CDK2,JUN,825
CDK2,CLSPN,736
CDK2,POLA1,842
CDK2,CDT1,982
CDK2,BUB1,735
CDK2,ANAPC4,708
CDK2,BRCA1,984
CDK2,ESR1,714
CDK2,CDC20,992
CDK2,CDKN3,999
CDK2,CCNB2,999
CDK2,H2AX,862
CDK2,EXO1,727
CDK2,ANAPC13,806
CDK2,TOP2A,801
CDK2,MYC,960
CDK2,CDC16,858
CDK2,UBB,910
CDK2,CDC7,948
CDK2,ATM,966
CDK2,ACTB,816
TTK,CDC6,799
TTK,AURKA,779
TTK,CCNB1,936
TTK,MCM4,709
TTK,FANCM,819
TTK,BUB1B,991
TTK,CCNB2,960
TTK,TPX2,935
TTK,BUB1,999
TTK,AURKB,784
TTK,CDKN3,849
TTK,CENPA,905
TTK,FOXM1,766
TTK,UBE2C,911
TTK,WDHD1,738
TTK,EXO1,896
TTK,BUB3,913
TTK,KIF2C,955
TTK,TOP2A,958
TTK,PTTG1,835
TTK,CDC20,990
TTK,RING1,920
TTK,HMMR,881
TTK,KIF4A,921
TTK,PBK,969
TTK,CDC45,787
TTK,MCM10,735
TTK,CDC27,771
TTK,CCNA2,939
TTK,PHC1,718
RPL11,NEDD8,867
RPL11,RPS27A,999
RPL11,RPS3,999
RPL11,MED1,984
RPL11,ATP5F1C,965
RPL11,RPL5,999
RPL11,RPL23,999
RPL11,CUL7,980
RPL11,RPLP0,999
RPL11,UBB,774
RPL11,MYC,880
H4C4,SUPT16H,948
H4C4,ASF1A,947
H4C4,H4C6,982
H4C4,CDK7,800
H4C4,GTF2H4,840
H4C4,POU5F1,815
H4C4,BARD1,907
H4C4,MNAT1,834
H4C4,KMT2C,855
H4C4,CREBBP,903
H4C4,EP300,903
H4C4,ASF1B,945
H4C4,RBBP5,942
H4C4,GTF2H1,842
H4C4,RPS27A,888
H4C4,H2BC1,942
H4C4,SSRP1,938
H4C4,ERCC3,834
H4C4,MED1,803
H4C4,DDB1,819
H4C4,SUZ12,806
H4C4,PRMT5,918
H4C4,EZH2,840
H4C4,ARID1A,802
H4C4,H2BC4,972
H4C4,SOX2,810
H4C4,H2AC20,975
H4C4,CENPA,967
H4C4,H3-5,937
H4C4,H4C11,965
H4C4,H2BC12,972
H4C4,H2AC13,977
H4C4,H2AC11,965
H4C4,H3C12,980
H4C4,H2AC17,974
H4C4,H2BC21,972
H4C4,H3C14,969
H4C4,KDM4A,911
H4C4,H4C2,983
H4C4,H3C4,993
H4C4,NSD2,838
H4C4,ERCC2,836
H4C4,SMARCD1,846
H4C4,KMT5A,915
H4C4,H3C15,969
H4C4,SETD2,873
H4C4,ACTL6A,861
H4C4,TAF1,828
H4C4,POLR2H,875
H4C4,H2AX,953
H4C4,CHD4,945
H4C4,UBC,865
H4C4,H4C15,952
H4C4,UBB,864
H4C4,H2BC9,917
H4C4,H4C13,971
H4C4,H3C11,987
H4C4,H3C8,987
H4C4,H3C7,989
H4C4,H3C2,990
H4C4,H3C1,987
H4C4,ACTB,900
H4C4,H2AC15,969
H4C4,H4C5,976
H4C4,CCNH,805
H4C4,H2AC4,995
H4C4,H2BC15,905
H4C4,H4C8,963
H4C4,H3C6,979
HDAC8,SIRT1,888
HDAC8,KAT2A,862
HDAC8,H4C6,921
HDAC8,YY1,754
HDAC8,RCOR1,749
HDAC8,CREBBP,721
HDAC8,EP300,773
HDAC8,KAT2B,860
HDAC8,STAT3,714
HDAC8,NCOR1,821
HDAC8,H2BC1,728
HDAC8,HSPA4,836
HDAC8,EZH2,836
HDAC8,H2BC4,731
HDAC8,H2AC20,850
HDAC8,SMAD3,797
HDAC8,HSP90AA1,841
HDAC8,H3-5,799
HDAC8,H2BC12,725
HDAC8,H2AC13,701
HDAC8,H3C12,873
HDAC8,H2BC21,842
HDAC8,HSP90AB1,785
HDAC8,SIN3A,949
HDAC8,H2AX,746
HDAC8,SETD2,800
HDAC8,H2BC15,727
HDAC8,H4C7,757
HDAC8,H2BC9,728
H2BC21,SIRT1,859
H2BC21,SUPT16H,976
H2BC21,KAT2A,921
H2BC21,HDAC5,781
H2BC21,H4C6,999
H2BC21,BARD1,978
H2BC21,KMT2C,720
H2BC21,YY1,779
H2BC21,RCOR1,704
H2BC21,CREBBP,776
H2BC21,EP300,960
H2BC21,KAT2B,885
H2BC21,RBBP5,827
H2BC21,NCOR1,788
H2BC21,RPS27A,985
H2BC21,SSRP1,923
H2BC21,ATM,745
H2BC21,HDAC3,823
H2BC21,PRKDC,831
H2BC21,AURKB,709
H2BC21,SUZ12,745
H2BC21,EZH2,886
H2BC21,RNF168,914
H2BC21,H2BC4,977
H2BC21,H2AC20,999
H2BC21,CENPA,995
H2BC21,H3-5,998
H2BC21,KAT5,803
H2BC21,H4C11,970
H2BC21,H2BC12,929
H2BC21,H2AC13,996
H2BC21,H2AC11,972
H2BC21,H3C12,999
H2BC21,DNMT1,797
H2BC21,H2AC17,995
H2BC21,TRRAP,759
H2BC21,RNF2,771
H2BC21,H3C6,976
H2BC21,H4C8,985
H2BC21,SETD2,924
H2BC21,H2BC15,894
H2BC21,H2AC4,969
H2BC21,SUMO2,784
H2BC21,H4C7,998
H2BC21,NSD2,744
H2BC21,H4C5,976
H2BC21,H2AC15,953
H2BC21,XRCC5,751
H2BC21,RNF8,824
H2BC21,ATRX,840
H2BC21,ACTL6A,891
H2BC21,BRCA1,938
H2BC21,SMARCD1,874
H2BC21,H2AX,998
H2BC21,CHEK2,717
H2BC21,MYC,811
H2BC21,KDM4A,714
H2BC21,H4C2,971
H2BC21,UBB,961
H2BC21,CHD4,766
H2BC21,ACTB,943
H2BC21,H4C15,973
H2BC21,H3C4,935
H2BC21,H3C1,922
H2BC21,CDK9,715
H2BC21,UBC,976
H2BC21,H3C2,895
H2BC21,H3C7,912
H2BC21,H3C14,949
H2BC21,SMARCA2,835
H2BC21,H3C8,896
H2BC21,KDM1A,822
H2BC21,H2BC9,941
H2BC21,H3C15,891
H2BC21,H4C13,970
H2BC21,H3C11,888
MNAT1,RBX1,728
MNAT1,H4C6,838
MNAT1,CCNB1,714
MNAT1,CDK7,999
MNAT1,GTF2H4,999
MNAT1,H4C13,834
MNAT1,H3C15,827
MNAT1,GTF2H1,999
MNAT1,TAF1,908
MNAT1,H3C14,827
MNAT1,XPC,713
MNAT1,CDK9,934
MNAT1,ERCC2,999
MNAT1,ERCC8,748
MNAT1,H4C15,834
MNAT1,H4C2,837
MNAT1,CETN2,730
MNAT1,MED1,808
MNAT1,BRCA1,751
MNAT1,ESR1,733
MNAT1,ERCC3,999
MNAT1,H4C5,834
MNAT1,POLR2H,965
MNAT1,CCNH,999
MNAT1,RAD23B,722
MNAT1,H4C8,834
MNAT1,H4C11,835
MT-ND5,NDUFS7,999
MT-ND5,NDUFA10,997
MT-ND5,NDUFB5,999
MT-ND5,PALB2,923
MT-ND5,NDUFS3,999
MT-ND5,NDUFA9,999
MT-ND5,NDUFS6,999
MT-ND5,NDUFB11,999
MT-ND5,NDUFB9,999
MT-ND5,RPS3,723
MT-ND5,NDUFS4,999
MT-ND5,NDUFS8,999
MT-ND5,CYC1,990
MT-ND5,COX5A,900
MT-ND5,NDUFA12,999
MT-ND5,DNA2,811
MT-ND5,MT-ND4L,999
MT-ND5,NDUFA5,999
MT-ND5,NDUFA6,999
MT-ND5,NDUFC2-KCTD14,894
MT-ND5,UQCRQ,931
MT-ND5,NDUFB3,999
MT-ND5,NDUFB6,999
MT-ND5,NDUFA8,999
MT-ND5,ENSP00000497305,768
MT-ND5,NDUFS5,999
MT-ND5,NDUFS2,999
MT-ND5,NDUFV1,999
MT-ND5,NDUFA3,998
MT-ND5,NDUFA1,999
XPC,SUPT16H,736
XPC,MSH2,944
XPC,H4C6,710
XPC,CDK7,808
XPC,GTF2H4,844
XPC,RCOR1,901
XPC,ERCC8,951
XPC,MSH3,826
XPC,GTF2H1,992
XPC,ATM,962
XPC,DDB1,920
XPC,PRKDC,923
XPC,CETN2,999
XPC,CCNH,795
XPC,XRCC5,953
XPC,ERCC4,983
XPC,ERCC3,972
XPC,RAD23B,999
XPC,FEN1,911
XPC,POLD1,919
XPC,KDM1A,902
XPC,LIG4,923
XPC,USP7,701
XPC,ERCC2,926
XPC,UBC,714
XPC,ATR,759
NDUFB6,NDUFS7,999
NDUFB6,NDUFA10,999
NDUFB6,NDUFB5,999
NDUFB6,PALB2,946
NDUFB6,NDUFS3,999
NDUFB6,NDUFA9,999
NDUFB6,NDUFS6,999
NDUFB6,NDUFB11,999
NDUFB6,NDUFB9,999
NDUFB6,NDUFS4,999
NDUFB6,NDUFS8,999
NDUFB6,CYC1,973
NDUFB6,COX5A,994
NDUFB6,NDUFA12,999
NDUFB6,ATP5F1C,917
NDUFB6,MT-ND4L,996
NDUFB6,NDUFS2,999
NDUFB6,NDUFA1,999
NDUFB6,NDUFS5,999
NDUFB6,NDUFA8,999
NDUFB6,UQCRQ,988
NDUFB6,ENSP00000497305,934
NDUFB6,NDUFA3,999
NDUFB6,NDUFV1,999
NDUFB6,NDUFA6,999
NDUFB6,NDUFC2-KCTD14,963
NDUFB6,NDUFA5,999
NDUFB6,NDUFB3,999
H4C15,SUPT16H,948
H4C15,ASF1A,941
H4C15,H4C6,968
H4C15,CDK7,800
H4C15,GTF2H4,840
H4C15,POU5F1,808
H4C15,BARD1,907
H4C15,KMT2C,855
H4C15,CREBBP,903
H4C15,EP300,903
H4C15,ASF1B,945
H4C15,RBBP5,940
H4C15,GTF2H1,838
H4C15,RPS27A,888
H4C15,H2BC1,942
H4C15,SSRP1,939
H4C15,ERCC3,834
H4C15,MED1,804
H4C15,DDB1,820
H4C15,SUZ12,806
H4C15,PRMT5,919
H4C15,EZH2,834
H4C15,ARID1A,800
H4C15,H2BC4,960
H4C15,SOX2,801
H4C15,H2AC20,972
H4C15,CENPA,967
H4C15,H3-5,935
H4C15,H4C11,952
H4C15,H2BC12,971
H4C15,H2AC13,963
H4C15,H2AC11,959
H4C15,H3C12,975
H4C15,H2AC17,956
H4C15,H3C14,964
H4C15,KDM4A,912
H4C15,H4C2,968
H4C15,H3C4,983
H4C15,NSD2,839
H4C15,ERCC2,836
H4C15,SMARCD1,846
H4C15,KMT5A,915
H4C15,H3C15,966
H4C15,SETD2,873
H4C15,ACTL6A,861
H4C15,TAF1,826
H4C15,POLR2H,875
H4C15,H2AX,951
H4C15,CHD4,925
H4C15,UBC,864
H4C15,H4C5,953
H4C15,H2AC15,958
H4C15,CCNH,808
H4C15,H2AC4,990
H4C15,H2BC15,884
H4C15,H3C6,979
H4C15,H4C8,953
H4C15,ACTB,899
H4C15,UBB,864
H4C15,H3C2,984
H4C15,H3C1,983
H4C15,H2BC9,886
H4C15,H3C11,983
H4C15,H4C13,952
H4C15,H3C8,984
H4C15,H3C7,983
H2BC9,HDAC5,705
H2BC9,H4C6,989
H2BC9,KAT2B,700
H2BC9,HDAC3,720
H2BC9,H2BC4,976
H2BC9,H2AC20,925
H2BC9,CENPA,983
H2BC9,H3-5,871
H2BC9,H4C11,924
H2BC9,H2BC12,762
H2BC9,H2AC13,927
H2BC9,H3C12,931
H2BC9,H2AC17,833
H2BC9,TRRAP,716
H2BC9,H3C14,906
H2BC9,H4C2,906
H2BC9,H3C4,849
H2BC9,H3C15,898
H2BC9,BRCA1,794
H2BC9,H2AX,813
H2BC9,CHD4,764
H2BC9,H4C7,833
H2BC9,H4C5,939
H2BC9,H2BC15,927
H2BC9,H4C8,937
H2BC9,H4C13,899
H2BC9,H3C7,703
ANAPC13,CCNB1,914
ANAPC13,BARD1,902
ANAPC13,ANAPC5,999
ANAPC13,BUB1B,959
ANAPC13,CCNB2,900
ANAPC13,CBX2,900
ANAPC13,ANAPC1,999
ANAPC13,BABAM2,900
ANAPC13,CDC16,999
ANAPC13,UBE2C,987
ANAPC13,RNF2,900
ANAPC13,BUB3,770
ANAPC13,BRCC3,902
ANAPC13,CDC20,996
ANAPC13,CDC26,999
ANAPC13,RING1,900
ANAPC13,BRCA2,720
ANAPC13,PTTG1,780
ANAPC13,ANAPC7,998
ANAPC13,BRCA1,905
ANAPC13,PHC3,900
ANAPC13,UBB,802
ANAPC13,ANAPC15,998
ANAPC13,CUL7,901
ANAPC13,ANAPC4,999
ANAPC13,CDC27,999
ANAPC13,UBC,804
ANAPC13,ANAPC16,999
ANAPC13,ANAPC10,999
ANAPC13,CCNA2,828
ANAPC13,PHC1,903
SSRP1,SUPT16H,999
SSRP1,H4C6,988
SSRP1,MCM4,943
SSRP1,MCM6,865
SSRP1,GTF2H1,774
SSRP1,H2BC1,764
SSRP1,H4C2,950
SSRP1,CHD4,843
SSRP1,H2AC20,924
SSRP1,ATRX,782
SSRP1,H2AX,898
SSRP1,POLR2H,907
SSRP1,H3C12,990
SSRP1,POLA1,732
SSRP1,H4C5,938
SSRP1,XRCC5,803
SSRP1,H2BC4,876
SSRP1,H4C11,939
SSRP1,H4C8,939
SSRP1,H3C6,951
SSRP1,MCM3,778
SSRP1,H3C8,934
SSRP1,H4C13,951
SSRP1,H3C11,947
SSRP1,H3C7,945
SSRP1,CENPA,792
SSRP1,CDK9,782
SSRP1,H3C2,947
SSRP1,H3-5,747
SSRP1,H3C4,935
SSRP1,H3C1,973
CREB1,SIRT1,781
CREB1,NFKB1,773
CREB1,NR3C1,924
CREB1,YY1,870
CREB1,CREBBP,999
CREB1,EP300,999
CREB1,KAT2B,885
CREB1,STAT3,924
CREB1,PPARGC1A,996
CREB1,ATM,735
CREB1,CEBPB,963
CREB1,FOS,998
CREB1,GSK3B,988
CREB1,SP1,784
CREB1,SMAD3,899
CREB1,H3-5,741
CREB1,H3C12,741
CREB1,JUN,998
CREB1,PTEN,704
CREB1,FOXO1,920
CREB1,MAPK8,762
CREB1,INS,776
CREB1,IL6,918
CREB1,IL10,893
CREB1,AKT1,965
CREB1,YAP1,730
CREB1,ESR1,757
CREB1,MYC,789
CREB1,HIF1A,833
CREB1,AKT3,765
NDUFA8,NDUFS7,999
NDUFA8,NDUFA10,999
NDUFA8,NDUFB5,999
NDUFA8,PALB2,945
NDUFA8,NDUFS3,999
NDUFA8,NDUFA9,999
NDUFA8,NDUFS6,999
NDUFA8,NDUFB11,999
NDUFA8,NDUFB9,999
NDUFA8,NDUFS4,999
NDUFA8,NDUFS8,999
NDUFA8,CYC1,998
NDUFA8,COX5A,989
NDUFA8,NDUFA12,999
NDUFA8,ATP5F1C,869
NDUFA8,MT-ND4L,998
NDUFA8,NDUFS2,999
NDUFA8,NDUFA1,999
NDUFA8,NDUFS5,999
NDUFA8,NDUFV1,999
NDUFA8,NDUFA3,999
NDUFA8,ENSP00000497305,987
NDUFA8,UQCRQ,995
NDUFA8,NDUFB3,999
NDUFA8,NDUFA5,999
NDUFA8,NDUFC2-KCTD14,952
NDUFA8,NDUFA6,999
TAF1,ASF1A,974
TAF1,H4C6,998
TAF1,CDK7,925
TAF1,GTF2H4,980
TAF1,RBBP5,928
TAF1,GTF2H1,912
TAF1,ERCC3,982
TAF1,MED1,876
TAF1,H4C11,826
TAF1,RNF2,911
TAF1,H3C14,827
TAF1,JUN,872
TAF1,H4C2,826
TAF1,ERCC2,981
TAF1,SIN3A,729
TAF1,H3C15,819
TAF1,H4C5,826
TAF1,CCNH,898
TAF1,POLR2H,909
TAF1,H4C7,967
TAF1,H4C8,826
TAF1,H4C13,826
TAF1,H3C1,760
RPS6KB1,SIRT1,712
RPS6KB1,JUN,959
RPS6KB1,HSP90AB1,760
RPS6KB1,AKT3,943
RPS6KB1,SQSTM1,834
RPS6KB1,FOXO1,734
RPS6KB1,HSP90AA1,837
RPS6KB1,HIF1A,730
RPS6KB1,INS,876
RPS6KB1,ATM,725
RPS6KB1,ACTB,740
RPS6KB1,ESR1,955
RPS6KB1,MED1,908
RPS6KB1,PPP2CA,979
RPS6KB1,SP1,925
RPS6KB1,PTEN,914
RPS6KB1,FOS,946
RPS6KB1,AKT1,982
RBBP5,H4C6,988
RBBP5,KMT2C,999
RBBP5,EP300,768
RBBP5,EZH2,876
RBBP5,H3C12,959
RBBP5,H2AC15,853
RBBP5,H4C5,940
RBBP5,SETD2,830
RBBP5,H4C11,940
RBBP5,H4C8,940
RBBP5,H2BC12,956
RBBP5,H2AC4,853
RBBP5,DDB1,801
RBBP5,H2AC20,743
RBBP5,UBB,980
RBBP5,H4C2,940
RBBP5,SUZ12,741
RBBP5,SIN3A,718
RBBP5,RNF2,945
RBBP5,H2AC13,853
RBBP5,PAXIP1,999
RBBP5,UBC,981
RBBP5,H2AC11,854
RBBP5,H3-5,869
RBBP5,H4C13,940
RBBP5,H3C15,935
RBBP5,H2AC17,854
RBBP5,RPS27A,991
RBBP5,H3C14,952
KAT2B,SIRT1,960
KAT2B,KAT2A,969
KAT2B,HDAC5,825
KAT2B,H4C6,996
KAT2B,CREBBP,999
KAT2B,EP300,999
KAT2B,NOTCH1,835
KAT2B,H3C4,960
KAT2B,H3-5,992
KAT2B,E2F1,963
KAT2B,H3C11,960
KAT2B,H3C15,933
KAT2B,KDM1A,758
KAT2B,H3C8,960
KAT2B,SMARCA2,874
KAT2B,H3C14,968
KAT2B,H3C7,960
KAT2B,H2BC1,700
KAT2B,JUN,773
KAT2B,H3C12,997
KAT2B,H4C7,933
KAT2B,KAT5,992
KAT2B,PRMT1,817
KAT2B,BRCA2,953
KAT2B,HIF1A,832
KAT2B,H2BC12,701
KAT2B,CEBPB,741
KAT2B,BUB1B,735
KAT2B,SMAD3,926
KAT2B,TRRAP,999
KAT2B,H3C6,966
KAT2B,ACTB,859
KAT2B,H2AC20,870
KAT2B,MYC,990
KAT2B,H2AX,777
KAT2B,HDAC3,888
KAT2B,ESR1,804
KAT2B,SIN3A,729
KAT2B,H3C2,960
KAT2B,NCOR1,921
KAT2B,PPARGC1A,701
KAT2B,H3C1,995
MCM6,CDC6,999
MCM6,RBX1,830
MCM6,POLE2,995
MCM6,AURKA,743
MCM6,RPA3,706
MCM6,ASF1A,900
MCM6,H4C6,809
MCM6,CCNA1,917
MCM6,CCNB1,806
MCM6,CDK4,739
MCM6,TIPIN,993
MCM6,MCM4,999
MCM6,LIG1,861
MCM6,ASF1B,939
MCM6,MCM10,999
MCM6,TYMS,875
MCM6,RFC4,945
MCM6,POLE,980
MCM6,RFC5,901
MCM6,ATR,763
MCM6,CCNA2,896
MCM6,ATRIP,719
MCM6,CCNB2,837
MCM6,EXO1,844
MCM6,RECQL4,752
MCM6,CDC20,839
MCM6,CDC7,999
MCM6,TOP2A,789
MCM6,RFC3,961
MCM6,FEN1,907
MCM6,POLD1,840
MCM6,MCM3,999
MCM6,CDC45,999
MCM6,WDHD1,998
MCM6,CLSPN,953
MCM6,POLA1,956
MCM6,CDT1,999
ATR,CDC6,838
ATR,MSH2,910
ATR,H4C6,774
ATR,BARD1,725
ATR,MCM4,768
ATR,MSH3,729
ATR,NBN,964
ATR,FANCM,978
ATR,ATM,999
ATR,CDC25A,860
ATR,FEN1,717
ATR,ERCC4,745
ATR,FANCI,960
ATR,RAD9A,994
ATR,CLSPN,935
ATR,RMI1,777
ATR,ATRIP,999
ATR,MRE11,968
ATR,RAD51C,840
ATR,XRCC5,898
ATR,SQSTM1,915
ATR,CDC45,914
ATR,RAD50,905
ATR,WDHD1,813
ATR,MCM3,773
ATR,BRCA2,831
ATR,RAD17,988
ATR,CHEK2,998
ATR,CDC7,992
ATR,REV3L,702
ATR,BLM,962
ATR,RECQL4,894
ATR,FANCA,953
ATR,BRCA1,996
ATR,PAXIP1,723
ATR,EXO1,947
ATR,H2AX,914
ATR,RAD51B,799
ATR,ERCC2,771
ATR,CDK9,702
ATR,RAD52,955
ATR,RFC5,775
ATR,RBBP8,899
ATR,RFC4,806
ATR,DNA2,899
ATR,MCM10,825
CDC27,CDC6,853
CDC27,AURKA,783
CDC27,CCNA1,784
CDC27,CCNB1,999
CDC27,BARD1,914
CDC27,ANAPC5,999
CDC27,CREBBP,706
CDC27,CCNE1,718
CDC27,BUB1B,999
CDC27,CCNB2,947
CDC27,BUB1,885
CDC27,CBX2,900
CDC27,AURKB,830
CDC27,ANAPC1,999
CDC27,BABAM2,906
CDC27,CDC16,999
CDC27,UBE2C,993
CDC27,RNF2,907
CDC27,BUB3,999
CDC27,BRCC3,904
CDC27,CDC20,999
CDC27,CDC26,999
CDC27,RING1,902
CDC27,BRCA2,763
CDC27,PTTG1,976
CDC27,ANAPC7,999
CDC27,PPP2CA,923
CDC27,BRCA1,923
CDC27,PHC3,907
CDC27,ANAPC4,999
CDC27,UBB,909
CDC27,ANAPC16,999
CDC27,ANAPC15,996
CDC27,CUL7,914
CDC27,UBC,907
CDC27,ANAPC10,999
CDC27,PHC1,901
CDC27,CCNA2,983
ATRIP,CDC6,856
ATRIP,RPA3,907
ATRIP,NBN,897
ATRIP,FANCM,955
ATRIP,ATM,998
ATRIP,CDC25A,760
ATRIP,FANCI,956
ATRIP,RAD9A,992
ATRIP,CLSPN,974
ATRIP,PRKDC,973
ATRIP,RMI1,716
ATRIP,RAD52,792
ATRIP,DNA2,860
ATRIP,RBBP8,859
ATRIP,CDC45,846
ATRIP,BRCA2,792
ATRIP,MCM3,726
ATRIP,MRE11,722
ATRIP,XRCC5,840
ATRIP,BRCA1,972
ATRIP,FANCA,955
ATRIP,BLM,704
ATRIP,EXO1,827
ATRIP,CHEK2,824
ATRIP,RAD17,980
ATRIP,CDC7,785
SUPT16H,H2BC1,783
SUPT16H,H3C7,951
SUPT16H,MCM4,722
SUPT16H,CENPA,851
SUPT16H,H3C8,952
SUPT16H,H4C13,953
SUPT16H,H3C11,953
SUPT16H,H3-5,869
SUPT16H,H3C4,945
SUPT16H,H3C1,978
SUPT16H,CDK9,894
SUPT16H,H3C2,953
SUPT16H,ATRX,830
SUPT16H,H2AX,918
SUPT16H,H4C6,990
SUPT16H,H4C2,953
SUPT16H,CHD4,815
SUPT16H,H2AC20,972
SUPT16H,H4C11,948
SUPT16H,H3C6,960
SUPT16H,CDC45,777
SUPT16H,H4C8,948
SUPT16H,SETD2,754
SUPT16H,WDHD1,784
SUPT16H,POLR2H,936
SUPT16H,H3C12,992
SUPT16H,POLA1,811
SUPT16H,H4C5,948
SUPT16H,H2BC4,945
KIF2C,CDC6,713
KIF2C,AURKA,975
KIF2C,CCNB1,966
KIF2C,ASF1B,710
KIF2C,BUB1B,991
KIF2C,CCNB2,971
KIF2C,TPX2,999
KIF2C,BUB1,994
KIF2C,AURKB,996
KIF2C,CDKN3,791
KIF2C,CENPA,986
KIF2C,FOXM1,888
KIF2C,UBE2C,954
KIF2C,EXO1,764
KIF2C,BUB3,762
KIF2C,RFC4,733
KIF2C,CCNA2,949
KIF2C,TOP2A,937
KIF2C,PTTG1,875
KIF2C,HMMR,868
KIF2C,BRCA1,706
KIF2C,CDC20,995
KIF2C,KIF4A,947
KIF2C,CDC45,892
KIF2C,PBK,909
RECQL4,SIRT1,756
RECQL4,MSH2,781
RECQL4,TIPIN,908
RECQL4,MCM4,810
RECQL4,FANCM,991
RECQL4,ATM,858
RECQL4,CDT1,792
RECQL4,FEN1,981
RECQL4,ERCC4,767
RECQL4,FANCI,711
RECQL4,CLSPN,731
RECQL4,RMI1,860
RECQL4,POLE,711
RECQL4,MRE11,882
RECQL4,RAD51C,827
RECQL4,DNA2,921
RECQL4,RAD52,913
RECQL4,WDHD1,810
RECQL4,EXO1,981
RECQL4,POLA1,730
RECQL4,CHEK2,840
RECQL4,XRCC5,708
RECQL4,RBBP8,777
RECQL4,CDC45,982
RECQL4,MCM10,989
RECQL4,BRCA1,777
RECQL4,RAD17,741
RECQL4,POLD1,843
RECQL4,MCM3,700
HDAC5,KAT2A,729
HDAC5,KDM1A,779
HDAC5,H2BC1,707
HDAC5,NCOR1,979
HDAC5,CREBBP,812
HDAC5,H3-5,739
HDAC5,H2AC20,835
HDAC5,H4C6,726
HDAC5,H2AX,712
HDAC5,HDAC3,940
HDAC5,SIN3A,774
HDAC5,H2BC4,713
HDAC5,EP300,821
HDAC5,H3C12,739
HDAC5,H2BC15,710
HDAC5,H2BC12,782
HDAC5,SMAD3,730
STAT3,CD4,892
STAT3,SIRT1,817
STAT3,NFKBIA,741
STAT3,TGFB1,870
STAT3,NFKB1,962
STAT3,IL2,828
STAT3,NR3C1,981
STAT3,SNAI1,806
STAT3,PXDN,824
STAT3,KRAS,817
STAT3,POU5F1,946
STAT3,CREBBP,935
STAT3,EP300,999
STAT3,IL1B,938
STAT3,FGF2,835
STAT3,AKT1,966
STAT3,MMP9,890
STAT3,BRAF,773
STAT3,IL10,968
STAT3,FOS,995
STAT3,PTEN,794
STAT3,SOX2,903
STAT3,PPARG,826
STAT3,E2F1,797
STAT3,SP1,923
STAT3,PIK3R1,918
STAT3,YAP1,818
STAT3,CDK9,819
STAT3,KIT,960
STAT3,MAPK8,900
STAT3,ERBB2,948
STAT3,TNF,939
STAT3,HDAC3,889
STAT3,JAK2,999
STAT3,SIN3A,929
STAT3,TRAF6,887
STAT3,PRMT5,712
STAT3,BRCA1,812
STAT3,ESR1,930
STAT3,IGF1R,921
STAT3,ACTB,798
STAT3,INS,885
STAT3,MYC,985
STAT3,CDK6,881
STAT3,STAT5A,997
STAT3,CEBPB,984
STAT3,PGR,858
STAT3,HIF1A,994
STAT3,HSP90AA1,971
STAT3,FOXO1,964
STAT3,SMAD3,909
STAT3,FBXW7,794
STAT3,DNMT1,957
STAT3,IL6,984
STAT3,PXDNL,824
STAT3,GSK3B,804
STAT3,HSP90AB1,890
STAT3,EZH2,973
STAT3,JUN,995
STAT3,SMAD4,768
STAT3,NFE2L2,742
STAT3,FOXM1,893
RPS3,NFKBIA,783
RPS3,NFKB1,923
RPS3,NEDD8,746
RPS3,RPS27A,999
RPS3,MED1,982
RPS3,ATP5F1C,973
RPS3,HSP90AA1,856
RPS3,RPL5,999
RPS3,RPL23,999
RPS3,HSP90AB1,779
RPS3,HSPA4,732
RPS3,CUL7,978
RPS3,RPLP0,999
RPS3,MT-ND4L,743
RPS3,UBC,719
PTTG1,AURKA,967
PTTG1,CCNB1,984
PTTG1,ANAPC5,800
PTTG1,BUB1B,978
PTTG1,CCNB2,970
PTTG1,TPX2,921
PTTG1,BUB1,955
PTTG1,AURKB,949
PTTG1,TYMS,703
PTTG1,CDKN3,840
PTTG1,CENPA,761
PTTG1,ANAPC1,760
PTTG1,FOXM1,745
PTTG1,CDC16,806
PTTG1,UBE2C,980
PTTG1,BUB3,840
PTTG1,CDC20,999
PTTG1,CDC26,776
PTTG1,KIF4A,786
PTTG1,HMMR,861
PTTG1,TOP2A,942
PTTG1,ANAPC4,735
PTTG1,PBK,861
PTTG1,CDC45,792
PTTG1,ANAPC15,749
PTTG1,UBE2T,854
PTTG1,CCNA2,934
PTTG1,ANAPC10,911
MT-ND4L,NDUFS7,997
MT-ND4L,NDUFA10,990
MT-ND4L,NDUFB5,991
MT-ND4L,PALB2,912
MT-ND4L,NDUFS3,999
MT-ND4L,NDUFA9,993
MT-ND4L,NDUFS6,998
MT-ND4L,NDUFB11,988
MT-ND4L,NDUFB9,998
MT-ND4L,NDUFS4,998
MT-ND4L,NDUFS8,999
MT-ND4L,CYC1,969
MT-ND4L,COX5A,867
MT-ND4L,NDUFA12,998
MT-ND4L,NDUFA6,998
MT-ND4L,NDUFC2-KCTD14,848
MT-ND4L,NDUFA5,999
MT-ND4L,ENSP00000497305,906
MT-ND4L,NDUFS5,985
MT-ND4L,NDUFS2,999
MT-ND4L,NDUFV1,999
MT-ND4L,UQCRQ,895
MT-ND4L,NDUFA3,988
MT-ND4L,NDUFA1,986
MT-ND4L,NDUFB3,986
AURKB,CDC6,855
AURKB,CBX5,855
AURKB,AURKA,922
AURKB,CCNA1,708
AURKB,CCNB1,962
AURKB,BARD1,878
AURKB,MCM4,722
AURKB,ASF1B,702
AURKB,BUB1B,999
AURKB,CCNB2,990
AURKB,TPX2,940
AURKB,CDT1,790
AURKB,BUB1,997
AURKB,CDC25A,746
AURKB,PBK,791
AURKB,HSP90AA1,880
AURKB,CDC45,926
AURKB,POLD1,724
AURKB,BRCA2,790
AURKB,HSP90AB1,884
AURKB,H3C12,909
AURKB,FOXM1,889
AURKB,CDC20,998
AURKB,HMMR,760
AURKB,KIF4A,942
AURKB,EXO1,797
AURKB,CDKN3,724
AURKB,MYC,761
AURKB,TOP2A,970
AURKB,H2AC20,789
AURKB,CCNA2,991
AURKB,BUB3,943
AURKB,H3-5,922
AURKB,H3C1,821
AURKB,UBE2C,955
AURKB,RFC4,715
AURKB,TYMS,738
AURKB,CENPA,997
AURKB,MCM10,730
H2AC20,SIRT1,781
H2AC20,KAT2A,910
H2AC20,H4C6,999
H2AC20,BARD1,869
H2AC20,KMT2C,714
H2AC20,YY1,705
H2AC20,EP300,952
H2AC20,RPS27A,754
H2AC20,H2BC1,995
H2AC20,ATM,801
H2AC20,BUB1,780
H2AC20,HDAC3,828
H2AC20,RAD9A,866
H2AC20,SUZ12,856
H2AC20,PRMT5,894
H2AC20,EZH2,872
H2AC20,RNF168,983
H2AC20,H2BC4,991
H2AC20,H2AC13,936
H2AC20,PAXIP1,842
H2AC20,BRCA1,955
H2AC20,ESR1,701
H2AC20,ATRX,757
H2AC20,RNF2,993
H2AC20,ACTL6A,863
H2AC20,RING1,945
H2AC20,BRCC3,728
H2AC20,ACTB,789
H2AC20,CHD4,805
H2AC20,H4C2,976
H2AC20,MYC,751
H2AC20,H2BC12,992
H2AC20,H2BC15,897
H2AC20,TRRAP,790
H2AC20,H4C11,974
H2AC20,H3C6,987
H2AC20,H4C8,973
H2AC20,RNF8,928
H2AC20,H2AC15,821
H2AC20,DNMT1,854
H2AC20,H4C5,974
H2AC20,H3C12,999
H2AC20,H4C7,999
H2AC20,KAT5,946
H2AC20,PRMT1,725
H2AC20,SMARCA2,873
H2AC20,H3C14,979
H2AC20,CENPA,987
H2AC20,H3C7,946
H2AC20,H4C13,972
H2AC20,H3C11,942
H2AC20,H3C15,953
H2AC20,H2AC17,839
H2AC20,KDM1A,817
H2AC20,H3C8,941
H2AC20,KMT5A,707
H2AC20,H3C1,977
H2AC20,H3C4,942
H2AC20,H3-5,998
H2AC20,PHC1,804
H2AC20,H3C2,964
H2AC20,UBC,754
H2AC20,H2AC11,881
H2AC20,USP7,722
NDUFS4,NDUFS7,999
NDUFS4,NDUFA10,999
NDUFS4,NDUFB5,999
NDUFS4,PALB2,971
NDUFS4,NDUFS3,999
NDUFS4,NDUFA9,999
NDUFS4,NDUFS6,999
NDUFS4,NDUFB11,999
NDUFS4,NDUFB9,999
NDUFS4,UQCRQ,989
NDUFS4,COX5A,988
NDUFS4,NDUFB3,999
NDUFS4,NDUFC2-KCTD14,975
NDUFS4,NDUFA6,999
NDUFS4,NDUFA5,999
NDUFS4,NDUFA12,999
NDUFS4,ATP5F1C,923
NDUFS4,NDUFA3,999
NDUFS4,NDUFV1,999
NDUFS4,CYC1,999
NDUFS4,NDUFA1,999
NDUFS4,NDUFS8,999
NDUFS4,NDUFS5,999
NDUFS4,NDUFS2,999
NDUFS4,ENSP00000497305,963
ARID1A,NR3C1,758
ARID1A,MSH2,974
ARID1A,H4C6,954
ARID1A,KRAS,873
ARID1A,CDK4,713
ARID1A,KMT2C,823
ARID1A,CREBBP,849
ARID1A,EP300,855
ARID1A,PPARG,914
ARID1A,EZH2,877
ARID1A,H4C2,800
ARID1A,CHD4,726
ARID1A,ACTB,995
ARID1A,ATRX,782
ARID1A,ACTL6A,999
ARID1A,BRCA1,801
ARID1A,SMARCD1,999
ARID1A,H4C5,808
ARID1A,H4C11,800
ARID1A,H4C8,800
ARID1A,PGR,752
ARID1A,PTEN,743
ARID1A,H4C13,800
ARID1A,SOX2,741
ARID1A,BRAF,702
ARID1A,SMARCA2,999
KIF4A,AURKA,885
KIF4A,CCNB1,931
KIF4A,BUB1B,968
KIF4A,CCNB2,864
KIF4A,TPX2,965
KIF4A,BUB1,952
KIF4A,CDKN3,803
KIF4A,CENPA,906
KIF4A,FOXM1,897
KIF4A,UBE2C,905
KIF4A,CDC20,941
KIF4A,PBK,938
KIF4A,CDC45,730
KIF4A,BRCA2,725
KIF4A,HMMR,877
KIF4A,TOP2A,915
KIF4A,CCNA2,895
KIF4A,MCM10,706
UBB,RBX1,965
UBB,NFKBIA,957
UBB,SKP1,964
UBB,H4C6,934
UBB,NEDD8,960
UBB,BARD1,954
UBB,ANAPC5,911
UBB,KMT2C,802
UBB,RPS27A,998
UBB,FANCI,961
UBB,RNF168,964
UBB,H2BC4,955
UBB,CUL1,937
UBB,HSP90AA1,726
UBB,ANAPC1,896
UBB,USP7,984
UBB,H4C11,864
UBB,CDC16,902
UBB,UBE2C,926
UBB,H2BC12,956
UBB,RAD23B,837
UBB,H2AC13,956
UBB,H2AC11,933
UBB,H3C12,942
UBB,DNMT1,956
UBB,H2AC17,931
UBB,PRKN,998
UBB,H3C14,935
UBB,BTRC,908
UBB,RNF8,757
UBB,CDC26,897
UBB,H4C2,864
UBB,H3C4,935
UBB,SQSTM1,943
UBB,H3C15,935
UBB,ANAPC7,895
UBB,SUMO2,741
UBB,ANAPC4,903
UBB,TRAF6,841
UBB,H2AX,946
UBB,ANAPC15,897
UBB,CUL7,725
UBB,UBC,998
UBB,FBXW7,725
UBB,ANAPC16,896
UBB,ANAPC10,909
UBB,H4C5,864
UBB,H2AC15,933
UBB,H2AC4,928
UBB,H4C8,864
UBB,H3C6,935
UBB,H3C2,935
UBB,UBE2T,779
UBB,H3C1,935
UBB,CCNA2,903
UBB,H3C11,935
UBB,H4C13,864
UBB,H3C8,935
UBB,H3C7,935
CCNB2,CDC6,961
CCNB2,AURKA,988
CCNB2,CCNA1,739
CCNB2,CCNB1,998
CCNB2,CDK4,782
CCNB2,ANAPC5,922
CCNB2,MCM4,866
CCNB2,CCNE1,757
CCNB2,CDK6,806
CCNB2,BUB1B,993
CCNB2,ANAPC7,916
CCNB2,ANAPC10,927
CCNB2,ANAPC1,953
CCNB2,E2F1,785
CCNB2,BUB3,800
CCNB2,TPX2,953
CCNB2,CCNA2,965
CCNB2,TYMS,868
CCNB2,CENPA,975
CCNB2,CCNL2,833
CCNB2,UBE2C,968
CCNB2,RFC4,785
CCNB2,CDC26,917
CCNB2,CDC45,950
CCNB2,CDC25A,973
CCNB2,PBK,880
CCNB2,CDT1,822
CCNB2,FOXM1,895
CCNB2,CDKN3,893
CCNB2,EXO1,744
CCNB2,ANAPC4,951
CCNB2,HMMR,888
CCNB2,BUB1,998
CCNB2,CDC20,999
CCNB2,CDC7,737
CCNB2,CDC16,939
CCNB2,TOP2A,975
UBC,RBX1,973
UBC,NFKBIA,963
UBC,STUB1,850
UBC,TGFB1,714
UBC,SKP1,980
UBC,H4C6,935
UBC,NEDD8,950
UBC,BARD1,970
UBC,ANAPC5,911
UBC,KMT2C,809
UBC,EP300,791
UBC,FGF2,747
UBC,RPS27A,998
UBC,ATM,733
UBC,DDB1,709
UBC,FANCI,965
UBC,RNF168,991
UBC,H2BC4,960
UBC,CUL1,976
UBC,HSP90AA1,735
UBC,ANAPC1,896
UBC,USP7,997
UBC,H4C11,864
UBC,UBE2I,813
UBC,CDC16,900
UBC,UBE2C,942
UBC,H2BC12,960
UBC,RAD23B,970
UBC,H2AC13,955
UBC,H2AC11,928
UBC,H3C12,966
UBC,DNMT1,923
UBC,H2AC17,928
UBC,PRKN,999
UBC,H3C14,935
UBC,BRCC3,862
UBC,BTRC,934
UBC,HSP90AB1,763
UBC,PTEN,714
UBC,CDC20,801
UBC,RNF8,908
UBC,CDC26,896
UBC,H4C2,864
UBC,H3C4,935
UBC,SQSTM1,999
UBC,RBBP8,749
UBC,H3C15,935
UBC,ANAPC7,896
UBC,TNF,998
UBC,SUMO2,811
UBC,BRCA1,888
UBC,ANAPC4,905
UBC,TRAF6,976
UBC,H2AX,948
UBC,ANAPC15,897
UBC,HIF1A,950
UBC,CUL7,799
UBC,H3C1,935
UBC,ANAPC10,911
UBC,CCNA2,909
UBC,H3C2,935
UBC,UBE2T,831
UBC,H3C7,935
UBC,H4C13,864
UBC,H3C11,935
UBC,H3C8,935
UBC,H2AC4,929
UBC,H3C6,935
UBC,H4C8,864
UBC,H2AC15,928
UBC,FBXW7,795
UBC,H4C5,864
UBC,ANAPC16,896
UBC,ACTB,825
RMI1,RPA3,998
RMI1,NBN,781
RMI1,FANCM,999
RMI1,ATM,724
RMI1,ERCC4,820
RMI1,RAD9A,703
RMI1,RBBP8,808
RMI1,DNA2,994
RMI1,RAD52,932
RMI1,RAD51B,740
RMI1,EXO1,942
RMI1,RAD51C,748
RMI1,BLM,999
RMI1,BRCA1,915
RMI1,FANCA,996
RMI1,MRE11,764
RMI1,BRCA2,759
RMI1,RAD50,719
H2AC15,H4C6,962
H2AC15,BARD1,906
H2AC15,KMT2C,844
H2AC15,RPS27A,934
H2AC15,SUZ12,820
H2AC15,EZH2,823
H2AC15,H2BC4,976
H2AC15,CENPA,933
H2AC15,H4C11,964
H2AC15,H2BC12,961
H2AC15,H2AC13,931
H2AC15,H2AC11,912
H2AC15,H2AC17,941
H2AC15,H3C14,944
H2AC15,H4C2,974
H2AC15,NSD2,921
H2AC15,KMT5A,911
H2AC15,H3C15,940
H2AC15,POLR2H,855
H2AC15,CHD4,821
H2AC15,H4C13,966
H2AC15,H4C8,969
H2AC15,H2BC15,791
H2AC15,H2AC4,936
H2AC15,H4C5,974
HDAC3,SIRT1,834
HDAC3,KAT2A,856
HDAC3,NFKB1,767
HDAC3,SNAI1,815
HDAC3,H4C6,941
HDAC3,YY1,885
HDAC3,RCOR1,812
HDAC3,CREBBP,873
HDAC3,EP300,958
HDAC3,NCOR1,999
HDAC3,H2BC1,795
HDAC3,PPARG,965
HDAC3,SUZ12,733
HDAC3,MYC,949
HDAC3,H2AX,735
HDAC3,SIN3A,987
HDAC3,PRMT5,757
HDAC3,H2BC4,720
HDAC3,KAT5,796
HDAC3,H4C7,725
HDAC3,JUN,754
HDAC3,H3C12,890
HDAC3,EZH2,989
HDAC3,H2BC15,719
HDAC3,HIF1A,804
HDAC3,H2BC12,719
HDAC3,KDM1A,900
HDAC3,AKT1,811
HDAC3,H3-5,787
KMT2C,H4C6,977
KMT2C,KRAS,756
KMT2C,EP300,884
KMT2C,EZH2,792
KMT2C,H3C12,916
KMT2C,H4C5,855
KMT2C,H4C11,855
KMT2C,H4C8,855
KMT2C,H2AC4,841
KMT2C,H2BC12,924
KMT2C,H4C2,855
KMT2C,ATRX,743
KMT2C,PAXIP1,999
KMT2C,H2AC13,854
KMT2C,H2AC11,844
KMT2C,H3-5,839
KMT2C,NCOR1,830
KMT2C,CREBBP,822
KMT2C,H3C15,854
KMT2C,H4C13,855
KMT2C,H2AC17,843
KMT2C,RPS27A,809
KMT2C,H3C14,925
PRMT5,STUB1,727
PRMT5,SNAI1,827
PRMT5,H4C6,997
PRMT5,CDK4,933
PRMT5,EP300,780
PRMT5,SUZ12,810
PRMT5,H4C13,919
PRMT5,KDM1A,727
PRMT5,SMARCA2,890
PRMT5,H3-5,701
PRMT5,H3C1,795
PRMT5,H4C2,919
PRMT5,JAK2,910
PRMT5,ACTL6A,722
PRMT5,H3C12,854
PRMT5,EZH2,870
PRMT5,PRMT1,993
PRMT5,H4C5,919
PRMT5,H4C8,919
PRMT5,H4C11,919
BRCC3,BARD1,999
BRCC3,ANAPC5,904
BRCC3,NBN,710
BRCC3,RPS27A,797
BRCC3,BUB1B,720
BRCC3,CBX2,900
BRCC3,ANAPC1,904
BRCC3,BABAM2,999
BRCC3,CDC16,905
BRCC3,UBE2C,916
BRCC3,RNF2,924
BRCC3,ANAPC10,905
BRCC3,ANAPC7,909
BRCC3,PHC1,901
BRCC3,RBBP8,869
BRCC3,ANAPC15,903
BRCC3,CUL7,904
BRCC3,PHC3,903
BRCC3,RNF8,796
BRCC3,ANAPC16,905
BRCC3,SUMO2,813
BRCC3,BRCA2,984
BRCC3,CDC26,909
BRCC3,BRCA1,999
BRCC3,RING1,915
BRCC3,ANAPC4,910
ATRX,CBX5,891
ATRX,ASF1A,701
ATRX,H4C6,847
ATRX,MCM4,745
ATRX,NBN,796
ATRX,FANCM,749
ATRX,ATM,897
ATRX,FANCI,747
ATRX,PRKDC,704
ATRX,EZH2,933
ATRX,MRE11,851
ATRX,RAD51C,780
ATRX,H3-5,991
ATRX,BLM,710
ATRX,RAD52,993
ATRX,REV3L,725
ATRX,H3C12,995
ATRX,DNMT1,814
ATRX,EXO1,756
ATRX,H3C14,984
ATRX,PTEN,779
ATRX,LIG4,775
ATRX,H3C7,918
ATRX,H3C11,918
ATRX,H3C15,918
ATRX,H3C8,918
ATRX,H3C1,964
ATRX,H3C4,918
ATRX,H3C2,964
ATRX,RAD51B,712
ATRX,H2AX,791
ATRX,BRCA1,858
ATRX,CHEK2,788
ATRX,BRCA2,891
ATRX,SUMO2,811
ATRX,H3C6,964
ATRX,SETD2,762
ATRX,XRCC5,815
NEDD8,RBX1,999
NEDD8,NFKBIA,926
NEDD8,SKP1,994
NEDD8,DDB1,969
NEDD8,UBE2I,794
NEDD8,CDT1,824
NEDD8,PRKN,718
NEDD8,FBXW7,816
NEDD8,CUL1,999
NEDD8,RPL5,740
NEDD8,SUMO2,973
NEDD8,HIF1A,774
NEDD8,CUL7,944
NEDD8,RPS27A,979
NEDD8,USP7,714
NEDD8,BTRC,984
NEDD8,CCNA2,860
NDUFS2,NDUFS7,999
NDUFS2,NDUFA10,999
NDUFS2,NDUFB5,999
NDUFS2,PALB2,940
NDUFS2,NDUFS3,999
NDUFS2,NDUFA9,999
NDUFS2,NDUFS6,999
NDUFS2,NDUFB11,999
NDUFS2,NDUFB9,999
NDUFS2,CYCS,779
NDUFS2,NDUFS8,999
NDUFS2,CYC1,999
NDUFS2,COX5A,981
NDUFS2,NDUFA12,999
NDUFS2,ATP5F1C,950
NDUFS2,UQCRQ,992
NDUFS2,NDUFB3,999
NDUFS2,NDUFC2-KCTD14,919
NDUFS2,NDUFA6,999
NDUFS2,NDUFA5,999
NDUFS2,NDUFV1,999
NDUFS2,NDUFA3,999
NDUFS2,NDUFA1,999
NDUFS2,ENSP00000497305,971
NDUFS2,NDUFS5,999
BARD1,MSH2,805
BARD1,H4C6,981
BARD1,ANAPC10,904
BARD1,ANAPC7,906
BARD1,ANAPC1,910
BARD1,H3C1,946
BARD1,PHC1,905
BARD1,CCNA2,806
BARD1,H3C4,911
BARD1,H2AC11,908
BARD1,H3C2,916
BARD1,RAD9A,711
BARD1,RAD52,805
BARD1,RAD51B,856
BARD1,H3C14,819
BARD1,NBN,998
BARD1,RPS27A,953
BARD1,PHC3,900
BARD1,UBE2C,936
BARD1,CUL7,911
BARD1,H3C7,911
BARD1,DNA2,776
BARD1,H2AC17,912
BARD1,RBBP8,999
BARD1,H4C13,909
BARD1,H3C11,911
BARD1,POLE,787
BARD1,H3C15,819
BARD1,ANAPC15,901
BARD1,H3C8,912
BARD1,FANCM,713
BARD1,PALB2,987
BARD1,CDC26,907
BARD1,BUB1B,838
BARD1,BRCA2,999
BARD1,SUMO2,721
BARD1,H2BC12,955
BARD1,POLD1,748
BARD1,H2AC4,909
BARD1,H4C11,907
BARD1,H3C6,913
BARD1,H4C8,907
BARD1,CBX2,904
BARD1,RAD50,997
BARD1,PMS2,738
BARD1,XRCC5,822
BARD1,H4C5,907
BARD1,RNF8,908
BARD1,ANAPC16,903
BARD1,MRE11,999
BARD1,H3C12,935
BARD1,ANAPC5,915
BARD1,H2AC13,953
BARD1,PAXIP1,763
BARD1,EXO1,858
BARD1,H2AX,867
BARD1,RNF2,980
BARD1,RAD51C,967
BARD1,ANAPC4,916
BARD1,RING1,926
BARD1,BLM,718
BARD1,ESR1,886
BARD1,BRCA1,999
BARD1,BABAM2,999
BARD1,CDC20,703
BARD1,H4C2,910
BARD1,CDC16,920
BARD1,ATM,946
BARD1,CHEK2,937
BARD1,RNF168,821
BLM,RPA3,998
BLM,MSH2,907
BLM,CDK4,846
BLM,PALB2,729
BLM,TIPIN,830
BLM,NBN,925
BLM,FANCM,999
BLM,ATM,991
BLM,FEN1,921
BLM,ERCC4,819
BLM,FANCI,773
BLM,RAD9A,733
BLM,MRE11,969
BLM,RAD51C,859
BLM,DNA2,987
BLM,RFC4,871
BLM,RFC5,703
BLM,RBBP8,871
BLM,RAD51B,820
BLM,RAD52,958
BLM,BRCA1,974
BLM,FANCA,999
BLM,UBE2I,725
BLM,EXO1,998
BLM,H2AX,894
BLM,PAXIP1,789
BLM,RFC3,748
BLM,MYC,708
BLM,TOP2A,771
BLM,CHEK2,744
BLM,RAD17,872
BLM,RAD50,920
BLM,CDC45,788
BLM,BRCA2,935
BLM,SUMO2,738
BLM,POLD1,761
BRAF,MSH2,724
BRAF,KRAS,999
BRAF,PMS2,836
BRAF,ATM,778
BRAF,HSPA5,773
BRAF,GSK3B,925
BRAF,HSP90AA1,984
BRAF,SMAD4,756
BRAF,HSP90AB1,998
BRAF,PTEN,943
BRAF,BRCA2,721
BRAF,ESR1,746
BRAF,FBXW7,799
BRAF,MYC,722
BRAF,AKT1,783
H2AC17,H4C6,976
H2AC17,RPS27A,934
H2AC17,SUZ12,820
H2AC17,EZH2,842
H2AC17,H2BC4,988
H2AC17,CENPA,946
H2AC17,H4C11,974
H2AC17,H2BC12,972
H2AC17,H2AC13,975
H2AC17,H2AC11,950
H2AC17,H3C12,711
H2AC17,H4C8,978
H2AC17,H2BC15,809
H2AC17,H2AC4,946
H2AC17,POLR2H,855
H2AC17,NSD2,921
H2AC17,H4C5,989
H2AC17,H4C2,973
H2AC17,CHD4,826
H2AC17,H3C4,824
H2AC17,H3C2,725
H2AC17,H3C7,764
H2AC17,H3C14,975
H2AC17,KMT5A,911
H2AC17,H4C13,964
H2AC17,H3C15,949
RCOR1,SIRT1,776
RCOR1,MSH2,904
RCOR1,SNAI1,987
RCOR1,H4C6,752
RCOR1,POLD1,906
RCOR1,SUMO2,802
RCOR1,RAD23B,904
RCOR1,DNMT1,788
RCOR1,ERCC4,902
RCOR1,XRCC5,909
RCOR1,MSH3,726
RCOR1,EZH2,909
RCOR1,H3C12,924
RCOR1,CETN2,900
RCOR1,SIN3A,999
RCOR1,CHD4,829
RCOR1,ATM,914
RCOR1,SUZ12,892
RCOR1,PRKDC,910
RCOR1,NCOR1,976
RCOR1,H3-5,873
RCOR1,ERCC8,900
RCOR1,LIG4,904
RCOR1,KDM1A,999
MSH3,RPA3,711
MSH3,MSH2,999
MSH3,PALB2,802
MSH3,LIG1,751
MSH3,ERCC8,823
MSH3,LIG4,878
MSH3,FANCM,822
MSH3,POLE,817
MSH3,KDM1A,771
MSH3,RAD52,774
MSH3,BRCA1,910
MSH3,CETN2,783
MSH3,EXO1,986
MSH3,PRKDC,872
MSH3,ATM,938
MSH3,RAD50,712
MSH3,PMS2,999
MSH3,RAD23B,870
MSH3,POLD1,946
MSH3,FANCI,705
MSH3,BRCA2,839
MSH3,FEN1,834
MSH3,ERCC3,800
MSH3,ERCC4,936
MSH3,XRCC5,900
FOS,SIRT1,713
FOS,NFKBIA,808
FOS,TGFB1,719
FOS,NFKB1,808
FOS,IL2,828
FOS,NR3C1,961
FOS,H4C6,835
FOS,PXDN,739
FOS,YY1,933
FOS,CREBBP,943
FOS,EP300,964
FOS,IL1B,894
FOS,MED1,914
FOS,CEBPB,819
FOS,MAPK8,986
FOS,YAP1,756
FOS,SP1,944
FOS,PTEN,715
FOS,IL10,736
FOS,AKT1,746
FOS,H3C12,805
FOS,SMAD4,822
FOS,JUN,999
FOS,NFE2L2,728
FOS,IL6,891
FOS,PXDNL,739
FOS,SMAD3,976
FOS,FOXO1,809
FOS,SUMO2,731
FOS,HIF1A,805
FOS,MYC,965
FOS,ACTB,722
FOS,ESR1,999
FOS,JAK2,715
FOS,UBE2I,706
FOS,TNF,728
KAT2A,SIRT1,943
KAT2A,EP300,994
KAT2A,H3C12,973
KAT2A,KAT5,987
KAT2A,H4C7,907
KAT2A,H2BC15,701
KAT2A,TRRAP,999
KAT2A,MYC,996
KAT2A,DDB1,758
KAT2A,H4C6,986
KAT2A,H2AX,742
KAT2A,MED1,801
KAT2A,PPARGC1A,789
KAT2A,H3C1,856
KAT2A,CREBBP,964
KAT2A,NCOR1,843
KAT2A,NOTCH1,767
KAT2A,E2F1,888
KAT2A,H3-5,956
KAT2A,SMARCA2,826
KAT2A,H2BC1,700
H3C4,CBX5,933
H3C4,ASF1A,939
H3C4,H4C6,986
H3C4,POU5F1,808
H3C4,CREBBP,907
H3C4,EP300,814
H3C4,RPS27A,940
H3C4,H2BC1,868
H3C4,DDB1,824
H3C4,CBX2,912
H3C4,H2BC4,986
H3C4,SOX2,807
H3C4,CENPA,813
H3C4,H3-5,855
H3C4,H4C11,987
H3C4,H2BC12,962
H3C4,H2AC13,737
H3C4,H3C12,939
H3C4,DNMT1,918
H3C4,H3C14,959
H3C4,KDM4A,911
H3C4,H4C2,987
H3C4,H2AC4,982
H3C4,H4C8,993
H3C4,H3C6,901
H3C4,SETD2,947
H3C4,H4C5,991
H3C4,H2AX,932
H3C4,ACTL6A,867
H3C4,SMARCD1,841
H3C4,ACTB,908
H3C4,CHD4,915
H3C4,H3C1,922
H3C4,H3C2,955
H3C4,H3C7,941
H3C4,H4C13,984
H3C4,H3C11,912
H3C4,H3C15,959
H3C4,KMT5A,917
H3C4,H3C8,940
ERCC3,MSH2,829
ERCC3,H4C6,847
ERCC3,CDK7,999
ERCC3,GTF2H4,999
ERCC3,PALB2,746
ERCC3,LIG1,872
ERCC3,ERCC8,933
ERCC3,PMS2,823
ERCC3,GTF2H1,999
ERCC3,ATM,863
ERCC3,FANCI,700
ERCC3,BRCA2,750
ERCC3,POLD1,722
ERCC3,FEN1,871
ERCC3,RAD23B,968
ERCC3,H4C8,834
ERCC3,H4C11,834
ERCC3,XRCC5,794
ERCC3,H4C5,834
ERCC3,ERCC4,987
ERCC3,POLR2H,967
ERCC3,CCNH,999
ERCC3,CETN2,896
ERCC3,MED1,939
ERCC3,BRCA1,765
ERCC3,H4C2,834
ERCC3,PRKDC,738
ERCC3,MYC,942
ERCC3,DDB1,875
ERCC3,CDK9,933
ERCC3,ERCC2,999
ERCC3,H3C14,844
ERCC3,LIG4,744
ERCC3,H4C13,834
ERCC3,H3C15,844
STAT5A,CD4,843
STAT5A,NFKB1,830
STAT5A,IL2,956
STAT5A,NR3C1,798
STAT5A,CREBBP,975
STAT5A,EP300,946
STAT5A,PPARG,833
STAT5A,KIT,959
STAT5A,CEBPB,767
STAT5A,EZH2,896
STAT5A,PGR,885
STAT5A,PTEN,783
STAT5A,KDM1A,777
STAT5A,IL10,756
STAT5A,AKT1,870
STAT5A,IL6,823
STAT5A,JUN,721
STAT5A,FOXO1,700
STAT5A,MYC,759
STAT5A,ESR1,768
STAT5A,BRCA1,734
STAT5A,JAK2,999
BTRC,CD4,947
BTRC,RBX1,999
BTRC,NFKBIA,999
BTRC,NFKB1,964
BTRC,SKP1,999
BTRC,SNAI1,964
BTRC,EP300,741
BTRC,RPS27A,904
BTRC,DDB1,980
BTRC,CDC25A,969
BTRC,CLSPN,971
BTRC,GSK3B,999
BTRC,CUL1,999
BTRC,SMAD4,889
BTRC,YAP1,992
BTRC,CHUK,830
BTRC,MYC,798
BTRC,NFE2L2,935
BTRC,FBXW7,981
FANCI,RPA3,707
FANCI,MSH2,784
FANCI,CCNB1,746
FANCI,PALB2,988
FANCI,PMS2,866
FANCI,FANCM,998
FANCI,RPS27A,978
FANCI,ATM,946
FANCI,BUB1B,818
FANCI,TPX2,724
FANCI,ERCC4,879
FANCI,RAD51C,944
FANCI,FANCA,999
FANCI,BRCA1,993
FANCI,EXO1,834
FANCI,TOP2A,715
FANCI,PRKDC,782
FANCI,CDC45,880
FANCI,POLD1,778
FANCI,BRCA2,996
FANCI,XRCC5,727
FANCI,LIG4,782
FANCI,MCM10,716
FANCI,UBE2T,997
FANCI,ERCC2,714
ASF1A,SIRT1,719
ASF1A,H3C1,991
ASF1A,H3-5,994
ASF1A,H3C2,962
ASF1A,H3C14,964
ASF1A,MCM4,899
ASF1A,H3C7,964
ASF1A,H3C11,939
ASF1A,H4C13,977
ASF1A,H3C15,939
ASF1A,H3C8,967
ASF1A,H4C8,947
ASF1A,H3C6,980
ASF1A,H4C11,947
ASF1A,H4C5,947
ASF1A,H3C12,999
ASF1A,ASF1B,871
ASF1A,H4C2,972
ASF1A,CHEK2,910
ASF1A,H4C6,996
RBX1,CD4,914
RBX1,SKP1,999
RBX1,MCM4,847
RBX1,POLE2,907
RBX1,CUL7,999
RBX1,RPS27A,973
RBX1,POLE,906
RBX1,CCNA2,933
RBX1,NFKBIA,987
RBX1,ERCC8,994
RBX1,UBE2I,777
RBX1,MYC,834
RBX1,DDB1,999
RBX1,MCM3,852
RBX1,HIF1A,978
RBX1,SUMO2,751
RBX1,SMAD3,941
RBX1,CUL1,999
RBX1,WDHD1,815
RBX1,CDC45,848
RBX1,RAD23B,721
RBX1,CDT1,767
RBX1,SQSTM1,786
RBX1,FBXW7,999
RBX1,CLSPN,844
RBX1,NFE2L2,806
RBX1,GSK3B,709
RBX1,TIPIN,810
RBX1,POLR2H,923
RBX1,CCNE1,930
KRAS,NFKB1,805
KRAS,IL2,759
KRAS,MSH2,818
KRAS,PTEN,936
KRAS,NOTCH1,853
KRAS,ERBB2,966
KRAS,KIT,976
KRAS,BRCA1,721
KRAS,ESR1,764
KRAS,JAK2,850
KRAS,MYC,872
KRAS,ATM,718
KRAS,PMS2,776
KRAS,SMAD4,917
KRAS,IL6,823
KRAS,AKT1,904
KRAS,PIK3R1,963
KRAS,FGF2,820
KRAS,PPARG,757
KRAS,MAPK8,948
KRAS,TNF,717
KRAS,CDK4,743
KRAS,IGF1R,971
KRAS,HSP90AA1,818
KRAS,BRCA2,721
KRAS,EP300,757
KRAS,FBXW7,768
NBN,MSH2,824
NBN,PALB2,801
NBN,RBBP8,999
NBN,LIG4,821
NBN,RFC4,906
NBN,DNA2,771
NBN,RAD51B,729
NBN,RAD9A,727
NBN,CHEK2,935
NBN,RAD17,854
NBN,RNF168,787
NBN,PRKDC,918
NBN,ATM,999
NBN,RAD51C,816
NBN,BRCA1,993
NBN,PAXIP1,755
NBN,H2AX,980
NBN,EXO1,868
NBN,MRE11,999
NBN,XRCC5,889
NBN,RNF8,916
NBN,RAD50,999
NBN,FEN1,755
NBN,BRCA2,901
PPARGC1A,SIRT1,999
PPARGC1A,NFKB1,770
PPARGC1A,NR3C1,987
PPARGC1A,YY1,995
PPARGC1A,CREBBP,860
PPARGC1A,EP300,990
PPARGC1A,NCOR1,779
PPARGC1A,PPARG,999
PPARGC1A,AKT1,756
PPARGC1A,JUN,700
PPARGC1A,CYCS,746
PPARGC1A,NFE2L2,942
PPARGC1A,GSK3B,809
PPARGC1A,HIF1A,758
PPARGC1A,CEBPB,953
PPARGC1A,FOXO1,999
PPARGC1A,ACTB,725
PPARGC1A,INS,930
PPARGC1A,MED1,830
PPARGC1A,SMARCD1,905
PPARGC1A,ESR1,980
NFE2L2,SIRT1,737
NFE2L2,NFKBIA,747
NFE2L2,CREBBP,942
NFE2L2,EP300,933
NFE2L2,IL1B,749
NFE2L2,RPS27A,723
NFE2L2,PPARG,831
NFE2L2,GSK3B,953
NFE2L2,CASP9,702
NFE2L2,JUN,920
NFE2L2,PTEN,707
NFE2L2,SQSTM1,950
NFE2L2,MAPK8,727
NFE2L2,NOTCH1,857
NFE2L2,AKT1,923
NFE2L2,IL6,812
NFE2L2,HIF1A,750
NFE2L2,ACTB,758
NFE2L2,MYC,961
NFE2L2,TNF,701
NFE2L2,BRCA1,813
GSK3B,SIRT1,758
GSK3B,AURKA,769
GSK3B,STUB1,803
GSK3B,NFKB1,713
GSK3B,SKP1,768
GSK3B,SNAI1,978
GSK3B,CDK4,805
GSK3B,CCNE1,748
GSK3B,HSPA4,740
GSK3B,AKT3,963
GSK3B,HSP90AB1,920
GSK3B,JUN,908
GSK3B,FBXW7,856
GSK3B,HSP90AA1,958
GSK3B,CUL1,777
GSK3B,FOXO1,814
GSK3B,SMAD3,950
GSK3B,INS,753
GSK3B,MYC,996
GSK3B,ACTB,847
GSK3B,TRAF6,994
GSK3B,PPP2CA,897
GSK3B,CDC42,819
GSK3B,NOTCH1,809
GSK3B,PTEN,906
GSK3B,AKT1,996
PHC3,ANAPC5,901
PHC3,BUB1B,796
PHC3,CBX2,996
PHC3,SUZ12,918
PHC3,EZH2,918
PHC3,ANAPC1,900
PHC3,H3-5,797
PHC3,BABAM2,900
PHC3,CDC16,902
PHC3,UBE2C,905
PHC3,H3C12,892
PHC3,RNF2,994
PHC3,CDC26,900
PHC3,RING1,990
PHC3,BRCA2,735
PHC3,ANAPC7,900
PHC3,BRCA1,911
PHC3,CUL7,900
PHC3,ANAPC15,900
PHC3,PHC1,996
PHC3,ANAPC10,900
PHC3,ANAPC4,901
PHC3,ANAPC16,902
RBBP8,RPA3,708
RBBP8,CCNA1,724
RBBP8,PALB2,953
RBBP8,LIG1,740
RBBP8,ATM,973
RBBP8,FEN1,823
RBBP8,RAD9A,818
RBBP8,PRKDC,760
RBBP8,RNF168,830
RBBP8,MRE11,997
RBBP8,RAD51C,788
RBBP8,KAT5,733
RBBP8,BABAM2,715
RBBP8,DNA2,967
RBBP8,RAD52,885
RBBP8,WDHD1,744
RBBP8,EXO1,995
RBBP8,RNF8,828
RBBP8,RAD50,999
RBBP8,BRCA2,983
RBBP8,CHEK2,785
RBBP8,XRCC5,865
RBBP8,RFC4,737
RBBP8,BRCA1,999
RBBP8,H2AX,958
RBBP8,RAD17,790
RBBP8,LIG4,777
RBBP8,CCNA2,744
RBBP8,RAD51B,732
NDUFA10,NDUFS7,999
NDUFA10,NDUFB3,999
NDUFA10,COX5A,981
NDUFA10,NDUFB5,999
NDUFA10,UQCRQ,953
NDUFA10,PALB2,949
NDUFA10,ATP5F1C,919
NDUFA10,NDUFA12,999
NDUFA10,NDUFA9,999
NDUFA10,NDUFA5,999
NDUFA10,NDUFC2-KCTD14,917
NDUFA10,NDUFA6,999
NDUFA10,NDUFS6,999
NDUFA10,NDUFB11,999
NDUFA10,NDUFA1,999
NDUFA10,CYC1,980
NDUFA10,NDUFS3,999
NDUFA10,NDUFV1,999
NDUFA10,NDUFA3,999
NDUFA10,NDUFB9,999
NDUFA10,ENSP00000497305,936
NDUFA10,NDUFS5,999
NDUFA10,NDUFS8,999
PALB2,MSH2,898
PALB2,NDUFS7,952
PALB2,NDUFB5,981
PALB2,PTEN,727
PALB2,POLE,764
PALB2,FANCM,940
PALB2,NDUFS3,969
PALB2,NDUFV1,934
PALB2,NDUFB9,970
PALB2,NDUFA3,923
PALB2,NDUFA1,919
PALB2,CYC1,906
PALB2,DNA2,898
PALB2,LIG4,800
PALB2,RAD52,845
PALB2,RAD51B,890
PALB2,NDUFS8,958
PALB2,ENSP00000497305,867
PALB2,NDUFS5,909
PALB2,ATM,945
PALB2,PRKDC,794
PALB2,UQCRQ,736
PALB2,RNF168,918
PALB2,CHEK2,921
PALB2,NDUFB3,945
PALB2,EXO1,848
PALB2,H2AX,864
PALB2,COX5A,801
PALB2,BRCA1,999
PALB2,FANCA,900
PALB2,RAD51C,999
PALB2,NDUFA9,874
PALB2,NDUFA5,969
PALB2,ERCC4,818
PALB2,XRCC5,769
PALB2,NDUFC2-KCTD14,934
PALB2,NDUFB11,967
PALB2,MRE11,870
PALB2,NDUFS6,967
PALB2,NDUFA6,948
PALB2,POLD1,805
PALB2,BRCA2,999
PALB2,RPL23,840
PALB2,PMS2,947
PALB2,ATP5F1C,739
PALB2,NDUFA12,971
H3-5,CBX5,999
H3-5,SIRT1,836
H3-5,H4C6,999
H3-5,PXDN,717
H3-5,YY1,759
H3-5,CREBBP,959
H3-5,EP300,849
H3-5,ASF1B,919
H3-5,NCOR1,714
H3-5,H2BC1,866
H3-5,ATM,755
H3-5,BUB1,708
H3-5,HSPA4,704
H3-5,CBX2,852
H3-5,RAD9A,876
H3-5,SUZ12,899
H3-5,EZH2,972
H3-5,H2BC4,868
H3-5,HSP90AA1,736
H3-5,H2AC4,924
H3-5,H2BC12,983
H3-5,H2BC15,870
H3-5,SETD2,840
H3-5,H4C11,935
H3-5,H4C8,934
H3-5,H3C6,856
H3-5,IL6,746
H3-5,PXDNL,718
H3-5,NSD2,821
H3-5,DNMT1,975
H3-5,H4C5,936
H3-5,JUN,746
H3-5,HSP90AB1,735
H3-5,H3C12,856
H3-5,KAT5,915
H3-5,PRMT1,733
H3-5,H4C7,999
H3-5,H2AX,882
H3-5,PAXIP1,706
H3-5,CHUK,851
H3-5,TNF,711
H3-5,BRCA1,738
H3-5,RING1,744
H3-5,RNF2,743
H3-5,CHD4,992
H3-5,ACTB,812
H3-5,H4C2,934
H3-5,MYC,816
H3-5,KDM4A,995
H3-5,H3C1,855
H3-5,E2F1,707
H3-5,H3C2,855
H3-5,SMARCA2,815
H3-5,CCNL2,712
H3-5,H3C14,872
H3-5,H3C7,855
H3-5,AKT1,790
H3-5,H3C15,871
H3-5,H4C13,935
H3-5,H3C11,855
H3-5,KDM1A,917
H3-5,H3C8,855
TNF,CD4,968
TNF,SIRT1,706
TNF,NFKBIA,967
TNF,TGFB1,941
TNF,NFKB1,999
TNF,IL2,957
TNF,NR3C1,745
TNF,PXDN,800
TNF,IL1B,998
TNF,FGF2,732
TNF,PPARG,807
TNF,ALB,870
TNF,HSPA4,790
TNF,CEBPB,760
TNF,CYCS,810
TNF,CASP9,816
TNF,PXDNL,800
TNF,H3C12,710
TNF,CHUK,999
TNF,JUN,989
TNF,MMP9,930
TNF,FOXO1,721
TNF,JAK2,801
TNF,MAPK8,890
TNF,INS,926
TNF,IL6,994
TNF,ACTB,847
TNF,MYC,702
TNF,TRAF6,998
TNF,HIF1A,818
TNF,AKT1,907
TNF,IL10,992
TNF,CDC42,785
TNF,NOTCH1,711
ATP5F1C,NDUFS7,722
ATP5F1C,NDUFB5,919
ATP5F1C,NDUFS3,981
ATP5F1C,NDUFA9,934
ATP5F1C,NDUFS6,771
ATP5F1C,NDUFB11,865
ATP5F1C,NDUFB9,974
ATP5F1C,MED1,855
ATP5F1C,NDUFS8,930
ATP5F1C,CYC1,970
ATP5F1C,COX5A,988
ATP5F1C,NDUFA12,969
ATP5F1C,UQCRQ,911
ATP5F1C,NDUFB3,759
ATP5F1C,NDUFA6,799
ATP5F1C,NDUFA5,873
ATP5F1C,RPL5,960
ATP5F1C,RPL23,896
ATP5F1C,NDUFV1,949
ATP5F1C,CUL7,763
ATP5F1C,RPLP0,905
ATP5F1C,ENSP00000497305,860
GTF2H1,H4C6,844
GTF2H1,CDK7,999
GTF2H1,GTF2H4,999
GTF2H1,ERCC8,717
GTF2H1,ERCC2,999
GTF2H1,CDK9,929
GTF2H1,H3C15,827
GTF2H1,H4C13,838
GTF2H1,H3C14,827
GTF2H1,CCNH,999
GTF2H1,POLR2H,968
GTF2H1,ERCC4,784
GTF2H1,H4C5,838
GTF2H1,H4C11,838
GTF2H1,H4C8,838
GTF2H1,RAD23B,846
GTF2H1,FEN1,782
GTF2H1,H4C2,838
GTF2H1,MED1,807
GTF2H1,CETN2,837
IL6,CD4,966
IL6,SIRT1,726
IL6,NFKBIA,927
IL6,TGFB1,960
IL6,NFKB1,994
IL6,IL2,999
IL6,SNAI1,718
IL6,PXDN,825
IL6,IL1B,996
IL6,FGF2,882
IL6,ERBB2,752
IL6,PPARG,820
IL6,KIT,781
IL6,ALB,926
IL6,HSPA4,790
IL6,CEBPB,896
IL6,CYCS,776
IL6,HSPA5,736
IL6,CASP9,785
IL6,HSP90AA1,738
IL6,SMAD4,704
IL6,PXDNL,821
IL6,H3C12,746
IL6,CHUK,713
IL6,JUN,989
IL6,HSP90AB1,735
IL6,MMP9,959
IL6,FOXO1,736
IL6,JAK2,995
IL6,MAPK8,938
IL6,INS,933
IL6,HIF1A,800
IL6,TRAF6,825
IL6,ESR1,792
IL6,ACTB,847
IL6,MYC,730
IL6,AKT1,872
IL6,IL10,997
HSP90AB1,STUB1,999
HSP90AB1,NFKB1,845
HSP90AB1,SKP1,813
HSP90AB1,NR3C1,998
HSP90AB1,H4C6,850
HSP90AB1,CDK4,999
HSP90AB1,EP300,739
HSP90AB1,IL1B,718
HSP90AB1,CDK6,711
HSP90AB1,NCOR1,906
HSP90AB1,ERBB2,993
HSP90AB1,RPS27A,712
HSP90AB1,PPARG,712
HSP90AB1,HSPA4,999
HSP90AB1,CYCS,780
HSP90AB1,PRKDC,730
HSP90AB1,HSPA5,977
HSP90AB1,PGR,978
HSP90AB1,HSP90AA1,997
HSP90AB1,H3C12,747
HSP90AB1,PRKN,785
HSP90AB1,CHUK,979
HSP90AB1,JUN,752
HSP90AB1,AKT3,956
HSP90AB1,H4C7,847
HSP90AB1,SUMO2,712
HSP90AB1,HIF1A,998
HSP90AB1,MYC,890
HSP90AB1,ACTB,911
HSP90AB1,ESR1,993
HSP90AB1,FANCA,711
HSP90AB1,SIN3A,707
HSP90AB1,CDK9,776
HSP90AB1,AKT1,999
HSP90AB1,RPLP0,762
PBK,CDC6,724
PBK,AURKA,791
PBK,CCNB1,962
PBK,ASF1B,743
PBK,BUB1B,937
PBK,TPX2,945
PBK,BUB1,935
PBK,TYMS,885
PBK,CDKN3,861
PBK,CENPA,925
PBK,FOXM1,845
PBK,UBE2C,946
PBK,EXO1,773
PBK,CDC20,959
PBK,RFC4,711
PBK,HMMR,893
PBK,CDC45,874
PBK,TOP2A,958
PBK,MCM10,734
PBK,CCNA2,943
PBK,UBE2T,805
SETD2,H4C6,947
SETD2,CREBBP,805
SETD2,EP300,761
SETD2,H2BC4,882
SETD2,H4C11,873
SETD2,H3C12,995
SETD2,H3C14,955
SETD2,H4C2,875
SETD2,H3C15,947
SETD2,H3C6,964
SETD2,H4C8,873
SETD2,H4C5,876
SETD2,H3C1,961
SETD2,H3C2,960
SETD2,H3C7,947
SETD2,H3C8,947
SETD2,H3C11,947
SETD2,H4C13,873
SMAD4,TGFB1,959
SMAD4,SNAI1,960
SMAD4,POU5F1,720
SMAD4,YY1,708
SMAD4,CREBBP,917
SMAD4,EP300,994
SMAD4,NCOR1,855
SMAD4,ERBB2,708
SMAD4,CEBPB,928
SMAD4,SOX2,820
SMAD4,SP1,933
SMAD4,SMAD3,999
SMAD4,MAPK8,980
SMAD4,YAP1,943
SMAD4,NOTCH1,811
SMAD4,PTEN,912
SMAD4,AKT1,914
SMAD4,MMP9,724
SMAD4,JUN,989
SMAD4,FOXO1,888
SMAD4,HIF1A,710
SMAD4,MYC,931
SMAD4,ESR1,833
SMAD4,UBE2I,774
LIG4,MSH2,964
LIG4,ERCC8,939
LIG4,PMS2,753
LIG4,ATM,987
LIG4,FEN1,701
LIG4,ERCC4,965
LIG4,PRKDC,999
LIG4,MRE11,704
LIG4,RAD23B,952
LIG4,DNA2,719
LIG4,RAD52,881
LIG4,EXO1,790
LIG4,CETN2,914
LIG4,BRCA2,887
LIG4,XRCC5,999
LIG4,KDM1A,909
LIG4,BRCA1,878
LIG4,POLD1,951
TIPIN,CDC6,732
TIPIN,POLE2,977
TIPIN,RPA3,997
TIPIN,POLE,953
TIPIN,MCM10,951
TIPIN,MCM4,997
TIPIN,RFC4,766
TIPIN,RAD52,760
TIPIN,RAD9A,726
TIPIN,CDC7,782
TIPIN,RAD17,833
TIPIN,CHEK2,744
TIPIN,RFC3,763
TIPIN,EXO1,710
TIPIN,POLA1,757
TIPIN,CLSPN,999
TIPIN,CDT1,836
TIPIN,FEN1,765
TIPIN,MCM3,993
TIPIN,CDC45,996
TIPIN,WDHD1,999
RFC3,CDC6,785
RFC3,POLE2,906
RFC3,RPA3,805
RFC3,MSH2,770
RFC3,MCM4,922
RFC3,LIG1,825
RFC3,ATM,702
RFC3,CDT1,730
RFC3,DDB1,734
RFC3,FEN1,947
RFC3,RAD9A,981
RFC3,TYMS,755
RFC3,POLE,888
RFC3,MRE11,703
RFC3,DNA2,796
RFC3,RAD52,708
RFC3,WDHD1,742
RFC3,EXO1,908
RFC3,POLA1,851
RFC3,CCNA2,807
RFC3,RFC4,999
RFC3,MCM10,826
RFC3,RFC5,999
RFC3,CDC45,820
RFC3,POLD1,844
RFC3,MCM3,942
RFC3,BRCA2,723
RFC3,BRCA1,750
RFC3,RAD17,999
RFC3,TOP2A,757
BUB1,CDC6,840
BUB1,AURKA,971
BUB1,CCNB1,992
BUB1,ANAPC5,826
BUB1,MCM4,751
BUB1,BUB1B,999
BUB1,TPX2,958
BUB1,FOXM1,825
BUB1,H3C12,717
BUB1,WDHD1,702
BUB1,CDC45,930
BUB1,MCM3,700
BUB1,TOP2A,982
BUB1,CDC16,886
BUB1,CDC7,809
BUB1,BRCA1,733
BUB1,CDC20,999
BUB1,ANAPC4,810
BUB1,HMMR,909
BUB1,EXO1,929
BUB1,CDKN3,846
BUB1,UBE2T,730
BUB1,CCNA2,981
BUB1,BUB3,999
BUB1,ANAPC1,875
BUB1,ANAPC10,809
BUB1,UBE2C,954
BUB1,RFC4,842
BUB1,TYMS,846
BUB1,CENPA,969
ANAPC16,CCNB1,738
ANAPC16,ANAPC5,999
ANAPC16,BUB1B,992
ANAPC16,CBX2,900
ANAPC16,ANAPC1,999
ANAPC16,BABAM2,900
ANAPC16,CDC16,999
ANAPC16,UBE2C,987
ANAPC16,RNF2,900
ANAPC16,BUB3,782
ANAPC16,CDC20,999
ANAPC16,CDC26,999
ANAPC16,RING1,902
ANAPC16,BRCA2,720
ANAPC16,ANAPC7,999
ANAPC16,BRCA1,900
ANAPC16,ANAPC4,998
ANAPC16,ANAPC15,999
ANAPC16,PHC1,900
ANAPC16,CUL7,900
ANAPC16,ANAPC10,999
ANAPC16,CCNA2,911
SMARCD1,NR3C1,744
SMARCD1,H4C6,946
SMARCD1,NCOR1,725
SMARCD1,PPARG,911
SMARCD1,H2BC4,826
SMARCD1,H4C11,846
SMARCD1,H3C12,924
SMARCD1,H4C2,846
SMARCD1,SMARCA2,999
SMARCD1,ACTB,986
SMARCD1,ACTL6A,999
SMARCD1,H4C5,846
SMARCD1,H3C6,846
SMARCD1,H4C8,846
SMARCD1,H3C11,842
SMARCD1,H4C13,846
SMARCD1,H3C8,841
SMARCD1,H3C7,841
SMARCD1,H3C2,842
SMARCD1,H3C1,841
CDC20,CDC6,921
CDC20,AURKA,995
CDC20,SKP1,811
CDC20,CCNA1,982
CDC20,CCNB1,999
CDC20,CDK4,785
CDC20,ANAPC5,999
CDC20,MCM4,882
CDC20,CCNE1,760
CDC20,EP300,750
CDC20,ASF1B,806
CDC20,CDK6,736
CDC20,BUB1B,999
CDC20,TPX2,961
CDC20,CDT1,921
CDC20,CDC25A,839
CDC20,TYMS,757
CDC20,CUL1,804
CDC20,CDKN3,885
CDC20,CENPA,986
CDC20,ANAPC1,999
CDC20,FOXM1,937
CDC20,E2F1,828
CDC20,CDC16,999
CDC20,UBE2C,999
CDC20,EXO1,796
CDC20,BUB3,999
CDC20,BRCA2,712
CDC20,MCM3,845
CDC20,CDC26,999
CDC20,CDC45,946
CDC20,BRCA1,766
CDC20,HMMR,882
CDC20,ANAPC4,999
CDC20,CDC7,775
CDC20,TOP2A,980
CDC20,ANAPC10,999
CDC20,ANAPC7,999
CDC20,CCNA2,999
CDC20,PPP2CA,997
CDC20,CCNL2,813
CDC20,RFC4,756
CDC20,ANAPC15,986
RNF2,SKP1,932
RNF2,SNAI1,798
RNF2,H4C6,816
RNF2,ANAPC5,909
RNF2,YY1,891
RNF2,BUB1B,720
RNF2,CBX2,999
RNF2,SUZ12,999
RNF2,EZH2,998
RNF2,ANAPC1,900
RNF2,BABAM2,913
RNF2,USP7,920
RNF2,CDC16,900
RNF2,UBE2C,907
RNF2,H3C12,878
RNF2,PHC1,999
RNF2,ANAPC10,900
RNF2,ANAPC7,900
RNF2,CUL7,946
RNF2,ANAPC15,904
RNF2,KDM1A,781
RNF2,BRCA2,755
RNF2,CDC26,900
RNF2,BRCA1,923
RNF2,ANAPC4,900
RNF2,RING1,999
RNF2,H2AX,869
RNF2,CHD4,707
TOP2A,CDC6,797
TOP2A,AURKA,963
TOP2A,H4C6,734
TOP2A,CCNB1,989
TOP2A,CDK4,773
TOP2A,MCM4,814
TOP2A,ASF1B,709
TOP2A,BUB1B,980
TOP2A,TPX2,942
TOP2A,CDT1,868
TOP2A,FEN1,785
TOP2A,PRKDC,793
TOP2A,TYMS,960
TOP2A,CDKN3,863
TOP2A,CENPA,919
TOP2A,FOXM1,927
TOP2A,UBE2I,761
TOP2A,UBE2C,973
TOP2A,EXO1,797
TOP2A,XRCC5,831
TOP2A,RFC4,829
TOP2A,HMMR,902
TOP2A,CDC45,917
TOP2A,SUMO2,835
TOP2A,MCM3,753
TOP2A,CHD4,715
TOP2A,BRCA1,836
TOP2A,CCNA2,982
TOP2A,MCM10,737
CENPA,CBX5,768
CENPA,AURKA,959
CENPA,H4C6,999
CENPA,CCNB1,953
CENPA,MCM4,743
CENPA,ASF1B,831
CENPA,H2BC1,795
CENPA,BUB1B,985
CENPA,TPX2,882
CENPA,H2BC4,951
CENPA,CDKN3,824
CENPA,H2AC11,935
CENPA,H3C2,815
CENPA,H3C1,809
CENPA,BUB3,863
CENPA,CCNA2,990
CENPA,H4C13,968
CENPA,H3C11,812
CENPA,KMT5A,927
CENPA,H3C8,814
CENPA,UBE2C,938
CENPA,H3C7,811
CENPA,H4C5,967
CENPA,H4C7,931
CENPA,FOXM1,794
CENPA,H3C12,917
CENPA,H2BC15,983
CENPA,H2BC12,953
CENPA,H2AC4,964
CENPA,H4C11,967
CENPA,H4C8,967
CENPA,CDC45,707
CENPA,H3C6,883
CENPA,H4C2,968
CENPA,H2AC13,947
CENPA,H2AX,883
CENPA,EXO1,750
CENPA,HMMR,870
BRCA2,RPA3,762
BRCA2,MSH2,968
BRCA2,CDK4,943
BRCA2,ANAPC5,720
BRCA2,PMS2,947
BRCA2,FANCM,937
BRCA2,ERBB2,873
BRCA2,ATM,995
BRCA2,BUB1B,953
BRCA2,FEN1,794
BRCA2,CBX2,754
BRCA2,ERCC4,852
BRCA2,RAD9A,931
BRCA2,PRKDC,887
BRCA2,RNF168,796
BRCA2,POLE,849
BRCA2,PGR,795
BRCA2,MRE11,967
BRCA2,RAD51C,999
BRCA2,ANAPC1,726
BRCA2,BABAM2,960
BRCA2,CDC16,761
BRCA2,UBE2C,802
BRCA2,RAD23B,810
BRCA2,DNA2,892
BRCA2,RAD52,993
BRCA2,EXO1,951
BRCA2,PTEN,877
BRCA2,CDC26,752
BRCA2,RING1,739
BRCA2,RAD50,759
BRCA2,ANAPC10,730
BRCA2,ANAPC7,722
BRCA2,CCNA2,877
BRCA2,PHC1,734
BRCA2,RAD51B,961
BRCA2,CUL7,726
BRCA2,ANAPC15,720
BRCA2,POLD1,896
BRCA2,CDC45,785
BRCA2,XRCC5,890
BRCA2,H2AX,973
BRCA2,ESR1,723
BRCA2,FANCA,968
BRCA2,BRCA1,999
BRCA2,ANAPC4,720
BRCA2,HMMR,929
BRCA2,MYC,759
BRCA2,CHEK2,985
BRCA2,RAD17,852
HIF1A,CDC6,797
HIF1A,SIRT1,927
HIF1A,NFKBIA,735
HIF1A,STUB1,734
HIF1A,TGFB1,838
HIF1A,NFKB1,816
HIF1A,NR3C1,852
HIF1A,SNAI1,823
HIF1A,PXDN,744
HIF1A,CREBBP,999
HIF1A,EP300,999
HIF1A,IL1B,771
HIF1A,FGF2,727
HIF1A,PPARG,854
HIF1A,HSPA4,938
HIF1A,PRKDC,796
HIF1A,EZH2,715
HIF1A,SOX2,758
HIF1A,PGR,717
HIF1A,SP1,923
HIF1A,CASP9,746
HIF1A,SMAD3,975
HIF1A,HSP90AA1,999
HIF1A,KAT5,793
HIF1A,UBE2I,773
HIF1A,PXDNL,737
HIF1A,PRKN,716
HIF1A,JUN,961
HIF1A,PTEN,830
HIF1A,MMP9,824
HIF1A,FOXO1,859
HIF1A,JAK2,784
HIF1A,ESR1,948
HIF1A,IL10,751
HIF1A,TRAF6,717
HIF1A,AKT1,932
HIF1A,NOTCH1,993
HIF1A,MYC,993
HIF1A,ACTB,787
HIF1A,IGF1R,752
CASP9,PXDN,759
CASP9,CCNB1,803
CASP9,IL1B,826
CASP9,CYCS,999
CASP9,ACTB,819
CASP9,MYC,717
CASP9,PXDNL,759
CASP9,AKT3,937
CASP9,JUN,770
CASP9,AKT1,989
CASP9,MAPK8,727
PRMT1,SIRT1,742
PRMT1,H4C6,994
PRMT1,YY1,896
PRMT1,CREBBP,778
PRMT1,EP300,994
PRMT1,EZH2,781
PRMT1,H3C12,861
PRMT1,FOXO1,939
PRMT1,SIN3A,777
PRMT1,ESR1,878
PRMT1,H2AX,769
PRMT1,H4C7,812
ANAPC15,ANAPC5,999
ANAPC15,BUB1B,978
ANAPC15,CBX2,900
ANAPC15,ANAPC1,994
ANAPC15,BABAM2,900
ANAPC15,CDC16,998
ANAPC15,UBE2C,992
ANAPC15,BUB3,813
ANAPC15,CDC26,999
ANAPC15,RING1,901
ANAPC15,ANAPC7,994
ANAPC15,BRCA1,900
ANAPC15,ANAPC4,999
ANAPC15,CUL7,900
ANAPC15,CCNA2,921
ANAPC15,PHC1,900
ANAPC15,ANAPC10,999
RPL23,RPS27A,999
RPL23,MED1,982
RPL23,RPL5,999
RPL23,RPLP0,999
RPL23,CUL7,985
JUN,SIRT1,927
JUN,NFKBIA,908
JUN,TGFB1,722
JUN,NFKB1,994
JUN,IL2,734
JUN,NR3C1,961
JUN,SNAI1,823
JUN,H4C6,775
JUN,PXDN,740
JUN,CDK4,759
JUN,YY1,852
JUN,CREBBP,994
JUN,EP300,999
JUN,IL1B,987
JUN,CDK6,787
JUN,ERBB2,759
JUN,RPS27A,710
JUN,BUB1B,914
JUN,PPARG,849
JUN,MED1,911
JUN,HSPA4,765
JUN,CEBPB,927
JUN,CYCS,829
JUN,SUZ12,734
JUN,EZH2,852
JUN,SP1,996
JUN,SMAD3,997
JUN,HSP90AA1,798
JUN,E2F1,743
JUN,UBE2I,774
JUN,PXDNL,735
JUN,H3C12,867
JUN,PTEN,775
JUN,AKT1,991
JUN,MMP9,866
JUN,MAPK8,999
JUN,YAP1,909
JUN,INS,741
JUN,MYC,970
JUN,ACTB,806
JUN,TRAF6,714
JUN,BRCA1,794
JUN,ESR1,999
JUN,AKT3,941
JUN,FBXW7,997
JUN,FOXO1,792
ESR1,SIRT1,733
ESR1,AURKA,769
ESR1,STUB1,936
ESR1,NFKB1,957
ESR1,NR3C1,896
ESR1,PXDN,708
ESR1,CDK7,743
ESR1,CDK4,718
ESR1,YY1,704
ESR1,CREBBP,993
ESR1,EP300,997
ESR1,IL1B,820
ESR1,NCOR1,999
ESR1,ERBB2,976
ESR1,PPARG,794
ESR1,ALB,796
ESR1,MED1,998
ESR1,HSPA4,931
ESR1,CEBPB,908
ESR1,PRKDC,717
ESR1,EZH2,915
ESR1,PGR,974
ESR1,SP1,999
ESR1,SMAD3,840
ESR1,HSP90AA1,999
ESR1,KAT5,868
ESR1,FOXM1,790
ESR1,E2F1,713
ESR1,UBE2I,756
ESR1,PXDNL,708
ESR1,H3C12,799
ESR1,CHUK,735
ESR1,PTEN,807
ESR1,MMP9,772
ESR1,FOXO1,919
ESR1,MAPK8,964
ESR1,INS,841
ESR1,KDM1A,962
ESR1,CCNL2,745
ESR1,IGF1R,999
ESR1,ACTB,947
ESR1,MYC,982
ESR1,BRCA1,999
ESR1,PIK3R1,994
ESR1,AKT1,913
PTEN,SIRT1,757
PTEN,AURKA,711
PTEN,STUB1,904
PTEN,MSH2,778
PTEN,SNAI1,755
PTEN,CDK4,865
PTEN,IL1B,738
PTEN,CDK6,801
PTEN,ERBB2,868
PTEN,RPS27A,752
PTEN,ATM,897
PTEN,PPARG,830
PTEN,KIT,719
PTEN,EZH2,760
PTEN,SOX2,743
PTEN,HSP90AA1,803
PTEN,USP7,979
PTEN,E2F1,839
PTEN,CHUK,964
PTEN,PIK3R1,997
PTEN,NOTCH1,758
PTEN,CDC42,971
PTEN,IL10,717
PTEN,MMP9,766
PTEN,AKT1,988
PTEN,FOXO1,903
PTEN,FBXW7,884
PTEN,AKT3,825
PTEN,BRCA1,821
PTEN,JAK2,794
PTEN,ACTB,720
PTEN,IGF1R,880
PTEN,MYC,908
PTEN,CHEK2,810
PTEN,INS,869
H4C2,H4C6,983
H4C2,CDK7,801
H4C2,GTF2H4,840
H4C2,POU5F1,809
H4C2,CREBBP,905
H4C2,EP300,906
H4C2,ASF1B,970
H4C2,RPS27A,889
H4C2,H2BC1,946
H4C2,MED1,804
H4C2,DDB1,821
H4C2,SUZ12,807
H4C2,EZH2,843
H4C2,H2BC4,967
H4C2,SOX2,803
H4C2,H4C11,978
H4C2,H2BC12,973
H4C2,H2AC13,978
H4C2,H2AC11,961
H4C2,H3C12,979
H4C2,H3C14,969
H4C2,KDM4A,916
H4C2,H3C11,991
H4C2,H4C13,992
H4C2,H3C15,969
H4C2,KMT5A,915
H4C2,H3C8,987
H4C2,H3C7,990
H4C2,ERCC2,836
H4C2,H3C2,990
H4C2,H3C1,992
H4C2,ACTB,900
H4C2,CHD4,945
H4C2,H2AX,960
H4C2,ACTL6A,862
H4C2,H4C5,988
H4C2,NSD2,841
H4C2,POLR2H,877
H4C2,CCNH,806
H4C2,H2BC15,901
H4C2,H2AC4,995
H4C2,H4C8,973
H4C2,H3C6,980
CDKN3,AURKA,870
CDKN3,CCNA1,733
CDKN3,CCNB1,941
CDKN3,CDK4,835
CDKN3,CDK6,901
CDKN3,BUB1B,897
CDKN3,TPX2,818
CDKN3,HMMR,833
CDKN3,UBE2T,796
CDKN3,CCNA2,947
CDKN3,CCNL2,794
CDKN3,UBE2C,847
AKT3,PRKDC,745
AKT3,HSP90AA1,954
AKT3,CHUK,916
AKT3,FOXO1,966
AKT3,PPP2CA,787
AKT3,BRCA1,934
AKT3,PIK3R1,977
AKT3,AKT1,958
ASF1B,AURKA,751
ASF1B,H4C6,993
ASF1B,MCM4,918
ASF1B,H3C1,905
ASF1B,CCNA2,783
ASF1B,H3C15,939
ASF1B,H4C13,970
ASF1B,H3C8,735
ASF1B,MCM10,761
ASF1B,H3C14,961
ASF1B,UBE2C,729
ASF1B,H4C5,946
ASF1B,H3C12,988
ASF1B,FOXM1,801
ASF1B,MCM3,832
ASF1B,BUB1B,700
ASF1B,H4C11,946
ASF1B,H4C8,946
ASF1B,CDC45,883
ASF1B,H3C6,701
ASF1B,CHEK2,910
ASF1B,EXO1,717
MCM3,CDC6,999
MCM3,POLE2,999
MCM3,RPA3,831
MCM3,CCNA1,749
MCM3,CCNB1,776
MCM3,CDK4,709
MCM3,MCM4,999
MCM3,LIG1,822
MCM3,CDT1,999
MCM3,FEN1,961
MCM3,CLSPN,952
MCM3,TYMS,704
MCM3,POLE,996
MCM3,E2F1,771
MCM3,REV3L,898
MCM3,H3C12,818
MCM3,DNMT1,700
MCM3,WDHD1,999
MCM3,EXO1,736
MCM3,POLA1,988
MCM3,CHEK2,708
MCM3,RFC4,971
MCM3,CDC7,999
MCM3,CDC45,999
MCM3,RFC5,913
MCM3,MCM10,999
MCM3,POLD1,985
MCM3,CCNA2,869
CETN2,MSH2,917
CETN2,CDK7,800
CETN2,GTF2H4,806
CETN2,ERCC8,943
CETN2,ATM,925
CETN2,DDB1,905
CETN2,ERCC4,937
CETN2,PRKDC,923
CETN2,RAD23B,999
CETN2,POLD1,914
CETN2,XRCC5,927
CETN2,CCNH,815
CETN2,ERCC2,877
CETN2,KDM1A,910
BABAM2,ANAPC5,928
BABAM2,ATM,777
BABAM2,BUB1B,745
BABAM2,CBX2,902
BABAM2,ANAPC1,904
BABAM2,CHEK2,728
BABAM2,CDC16,902
BABAM2,ANAPC4,900
BABAM2,RING1,903
BABAM2,BRCA1,999
BABAM2,CDC26,900
BABAM2,SUMO2,785
BABAM2,UBE2C,905
BABAM2,CUL7,903
BABAM2,PHC1,901
BABAM2,ANAPC7,902
BABAM2,ANAPC10,901
CYCS,SIRT1,718
CYCS,PXDN,889
CYCS,CDK4,745
CYCS,ALB,986
CYCS,HSPA4,866
CYCS,COX5A,952
CYCS,UQCRQ,946
CYCS,INS,952
CYCS,ACTB,871
CYCS,HSP90AA1,783
CYCS,NDUFA12,758
CYCS,PXDNL,888
CYCS,NDUFA5,842
CYCS,MMP9,731
CYCS,AKT1,812
CYCS,CCNL2,720
CYCS,CYC1,999
CYCS,HSPA5,738
CYCS,NDUFS8,837
ERCC4,RPA3,702
ERCC4,MSH2,989
ERCC4,GTF2H4,759
ERCC4,ERCC8,975
ERCC4,PMS2,799
ERCC4,FANCM,895
ERCC4,ATM,965
ERCC4,DDB1,759
ERCC4,FEN1,813
ERCC4,POLD1,962
ERCC4,RAD23B,990
ERCC4,XRCC5,976
ERCC4,MRE11,808
ERCC4,EXO1,830
ERCC4,FANCA,912
ERCC4,BRCA1,914
ERCC4,RAD51C,816
ERCC4,REV3L,744
ERCC4,PRKDC,935
ERCC4,CHEK2,760
ERCC4,RAD17,727
ERCC4,RAD52,962
ERCC4,RAD9A,849
ERCC4,ERCC2,988
ERCC4,UBE2T,832
ERCC4,DNA2,725
ERCC4,KDM1A,907
ERCC4,RFC5,759
CDC26,CDC6,727
CDC26,CCNB1,925
CDC26,ANAPC5,999
CDC26,BUB1B,992
CDC26,CBX2,900
CDC26,ANAPC1,999
CDC26,CDC16,999
CDC26,UBE2C,987
CDC26,BUB3,948
CDC26,ANAPC4,999
CDC26,RING1,900
CDC26,BRCA1,906
CDC26,CUL7,901
CDC26,PHC1,900
CDC26,CCNA2,915
CDC26,ANAPC7,998
CDC26,ANAPC10,999
MSH2,RPA3,729
MSH2,PMS2,999
MSH2,RAD23B,946
MSH2,POLD1,994
MSH2,SUMO2,780
MSH2,FEN1,948
MSH2,MRE11,847
MSH2,DNMT1,718
MSH2,XRCC5,973
MSH2,FANCA,716
MSH2,BRCA1,994
MSH2,RAD51C,848
MSH2,H2AX,712
MSH2,EXO1,999
MSH2,MYC,853
MSH2,PRKDC,957
MSH2,CHEK2,934
MSH2,ATM,999
MSH2,CDC7,823
MSH2,ERBB2,728
MSH2,ERCC8,924
MSH2,RAD9A,731
MSH2,RAD52,857
MSH2,RFC4,935
MSH2,LIG1,720
MSH2,RFC5,717
MSH2,FANCM,837
MSH2,POLE,947
MSH2,KDM1A,925
NDUFS6,NDUFS7,999
NDUFS6,NDUFB5,999
NDUFS6,NDUFS3,999
NDUFS6,NDUFA9,999
NDUFS6,NDUFA12,999
NDUFS6,NDUFA5,999
NDUFS6,NDUFC2-KCTD14,934
NDUFS6,NDUFB11,999
NDUFS6,NDUFA6,999
NDUFS6,NDUFB3,999
NDUFS6,COX5A,987
NDUFS6,UQCRQ,997
NDUFS6,ENSP00000497305,943
NDUFS6,NDUFS5,999
NDUFS6,NDUFS8,999
NDUFS6,NDUFA1,999
NDUFS6,CYC1,998
NDUFS6,NDUFV1,999
NDUFS6,NDUFA3,999
NDUFS6,NDUFB9,999
FANCA,FANCM,999
FANCA,ATM,737
FANCA,HSP90AA1,739
FANCA,RAD51C,819
FANCA,UBE2T,998
FANCA,BRCA1,995
JAK2,IL2,896
JAK2,IL1B,806
JAK2,ERBB2,966
JAK2,KIT,707
JAK2,EZH2,768
JAK2,HSP90AA1,791
JAK2,IGF1R,981
JAK2,IL10,838
JAK2,AKT1,732
JAK2,PIK3R1,987
MCM4,CDC6,999
MCM4,POLE2,998
MCM4,H4C6,827
MCM4,CCNA1,923
MCM4,CCNB1,869
MCM4,TPX2,723
MCM4,CCNA2,895
MCM4,RFC5,923
MCM4,POLE,995
MCM4,RFC4,898
MCM4,TYMS,938
MCM4,MCM10,999
MCM4,LIG1,843
MCM4,H3C12,831
MCM4,POLA1,978
MCM4,CLSPN,971
MCM4,CDT1,999
MCM4,CDC45,999
MCM4,CDC25A,715
MCM4,WDHD1,999
MCM4,FEN1,941
MCM4,POLD1,872
MCM4,CHEK2,927
MCM4,PRKDC,887
MCM4,CDC7,999
MCM4,EXO1,896
NDUFB9,NDUFS7,999
NDUFB9,NDUFB5,999
NDUFB9,NDUFS3,999
NDUFB9,NDUFA9,999
NDUFB9,NDUFB11,999
NDUFB9,NDUFB3,999
NDUFB9,COX5A,996
NDUFB9,UQCRQ,997
NDUFB9,NDUFA12,999
NDUFB9,NDUFA5,999
NDUFB9,NDUFC2-KCTD14,972
NDUFB9,NDUFA6,999
NDUFB9,NDUFA1,999
NDUFB9,CYC1,997
NDUFB9,DNA2,797
NDUFB9,NDUFV1,999
NDUFB9,NDUFA3,999
NDUFB9,ENSP00000497305,986
NDUFB9,NDUFS5,999
NDUFB9,NDUFS8,999
NDUFS7,NDUFA12,999
NDUFS7,NDUFA9,999
NDUFS7,NDUFA5,999
NDUFS7,NDUFC2-KCTD14,900
NDUFS7,NDUFA6,999
NDUFS7,NDUFB11,999
NDUFS7,NDUFB3,999
NDUFS7,COX5A,984
NDUFS7,NDUFB5,999
NDUFS7,UQCRQ,992
NDUFS7,ENSP00000497305,952
NDUFS7,NDUFS5,999
NDUFS7,NDUFS8,999
NDUFS7,NDUFA1,999
NDUFS7,CYC1,998
NDUFS7,NDUFS3,999
NDUFS7,NDUFV1,999
NDUFS7,NDUFA3,999
ACTL6A,H4C6,968
ACTL6A,YY1,977
ACTL6A,PPARG,905
ACTL6A,H2BC4,845
ACTL6A,SOX2,721
ACTL6A,KAT5,997
ACTL6A,H4C11,861
ACTL6A,H3C12,945
ACTL6A,TRRAP,999
ACTL6A,SMARCA2,999
ACTL6A,H3C8,867
ACTL6A,H3C11,867
ACTL6A,H4C13,862
ACTL6A,H3C7,867
ACTL6A,H3C2,867
ACTL6A,H3C1,867
ACTL6A,MYC,891
ACTL6A,ACTB,999
ACTL6A,CHD4,723
ACTL6A,H4C5,861
ACTL6A,H4C8,861
ACTL6A,H3C6,870
IL1B,CD4,958
IL1B,SIRT1,719
IL1B,NFKBIA,945
IL1B,TGFB1,932
IL1B,NFKB1,996
IL1B,IL2,999
IL1B,PXDN,812
IL1B,EP300,710
IL1B,FOXO1,723
IL1B,HSP90AA1,800
IL1B,HSPA4,776
IL1B,PXDNL,812
IL1B,TRAF6,981
IL1B,CHUK,833
IL1B,MYC,778
IL1B,INS,896
IL1B,ACTB,847
IL1B,FGF2,896
IL1B,HSPA5,731
IL1B,PPARG,858
IL1B,MAPK8,845
IL1B,IL10,991
IL1B,AKT1,864
IL1B,MMP9,949
IL1B,ALB,836
CD4,SKP1,950
CD4,AKT1,839
CD4,MMP9,701
CD4,IL10,976
CD4,ALB,817
CD4,KIT,778
CD4,PXDN,743
CD4,NFKB1,858
CD4,ACTB,777
CD4,IL2,975
CD4,INS,829
CD4,CUL1,944
CD4,TGFB1,870
CD4,PXDNL,743
CD4,HSPA4,712
NFKB1,SIRT1,983
NFKB1,NFKBIA,999
NFKB1,AURKA,794
NFKB1,TGFB1,711
NFKB1,CHUK,999
NFKB1,TRAF6,951
NFKB1,ACTB,766
NFKB1,CDK4,710
NFKB1,INS,875
NFKB1,IL2,804
NFKB1,SMAD3,765
NFKB1,FOXO1,710
NFKB1,CUL1,799
NFKB1,SQSTM1,747
NFKB1,NR3C1,878
NFKB1,EP300,998
NFKB1,HSPA4,857
NFKB1,IL10,877
NFKB1,MMP9,802
NFKB1,AKT1,896
NFKB1,HSPA5,704
NFKB1,PPARG,972
NFKB1,E2F1,932
NFKB1,MAPK8,987
NFKB1,PPP2CA,931
NFKB1,BRCA1,726
NFKB1,ATM,746
NFKB1,MYC,917
NFKB1,CEBPB,904
NFKB1,YY1,715
NFKB1,NCOR1,875
NFKB1,CREBBP,913
NFKB1,SP1,910
NFKB1,NOTCH1,932
NFKB1,ERBB2,733
SOX2,SNAI1,742
SOX2,H4C6,855
SOX2,POU5F1,999
SOX2,YY1,774
SOX2,EP300,705
SOX2,FGF2,933
SOX2,NCOR1,702
SOX2,SUZ12,727
SOX2,EZH2,770
SOX2,H3C12,923
SOX2,H4C5,804
SOX2,SMAD3,929
SOX2,H3C6,833
SOX2,H4C8,801
SOX2,H4C11,802
SOX2,H2BC12,833
SOX2,H2AC4,800
SOX2,MYC,958
SOX2,ACTB,704
SOX2,SIN3A,737
SOX2,USP7,770
SOX2,H3C2,824
SOX2,YAP1,702
SOX2,H3C1,805
SOX2,H3C8,808
SOX2,H3C11,806
SOX2,H4C13,808
SOX2,H3C15,805
SOX2,KDM1A,727
SOX2,H3C7,806
SOX2,AKT1,833
SOX2,H3C14,805
HSPA5,NFKBIA,711
HSPA5,ERBB2,721
HSPA5,HSPA4,915
HSPA5,AKT1,971
HSPA5,IGF1R,701
HSPA5,ACTB,808
HSPA5,HSP90AA1,968
HSPA5,SQSTM1,946
CDK6,CDC6,820
CDK6,SKP1,755
CDK6,CCNA1,993
CDK6,CCNB1,927
CDK6,CDK7,746
CDK6,CDK4,999
CDK6,CCNE1,999
CDK6,MYC,788
CDK6,CDC25A,986
CDK6,CCNH,810
CDK6,CCNL2,999
CDK6,MCM10,817
CDK6,CCNA2,999
CDK6,E2F1,931
CDC45,CDC6,994
CDC45,POLE2,999
CDC45,AURKA,701
CDC45,RPA3,778
CDC45,CCNB1,800
CDC45,CDK4,745
CDC45,LIG1,773
CDC45,ATM,758
CDC45,BUB1B,817
CDC45,TPX2,766
CDC45,CDT1,994
CDC45,CDC25A,949
CDC45,FEN1,864
CDC45,RAD9A,772
CDC45,CLSPN,995
CDC45,TYMS,884
CDC45,POLE,995
CDC45,E2F1,813
CDC45,UBE2C,836
CDC45,DNA2,791
CDC45,RAD52,780
CDC45,REV3L,704
CDC45,WDHD1,999
CDC45,EXO1,963
CDC45,POLA1,964
CDC45,CHEK2,926
CDC45,RFC4,886
CDC45,HMMR,748
CDC45,CDC7,991
CDC45,POLD1,886
CDC45,RAD17,778
CDC45,BRCA1,796
CDC45,H2AX,795
CDC45,UBE2T,751
CDC45,CCNA2,906
CDC45,RFC5,728
CDC45,MCM10,999
TRRAP,SKP1,884
TRRAP,H4C6,924
TRRAP,YY1,932
TRRAP,EP300,758
TRRAP,NCOR1,837
TRRAP,H2BC1,839
TRRAP,ATM,772
TRRAP,H2BC4,715
TRRAP,KAT5,999
TRRAP,E2F1,892
TRRAP,H2BC12,714
TRRAP,H3C12,738
TRRAP,H2BC15,715
TRRAP,H4C7,724
TRRAP,H2AX,700
TRRAP,MYC,999
TRRAP,ACTB,960
IL10,NFKBIA,720
IL10,TGFB1,932
IL10,IL2,964
IL10,PXDN,720
IL10,FGF2,822
IL10,PPARG,733
IL10,ALB,847
IL10,PXDNL,720
IL10,MMP9,881
IL10,INS,819
IL10,AKT1,731
IL10,ACTB,729
KIT,TGFB1,702
KIT,POU5F1,707
KIT,FGF2,885
KIT,INS,958
KIT,HSP90AA1,708
KIT,AKT1,818
KIT,PIK3R1,995
H2AC4,H4C6,992
H2AC4,POU5F1,800
H2AC4,EP300,803
H2AC4,RPS27A,938
H2AC4,H2BC1,936
H2AC4,DDB1,801
H2AC4,SUZ12,819
H2AC4,EZH2,823
H2AC4,H4C11,992
H2AC4,H2BC12,968
H2AC4,H2AC13,956
H2AC4,H2AC11,921
H2AC4,H3C12,984
H2AC4,H3C14,972
H2AC4,NSD2,915
H2AC4,KMT5A,911
H2AC4,H3C15,972
H2AC4,POLR2H,854
H2AC4,CHD4,829
H2AC4,H3C1,986
H2AC4,H4C13,994
H2AC4,H3C11,983
H2AC4,H4C5,993
H2AC4,H3C6,984
H2AC4,H4C8,991
H2AC4,H3C8,982
H2AC4,H3C7,984
H2AC4,H3C2,984
FBXW7,AURKA,893
FBXW7,SKP1,999
FBXW7,CREBBP,728
FBXW7,CCNE1,998
FBXW7,EP300,755
FBXW7,ERBB2,716
FBXW7,ATM,756
FBXW7,CUL1,999
FBXW7,PRKN,936
FBXW7,CUL7,760
FBXW7,NOTCH1,995
FBXW7,MYC,999
PXDN,NFKBIA,734
PXDN,TGFB1,725
PXDN,MMP9,755
PXDN,AKT1,876
PXDN,ALB,938
PXDN,FGF2,707
PXDN,ERBB2,702
PXDN,INS,817
PXDN,MYC,784
PXDN,ACTB,925
PXDN,H3C12,717
PXDN,PXDNL,981
RAD51C,RPA3,731
RAD51C,CDK4,704
RAD51C,PMS2,807
RAD51C,FANCM,960
RAD51C,ATM,921
RAD51C,FEN1,823
RAD51C,RAD9A,762
RAD51C,POLE,813
RAD51C,MRE11,933
RAD51C,UBE2T,800
RAD51C,RAD52,926
RAD51C,RAD51B,999
RAD51C,RFC4,738
RAD51C,DNA2,843
RAD51C,POLD1,812
RAD51C,RAD50,703
RAD51C,REV3L,735
RAD51C,RAD17,747
RAD51C,CHEK2,887
RAD51C,EXO1,874
RAD51C,BRCA1,980
EP300,SIRT1,972
EP300,NFKBIA,734
EP300,TGFB1,793
EP300,SKP1,732
EP300,NR3C1,914
EP300,SNAI1,847
EP300,H4C6,999
EP300,CCNB1,816
EP300,ANAPC5,754
EP300,YY1,999
EP300,CREBBP,999
EP300,XRCC5,716
EP300,H4C5,903
EP300,H4C7,741
EP300,KAT5,966
EP300,FOXM1,957
EP300,H3C12,984
EP300,EZH2,963
EP300,CEBPB,996
EP300,FEN1,879
EP300,H2BC12,959
EP300,PGR,776
EP300,CDC25A,864
EP300,H4C8,903
EP300,H3C6,849
EP300,H4C11,905
EP300,HSP90AA1,809
EP300,FOXO1,984
EP300,SMAD3,999
EP300,SUZ12,745
EP300,ATM,904
EP300,ACTB,778
EP300,CHD4,933
EP300,DDB1,891
EP300,MYC,999
EP300,CHUK,742
EP300,MED1,918
EP300,PAXIP1,734
EP300,H2AX,713
EP300,UBE2I,809
EP300,SIN3A,816
EP300,BRCA1,986
EP300,CDK9,725
EP300,H3C2,827
EP300,MAPK8,700
EP300,PPARG,997
EP300,NCOR1,959
EP300,H3C1,998
EP300,E2F1,973
EP300,SP1,999
EP300,NOTCH1,940
EP300,CCNA2,812
EP300,KDM1A,899
EP300,H3C11,814
EP300,H4C13,904
EP300,H3C8,814
EP300,AKT1,954
EP300,H3C7,814
UQCRQ,NDUFB5,983
UQCRQ,NDUFS3,985
UQCRQ,NDUFA9,985
UQCRQ,NDUFB11,979
UQCRQ,NDUFS8,998
UQCRQ,CYC1,999
UQCRQ,COX5A,999
UQCRQ,NDUFA12,996
UQCRQ,NDUFA1,982
UQCRQ,NDUFS5,993
UQCRQ,NDUFA3,971
UQCRQ,NDUFV1,992
UQCRQ,ENSP00000497305,813
UQCRQ,NDUFB3,985
UQCRQ,NDUFC2-KCTD14,820
UQCRQ,NDUFA6,997
UQCRQ,NDUFA5,994
PMS2,ERCC8,744
PMS2,EXO1,995
PMS2,BRCA1,950
PMS2,ATM,886
PMS2,CHEK2,734
PMS2,PRKDC,850
PMS2,POLD1,961
PMS2,RAD23B,723
PMS2,XRCC5,772
PMS2,MRE11,850
PMS2,POLE,893
SP1,YY1,863
SP1,CREBBP,992
SP1,PPARG,916
SP1,MED1,928
SP1,CEBPB,798
SP1,MYC,974
SP1,DNMT1,773
SP1,SMAD3,978
SP1,MAPK8,962
SP1,CDK9,752
SP1,CCNA2,718
SP1,E2F1,983
ATM,SIRT1,856
ATM,RPA3,720
ATM,H4C6,772
ATM,CCNA1,810
ATM,CCNB1,775
ATM,CDK4,937
ATM,ERCC8,935
ATM,FANCM,745
ATM,ERBB2,748
ATM,BRCA1,999
ATM,PAXIP1,963
ATM,CHUK,747
ATM,UBE2I,785
ATM,H2AX,998
ATM,EXO1,963
ATM,RAD17,983
ATM,CHEK2,999
ATM,MYC,871
ATM,PRKDC,971
ATM,RNF168,906
ATM,HSP90AA1,785
ATM,RAD23B,941
ATM,CDC25A,861
ATM,FOXO1,751
ATM,RAD50,990
ATM,FEN1,753
ATM,POLD1,960
ATM,KAT5,997
ATM,H3C12,766
ATM,MRE11,999
ATM,NSD2,715
ATM,XRCC5,998
ATM,CLSPN,888
ATM,SQSTM1,933
ATM,RNF8,926
ATM,AKT1,742
ATM,RFC4,865
ATM,DNA2,950
ATM,RFC5,706
ATM,KDM1A,929
ATM,POLE,794
ATM,E2F1,756
ATM,CCNA2,815
ATM,NOTCH1,723
ATM,RAD51B,865
ATM,MAPK8,792
ATM,CDK9,721
ATM,ERCC2,914
ATM,RAD9A,961
ATM,RAD52,940
NDUFA1,NDUFB5,999
NDUFA1,NDUFS3,999
NDUFA1,NDUFA9,998
NDUFA1,NDUFB11,999
NDUFA1,NDUFS8,999
NDUFA1,CYC1,873
NDUFA1,COX5A,934
NDUFA1,NDUFA12,999
NDUFA1,NDUFA6,999
NDUFA1,NDUFC2-KCTD14,919
NDUFA1,NDUFA5,999
NDUFA1,NDUFS5,999
NDUFA1,NDUFA3,999
NDUFA1,NDUFV1,999
NDUFA1,NDUFB3,999
ERCC2,H4C6,843
ERCC2,CDK7,999
ERCC2,GTF2H4,999
ERCC2,LIG1,908
ERCC2,ERCC8,915
ERCC2,MED1,805
ERCC2,DDB1,862
ERCC2,FEN1,795
ERCC2,H4C11,836
ERCC2,RAD23B,975
ERCC2,RAD52,820
ERCC2,H3C14,833
ERCC2,CDK9,918
ERCC2,CCNH,999
ERCC2,POLR2H,970
ERCC2,H4C5,836
ERCC2,H4C8,836
ERCC2,POLD1,816
ERCC2,BRCA1,880
ERCC2,H3C15,833
ERCC2,H4C13,836
SIN3A,SIRT1,800
SIN3A,SNAI1,822
SIN3A,H4C6,901
SIN3A,POU5F1,856
SIN3A,YY1,846
SIN3A,CREBBP,790
SIN3A,NCOR1,999
SIN3A,EZH2,847
SIN3A,HSP90AA1,784
SIN3A,UBE2I,710
SIN3A,H3C12,802
SIN3A,DNMT1,918
SIN3A,SMARCA2,830
SIN3A,CHD4,884
SIN3A,H2AX,706
SIN3A,KDM1A,948
NOTCH1,SKP1,770
NOTCH1,SNAI1,738
NOTCH1,YY1,825
NOTCH1,CREBBP,783
NOTCH1,ERBB2,796
NOTCH1,HSPA4,712
NOTCH1,CUL1,785
NOTCH1,SMAD3,958
NOTCH1,KAT5,702
NOTCH1,USP7,840
NOTCH1,E2F1,713
NOTCH1,CHUK,726
NOTCH1,AKT1,887
NOTCH1,MYC,899
SMARCA2,NR3C1,720
SMARCA2,H4C6,905
SMARCA2,CREBBP,740
SMARCA2,NCOR1,782
SMARCA2,PPARG,912
SMARCA2,CEBPB,890
SMARCA2,RAD52,700
SMARCA2,H3C12,888
SMARCA2,BRCA1,709
SMARCA2,H2AX,748
SMARCA2,CHD4,739
SMARCA2,ACTB,896
SMARCA2,H4C7,819
TRAF6,NFKBIA,966
TRAF6,STUB1,861
TRAF6,RPS27A,989
TRAF6,HSPA4,946
TRAF6,SMAD3,955
TRAF6,USP7,902
TRAF6,PRKN,705
TRAF6,CHUK,999
TRAF6,SQSTM1,999
TRAF6,MAPK8,972
TRAF6,AKT1,954
TRAF6,IGF1R,742
H2AC13,H4C6,989
H2AC13,RPS27A,984
H2AC13,H2BC1,771
H2AC13,SUZ12,906
H2AC13,EZH2,938
H2AC13,H2BC4,998
H2AC13,H4C11,978
H2AC13,H2BC12,988
H2AC13,H3C14,976
H2AC13,H3C7,736
H2AC13,H4C13,973
H2AC13,H3C15,953
H2AC13,KMT5A,928
H2AC13,H3C8,731
H2AC13,H3C1,700
H2AC13,H2AC11,958
H2AC13,H3C2,748
H2AC13,CHD4,890
H2AC13,H2BC15,867
H2AC13,H4C8,972
H2AC13,NSD2,922
H2AC13,H4C5,980
H2AC13,POLR2H,854
H2AC13,H3C12,885
POLD1,POLE2,992
POLD1,RPA3,980
POLD1,LIG1,973
POLD1,ERCC8,939
POLD1,FANCM,831
POLD1,CDT1,746
POLD1,FEN1,997
POLD1,PRKDC,947
POLD1,POLE,999
POLD1,MRE11,794
POLD1,RAD23B,925
POLD1,DNA2,903
POLD1,RAD52,782
POLD1,REV3L,984
POLD1,WDHD1,855
POLD1,EXO1,950
POLD1,RAD50,741
POLD1,POLA1,989
POLD1,CHEK2,753
POLD1,XRCC5,963
POLD1,RFC4,916
POLD1,KDM1A,906
POLD1,RFC5,828
POLD1,BRCA1,937
POLD1,RAD51B,768
RFC4,CDC6,839
RFC4,POLE2,935
RFC4,RPA3,912
RFC4,LIG1,959
RFC4,BUB1B,748
RFC4,CDT1,706
RFC4,FEN1,960
RFC4,RAD9A,978
RFC4,TYMS,857
RFC4,POLE,799
RFC4,MRE11,744
RFC4,DNA2,843
RFC4,WDHD1,738
RFC4,EXO1,955
RFC4,POLA1,846
RFC4,CHEK2,717
RFC4,RFC5,999
RFC4,UBE2T,849
RFC4,CCNA2,760
RFC4,CDC7,740
RFC4,RAD17,999
RFC4,BRCA1,940
H3C1,CBX5,988
H3C1,H4C6,997
H3C1,POU5F1,805
H3C1,CREBBP,989
H3C1,RPS27A,940
H3C1,H2BC1,863
H3C1,DDB1,870
H3C1,CBX2,948
H3C1,EZH2,887
H3C1,H2BC4,914
H3C1,H4C11,986
H3C1,H2BC12,949
H3C1,H3C12,949
H3C1,DNMT1,961
H3C1,H3C14,968
H3C1,KDM4A,975
H3C1,NSD2,758
H3C1,KDM1A,870
H3C1,KMT5A,932
H3C1,H3C15,962
H3C1,H2AX,986
H3C1,CHD4,985
H3C1,H3C11,940
H3C1,H4C13,989
H3C1,H3C8,937
H3C1,H3C7,942
H3C1,H3C2,955
H3C1,ACTB,906
H3C1,H4C5,989
H3C1,H3C6,900
H3C1,H4C8,985
KDM4A,H4C6,993
KDM4A,NCOR1,930
KDM4A,EZH2,736
KDM4A,RNF168,824
KDM4A,CUL1,773
KDM4A,KAT5,718
KDM4A,H4C11,912
KDM4A,H3C12,999
KDM4A,H3C14,915
KDM4A,H4C8,912
KDM4A,H3C6,950
KDM4A,H4C5,912
KDM4A,NSD2,718
KDM4A,RNF8,838
KDM4A,H3C7,911
KDM4A,H3C8,911
KDM4A,KDM1A,966
KDM4A,H3C15,908
KDM4A,H3C11,911
KDM4A,H4C13,911
KDM4A,H3C2,911
CBX5,H3C14,955
CBX5,H3C7,941
CBX5,H3C11,942
CBX5,H3C15,933
CBX5,H3C8,934
CBX5,H3C2,958
CBX5,BRCA1,700
CBX5,CHD4,881
CBX5,SUZ12,749
CBX5,H4C6,911
CBX5,H3C6,947
CBX5,DNMT1,928
CBX5,EZH2,746
CBX5,H3C12,999
FOXM1,AURKA,793
FOXM1,SNAI1,797
FOXM1,CCNA1,778
FOXM1,CCNB1,988
FOXM1,CDK4,728
FOXM1,CREBBP,834
FOXM1,CCNE1,776
FOXM1,BUB1B,944
FOXM1,TPX2,932
FOXM1,CDC25A,936
FOXM1,EZH2,778
FOXM1,SMAD3,911
FOXM1,MYC,761
FOXM1,HMMR,805
FOXM1,EXO1,753
FOXM1,UBE2C,894
FOXM1,MCM10,844
FOXM1,CCNL2,772
FOXM1,E2F1,822
FOXM1,CCNA2,985
TPX2,AURKA,999
TPX2,CCNB1,949
TPX2,BUB1B,936
TPX2,BRCA1,922
TPX2,HMMR,979
TPX2,EXO1,807
TPX2,FEN1,709
TPX2,CDT1,715
TPX2,UBE2C,965
TPX2,MCM10,795
TPX2,CCNA2,954
TPX2,UBE2T,799
NFKBIA,SKP1,999
NFKBIA,AKT1,849
NFKBIA,MMP9,704
NFKBIA,RPS27A,986
NFKBIA,CREBBP,741
NFKBIA,PIK3R1,773
NFKBIA,MAPK8,782
NFKBIA,CHUK,999
NFKBIA,UBE2I,874
NFKBIA,ACTB,823
NFKBIA,CEBPB,744
NFKBIA,CUL1,999
NFKBIA,SQSTM1,809
NFKBIA,PXDNL,734
RAD9A,RPA3,748
RAD9A,LIG1,760
RAD9A,FEN1,916
RAD9A,RAD52,862
RAD9A,RAD51B,711
RAD9A,DNA2,867
RAD9A,RFC5,987
RAD9A,CLSPN,984
RAD9A,XRCC5,806
RAD9A,H3C12,876
RAD9A,MRE11,725
RAD9A,EXO1,873
RAD9A,H2AX,767
RAD9A,BRCA1,895
RAD9A,RAD17,999
RAD9A,CHEK2,981
PAXIP1,H4C6,752
PAXIP1,FANCM,713
PAXIP1,PRKDC,726
PAXIP1,EZH2,758
PAXIP1,RNF168,808
PAXIP1,MRE11,742
PAXIP1,RAD52,744
PAXIP1,H3C12,846
PAXIP1,EXO1,708
PAXIP1,RNF8,793
PAXIP1,RAD50,801
PAXIP1,XRCC5,757
PAXIP1,BRCA1,836
PAXIP1,H2AX,908
ACTB,SIRT1,790
ACTB,TGFB1,773
ACTB,SNAI1,726
ACTB,H4C6,973
ACTB,CCNB1,803
ACTB,CDK4,712
ACTB,YY1,916
ACTB,FGF2,725
ACTB,ERBB2,932
ACTB,PPARG,971
ACTB,ALB,886
ACTB,HSPA4,720
ACTB,EZH2,702
ACTB,H2BC4,903
ACTB,SMAD3,760
ACTB,HSP90AA1,967
ACTB,KAT5,979
ACTB,H4C11,899
ACTB,PXDNL,924
ACTB,H3C12,960
ACTB,DNMT1,714
ACTB,PRKN,711
ACTB,MMP9,778
ACTB,SQSTM1,725
ACTB,INS,801
ACTB,H2AX,753
ACTB,RPLP0,889
ACTB,AKT1,923
ACTB,MYC,892
ACTB,H4C13,899
ACTB,H3C11,907
ACTB,H3C7,905
ACTB,H3C8,906
ACTB,H4C5,900
ACTB,H3C2,908
ACTB,H4C8,899
ACTB,H3C6,911
ACTB,CDC42,975
H3C14,H4C6,979
H3C14,CDK7,806
H3C14,GTF2H4,827
H3C14,CREBBP,907
H3C14,RPS27A,943
H3C14,MED1,818
H3C14,CBX2,938
H3C14,SUZ12,874
H3C14,EZH2,940
H3C14,H2BC4,917
H3C14,H4C11,965
H3C14,H2BC12,938
H3C14,H2AC11,945
H3C14,H3C12,968
H3C14,DNMT1,918
H3C14,H3C2,965
H3C14,H4C13,963
H3C14,H3C11,959
H3C14,H3C15,981
H3C14,KDM1A,709
H3C14,H3C8,960
H3C14,KMT5A,916
H3C14,H3C7,962
H3C14,NSD2,920
H3C14,H4C5,966
H3C14,POLR2H,861
H3C14,CCNH,807
H3C14,H2BC15,891
H3C14,H3C6,966
H3C14,H4C8,964
H3C14,CHD4,938
H3C14,H2AX,735
CBX2,ANAPC5,900
CBX2,YY1,806
CBX2,BUB1B,767
CBX2,UBE2C,921
CBX2,RING1,999
CBX2,ANAPC4,900
CBX2,H3C7,914
CBX2,CUL7,900
CBX2,BRCA1,940
CBX2,H3C8,914
CBX2,SUZ12,982
CBX2,CDC16,900
CBX2,H3C15,909
CBX2,H3C11,913
CBX2,H3C6,911
CBX2,PHC1,999
CBX2,ANAPC7,901
CBX2,ANAPC10,900
CBX2,ANAPC1,902
CBX2,EZH2,980
CBX2,H3C12,994
CBX2,H3C2,911
NDUFB5,ENSP00000497305,881
NDUFB5,NDUFS5,999
NDUFB5,NDUFS8,999
NDUFB5,CYC1,939
NDUFB5,NDUFV1,999
NDUFB5,NDUFS3,999
NDUFB5,NDUFA3,999
NDUFB5,NDUFA12,999
NDUFB5,NDUFA9,999
NDUFB5,NDUFA5,999
NDUFB5,NDUFA6,999
NDUFB5,NDUFB11,999
NDUFB5,NDUFC2-KCTD14,976
NDUFB5,NDUFB3,999
NDUFB5,COX5A,992
H3C7,H4C6,982
H3C7,POU5F1,808
H3C7,CREBBP,907
H3C7,RPS27A,940
H3C7,H2BC1,862
H3C7,DDB1,824
H3C7,H2BC4,931
H3C7,H4C11,986
H3C7,H2BC12,956
H3C7,H3C12,949
H3C7,DNMT1,915
H3C7,KMT5A,916
H3C7,H3C15,963
H3C7,H2AX,934
H3C7,CHD4,915
H3C7,H4C13,988
H3C7,H3C11,971
H3C7,H3C8,941
H3C7,H3C2,968
H3C7,H4C5,993
H3C7,H4C8,990
H3C7,H3C6,903
H3C11,H4C6,985
H3C11,POU5F1,808
H3C11,CREBBP,907
H3C11,RPS27A,940
H3C11,H2BC1,863
H3C11,DDB1,824
H3C11,H2BC4,902
H3C11,H4C11,986
H3C11,H2BC12,948
H3C11,H3C12,955
H3C11,DNMT1,915
H3C11,KMT5A,916
H3C11,H3C15,959
H3C11,H2AX,931
H3C11,CHD4,915
H3C11,H4C13,991
H3C11,H3C6,900
H3C11,H4C8,984
H3C11,H4C5,987
H3C11,H3C8,939
H3C11,H3C2,955
ANAPC5,CDC6,817
ANAPC5,CCNB1,936
ANAPC5,UBE2C,990
ANAPC5,CUL7,912
ANAPC5,BUB3,969
ANAPC5,PHC1,910
ANAPC5,CCNA2,925
ANAPC5,ANAPC10,999
ANAPC5,ANAPC7,999
ANAPC5,ANAPC1,999
ANAPC5,ANAPC4,999
ANAPC5,RING1,912
ANAPC5,BRCA1,911
ANAPC5,CDC16,999
ANAPC5,BUB1B,998
POLA1,CDC6,907
POLA1,POLE2,996
POLA1,RPA3,927
POLA1,LIG1,761
POLA1,FANCM,813
POLA1,FEN1,876
POLA1,CLSPN,746
POLA1,POLE,997
POLA1,E2F1,735
POLA1,DNA2,853
POLA1,REV3L,946
POLA1,WDHD1,998
POLA1,EXO1,846
POLA1,CDC7,748
POLA1,MCM10,923
POLA1,RFC5,822
RAD52,RPA3,998
RAD52,LIG1,827
RAD52,FANCM,990
RAD52,FEN1,933
RAD52,PRKDC,733
RAD52,MRE11,879
RAD52,UBE2I,943
RAD52,DNA2,938
RAD52,REV3L,938
RAD52,CHEK2,891
RAD52,RAD17,864
RAD52,EXO1,962
RAD52,H2AX,703
RAD52,BRCA1,987
RAD52,XRCC5,918
RAD52,SUMO2,774
RAD52,WDHD1,742
RAD52,RAD50,884
RAD52,RAD51B,889
CREBBP,SIRT1,754
CREBBP,NR3C1,943
CREBBP,SNAI1,759
CREBBP,H4C6,995
CREBBP,YY1,951
CREBBP,AKT1,854
CREBBP,H4C13,903
CREBBP,H3C15,907
CREBBP,H3C8,907
CREBBP,PPARG,998
CREBBP,NCOR1,947
CREBBP,E2F1,882
CREBBP,CCNA2,764
CREBBP,H3C2,916
CREBBP,USP7,751
CREBBP,MED1,740
CREBBP,CHUK,824
CREBBP,UBE2I,908
CREBBP,BRCA1,968
CREBBP,MYC,945
CREBBP,CEBPB,880
CREBBP,H4C11,903
CREBBP,H3C6,913
CREBBP,H4C8,903
CREBBP,SMAD3,995
CREBBP,FOXO1,993
CREBBP,H4C5,903
CREBBP,KAT5,817
CREBBP,EZH2,818
CREBBP,H3C12,984
CHEK2,CDC6,803
CHEK2,SIRT1,784
CHEK2,H4C6,810
CHEK2,CCNB1,817
CHEK2,FANCM,814
CHEK2,CDC25A,998
CHEK2,CLSPN,756
CHEK2,PRKDC,937
CHEK2,RNF168,751
CHEK2,POLE,778
CHEK2,MRE11,900
CHEK2,CUL1,707
CHEK2,KAT5,750
CHEK2,DNA2,756
CHEK2,REV3L,735
CHEK2,H3C12,748
CHEK2,EXO1,896
CHEK2,RNF8,897
CHEK2,RAD50,785
CHEK2,BRCA1,999
CHEK2,H2AX,957
CHEK2,RAD17,889
CHEK2,CDC7,988
CHEK2,XRCC5,855
CHEK2,CCNA2,746
CHEK2,RAD51B,785
CHEK2,PPP2CA,836
E2F1,CDC6,977
E2F1,SIRT1,924
E2F1,CCNA1,999
E2F1,CCNB1,834
E2F1,CDK7,895
E2F1,CDK4,958
E2F1,YY1,747
E2F1,CCNE1,942
E2F1,CDT1,833
E2F1,CDC25A,907
E2F1,CEBPB,820
E2F1,TYMS,748
E2F1,SUZ12,735
E2F1,EZH2,916
E2F1,SMAD3,728
E2F1,KAT5,783
E2F1,MYC,995
E2F1,BRCA1,879
E2F1,RING1,721
E2F1,DNMT1,964
E2F1,H3C12,713
E2F1,FOXO1,709
E2F1,KDM1A,832
E2F1,CCNL2,808
E2F1,AKT1,797
E2F1,CCNA2,999
H4C6,SIRT1,906
H4C6,RPA3,758
H4C6,MED1,913
H4C6,H2AX,998
H4C6,UBE2I,817
H4C6,RING1,707
H4C6,GTF2H4,841
H4C6,BRCA1,867
H4C6,POU5F1,912
H4C6,SUZ12,964
H4C6,CHD4,992
H4C6,DDB1,931
H4C6,RNF168,812
H4C6,MYC,950
H4C6,PRKDC,832
H4C6,H2BC15,987
H4C6,H2BC12,997
H4C6,H4C8,975
H4C6,H3C6,981
H4C6,HSP90AA1,731
H4C6,H4C11,980
H4C6,H4C5,981
H4C6,DNMT1,873
H4C6,NSD2,972
H4C6,XRCC5,908
H4C6,CDK7,833
H4C6,H2BC4,992
H4C6,RNF8,733
H4C6,KAT5,993
H4C6,CCNH,815
H4C6,H4C7,907
H4C6,POLR2H,953
H4C6,H3C12,999
H4C6,EZH2,977
H4C6,MRE11,806
H4C6,RPS27A,967
H4C6,H2BC1,989
H4C6,KDM1A,899
H4C6,H3C15,954
H4C6,H4C13,981
H4C6,YY1,813
H4C6,KMT5A,999
H4C6,H3C8,980
H4C6,NCOR1,895
H4C6,CCNA2,775
H4C6,H2AC11,958
H4C6,H3C2,988
RPA3,CDC6,712
RPA3,POLE2,720
RPA3,UBE2T,748
RPA3,RFC5,866
RPA3,DNA2,738
RPA3,XRCC5,750
RPA3,CLSPN,998
RPA3,RAD23B,756
RPA3,FEN1,780
RPA3,RAD17,828
RPA3,CDC7,729
RPA3,BRCA1,836
RPA3,EXO1,799
UBE2I,AURKA,712
UBE2I,NR3C1,731
UBE2I,RPS27A,782
UBE2I,PPARG,816
UBE2I,RNF168,784
UBE2I,KAT5,818
UBE2I,SUMO2,999
UBE2I,RNF8,813
UBE2I,H2AX,712
UBE2I,BRCA1,904
UBE2I,MYC,745
WDHD1,CDC6,916
WDHD1,POLE2,995
WDHD1,LIG1,713
WDHD1,CDT1,874
WDHD1,FEN1,889
WDHD1,CLSPN,998
WDHD1,POLE,992
WDHD1,DNA2,997
WDHD1,REV3L,774
WDHD1,CDC7,794
WDHD1,BRCA1,727
WDHD1,EXO1,935
WDHD1,MCM10,998
NDUFA3,NDUFS3,999
NDUFA3,NDUFA9,999
NDUFA3,NDUFB11,999
NDUFA3,NDUFS8,999
NDUFA3,CYC1,901
NDUFA3,COX5A,911
NDUFA3,NDUFA12,999
NDUFA3,NDUFS5,999
NDUFA3,NDUFB3,999
NDUFA3,NDUFA5,999
NDUFA3,NDUFC2-KCTD14,874
NDUFA3,NDUFA6,999
NDUFA3,NDUFV1,999
NDUFA3,ENSP00000497305,731
H2AX,SIRT1,831
H2AX,CCNA1,703
H2AX,CCNB1,974
H2AX,CDK4,742
H2AX,RPS27A,967
H2AX,H2BC1,771
H2AX,CDC25A,766
H2AX,PRKDC,983
H2AX,SUZ12,721
H2AX,EZH2,828
H2AX,RNF168,978
H2AX,H2BC4,817
H2AX,MRE11,954
H2AX,KAT5,945
H2AX,H4C11,951
H2AX,H2BC12,976
H2AX,H3C12,992
H2AX,DNMT1,882
H2AX,EXO1,768
H2AX,RNF8,985
H2AX,RING1,707
H2AX,RAD50,934
H2AX,XRCC5,973
H2AX,MAPK8,950
H2AX,BRCA1,999
H2AX,H2BC15,749
H2AX,H4C8,950
H2AX,H3C6,959
H2AX,H4C5,951
H2AX,H4C7,708
H2AX,CHD4,764
H2AX,MYC,785
H2AX,CCNA2,777
H2AX,H3C2,947
H2AX,H4C13,959
H2AX,H3C8,932
KAT5,SIRT1,934
KAT5,YY1,938
KAT5,NCOR1,720
KAT5,H2BC1,900
KAT5,PRKDC,918
KAT5,RNF168,776
KAT5,USP7,932
KAT5,MYC,974
KAT5,BRCA1,850
KAT5,H3C12,938
KAT5,H4C7,918
KAT5,RNF8,780
KAT5,NSD2,785
KAT5,DNMT1,844
KAT5,XRCC5,706
FOXO1,SIRT1,999
FOXO1,NR3C1,890
FOXO1,CCNB1,799
FOXO1,POU5F1,718
FOXO1,PPARG,856
FOXO1,CEBPB,943
FOXO1,SMAD3,990
FOXO1,USP7,939
FOXO1,CHUK,936
FOXO1,IGF1R,783
FOXO1,MYC,774
FOXO1,INS,944
FOXO1,MAPK8,951
FOXO1,AKT1,999
NSD2,H4C11,841
NSD2,H2BC12,914
NSD2,H2AC11,921
NSD2,H3C12,893
NSD2,H3C15,916
NSD2,H4C13,841
NSD2,H4C8,840
NSD2,H4C5,846
NSD2,BRCA1,796
GTF2H4,CDK7,999
GTF2H4,CDK9,920
GTF2H4,ERCC8,712
GTF2H4,H4C13,840
GTF2H4,H3C15,827
GTF2H4,RAD23B,756
GTF2H4,H4C11,840
GTF2H4,H4C8,840
GTF2H4,H4C5,840
GTF2H4,POLR2H,961
GTF2H4,CCNH,999
GTF2H4,MED1,810
GTF2H4,BRCA1,791
H4C7,SIRT1,826
H4C7,H2BC1,838
H4C7,H2BC4,867
H4C7,HSP90AA1,723
H4C7,H2BC12,882
H4C7,H3C12,999
H4C7,KMT5A,928
H4C7,H2BC15,835
POLE2,CDC6,943
POLE2,CLSPN,894
POLE2,CDT1,734
POLE2,FEN1,883
POLE2,REV3L,973
POLE2,CDC7,799
POLE2,POLE,999
POLE2,RFC5,849
POLE2,LIG1,841
POLE2,MCM10,961
POLE2,EXO1,866
POLE2,BRCA1,702
POLE2,DNA2,802
CDC16,CDC6,701
CDC16,CCNA1,702
CDC16,CCNB1,975
CDC16,CCNE1,719
CDC16,BUB1B,999
CDC16,ANAPC1,999
CDC16,CUL7,913
CDC16,UBE2C,992
CDC16,PPP2CA,833
CDC16,ANAPC7,999
CDC16,ANAPC10,999
CDC16,CCNA2,940
CDC16,PHC1,903
CDC16,BUB3,971
CDC16,BRCA1,927
CDC16,RING1,903
CDC16,ANAPC4,999
NDUFS8,NDUFS3,999
NDUFS8,NDUFA9,999
NDUFS8,NDUFB11,999
NDUFS8,ENSP00000497305,964
NDUFS8,NDUFS5,999
NDUFS8,NDUFV1,999
NDUFS8,CYC1,999
NDUFS8,NDUFA5,999
NDUFS8,NDUFC2-KCTD14,932
NDUFS8,NDUFA6,999
NDUFS8,NDUFA12,999
NDUFS8,NDUFB3,999
NDUFS8,COX5A,994
KDM1A,SIRT1,915
KDM1A,SNAI1,998
KDM1A,POU5F1,774
KDM1A,ERCC8,900
KDM1A,NCOR1,831
KDM1A,PRKDC,919
KDM1A,SUZ12,876
KDM1A,EZH2,997
KDM1A,USP7,936
KDM1A,RAD23B,910
KDM1A,H3C12,971
KDM1A,DNMT1,998
KDM1A,XRCC5,921
KDM1A,SUMO2,811
KDM1A,BRCA1,717
KDM1A,MYC,922
KDM1A,CHD4,990
POLR2H,CDK7,914
POLR2H,ERCC8,903
POLR2H,MED1,847
POLR2H,DDB1,910
POLR2H,H4C11,877
POLR2H,H2AC11,854
POLR2H,H3C15,861
POLR2H,H4C8,876
POLR2H,H4C5,875
POLR2H,CCNH,926
POLR2H,BRCA1,791
POLR2H,PPP2CA,815
POLR2H,H4C13,878
NDUFS3,NDUFV1,999
NDUFS3,CYC1,999
NDUFS3,ENSP00000497305,971
NDUFS3,NDUFS5,999
NDUFS3,NDUFB3,999
NDUFS3,COX5A,996
NDUFS3,NDUFA9,999
NDUFS3,NDUFA5,999
NDUFS3,NDUFC2-KCTD14,941
NDUFS3,NDUFB11,999
NDUFS3,NDUFA6,999
NDUFS3,NDUFA12,999
MED1,NR3C1,852
MED1,CDK7,914
MED1,NCOR1,811
MED1,RPS27A,972
MED1,PPARG,999
MED1,RPLP0,980
MED1,CUL7,888
MED1,H3C15,818
MED1,H4C13,804
MED1,CDK9,997
MED1,MAPK8,953
MED1,CEBPB,799
MED1,H4C11,804
MED1,H4C8,804
MED1,RPL5,982
MED1,H4C5,804
MED1,CCNH,888
CCNE1,CDC6,902
CCNE1,SKP1,991
CCNE1,CCNA1,907
CCNE1,CCNB1,746
CCNE1,CDK7,793
CCNE1,CDK4,999
CCNE1,MYC,908
CCNE1,BRCA1,718
CCNE1,CCNH,825
CCNE1,CDT1,832
CCNE1,CUL1,959
CCNE1,CDC25A,991
CCNE1,CCNL2,869
CCNE1,CCNA2,903
CCNE1,ANAPC1,714
ANAPC7,CCNB1,926
ANAPC7,BUB1B,999
ANAPC7,ANAPC1,999
ANAPC7,UBE2C,983
ANAPC7,BUB3,717
ANAPC7,RING1,902
ANAPC7,PHC1,901
ANAPC7,CCNA2,919
ANAPC7,ANAPC10,999
ANAPC7,PPP2CA,994
ANAPC7,CUL7,937
ANAPC7,ANAPC4,999
ANAPC7,BRCA1,906
FANCM,MRE11,700
FANCM,FEN1,737
FANCM,REV3L,987
FANCM,EXO1,815
FANCM,BRCA1,916
FANCM,UBE2T,971
FANCM,RAD51B,958
FANCM,POLE,830
FANCM,DNA2,805
H2BC1,CCNA1,719
H2BC1,H4C11,940
H2BC1,H3C6,911
H2BC1,H4C8,940
H2BC1,H4C5,940
H2BC1,H3C12,983
H2BC1,BRCA1,789
H2BC1,H3C2,872
H2BC1,H4C13,941
H2BC1,H3C8,862
MCM10,CDC6,998
MCM10,SIRT1,793
MCM10,CCNB1,703
MCM10,BUB1B,766
MCM10,CDT1,997
MCM10,DDB1,719
MCM10,CDC25A,850
MCM10,FEN1,896
MCM10,CLSPN,977
MCM10,POLE,869
MCM10,DNA2,859
MCM10,EXO1,954
MCM10,HMMR,727
MCM10,CDC7,989
MCM10,BRCA1,849
MCM10,CCNA2,949
RAD50,FEN1,844
RAD50,MRE11,999
RAD50,DNA2,766
RAD50,EXO1,850
RAD50,RNF8,713
RAD50,BRCA1,999
RAD50,RAD17,829
RAD50,SUMO2,754
RAD50,XRCC5,806
RAD50,RAD51B,729
ANAPC1,CDC6,721
ANAPC1,CCNB1,933
ANAPC1,BUB1B,999
ANAPC1,ANAPC10,999
ANAPC1,CCNA2,939
ANAPC1,BUB3,951
ANAPC1,PHC1,902
ANAPC1,PPP2CA,998
ANAPC1,CUL7,905
ANAPC1,UBE2C,986
ANAPC1,BRCA1,917
ANAPC1,ANAPC4,999
ANAPC1,RING1,901
EZH2,SIRT1,942
EZH2,AURKA,761
EZH2,SNAI1,998
EZH2,POU5F1,736
EZH2,YY1,998
EZH2,NCOR1,812
EZH2,PPARG,778
EZH2,SUZ12,999
EZH2,MYC,984
EZH2,CHD4,993
EZH2,BRCA1,926
EZH2,RING1,989
EZH2,H3C12,985
EZH2,H4C5,839
EZH2,DNMT1,999
EZH2,H4C8,836
EZH2,H4C11,836
EZH2,HSP90AA1,714
EZH2,H2BC12,928
EZH2,H4C13,841
EZH2,H3C15,932
EZH2,AKT1,867
EZH2,USP7,898
EZH2,H2AC11,827
EZH2,PHC1,982
SIRT1,AKT1,873
SIRT1,YY1,936
SIRT1,PPARG,998
SIRT1,NCOR1,996
SIRT1,MAPK8,727
SIRT1,BRCA1,777
SIRT1,INS,910
SIRT1,MYC,860
SIRT1,SUZ12,940
SIRT1,HSP90AA1,803
SIRT1,SMAD3,703
SIRT1,H3C12,920
SIRT1,DNMT1,922
SIRT1,SQSTM1,707
INS,TGFB1,758
INS,IL2,735
INS,FGF2,842
INS,ERBB2,965
INS,PPARG,944
INS,ALB,999
INS,CEBPB,767
INS,PXDNL,817
INS,MAPK8,740
INS,IGF1R,999
INS,MYC,714
INS,AKT1,953
INS,PIK3R1,824
ERBB2,STUB1,982
ERBB2,FGF2,857
ERBB2,RPS27A,743
ERBB2,CDC42,777
ERBB2,PIK3R1,995
ERBB2,MYC,886
ERBB2,IGF1R,993
ERBB2,BRCA1,918
ERBB2,HSPA4,951
ERBB2,HSP90AA1,999
ERBB2,PGR,980
RAD23B,CDK7,771
RAD23B,POU5F1,754
RAD23B,LIG1,776
RAD23B,ERCC8,957
RAD23B,RPS27A,822
RAD23B,DDB1,937
RAD23B,FEN1,700
RAD23B,PRKDC,936
RAD23B,BRCA1,794
RAD23B,CCNH,832
RAD23B,XRCC5,947
RPL5,RPS27A,999
RPL5,HSP90AA1,718
RPL5,RPLP0,999
RPL5,CUL7,972
SMAD3,STUB1,979
SMAD3,TGFB1,990
SMAD3,SKP1,919
SMAD3,NR3C1,942
SMAD3,SNAI1,994
SMAD3,CDK4,892
SMAD3,POU5F1,962
SMAD3,YY1,716
SMAD3,NCOR1,923
SMAD3,PPARG,950
SMAD3,CEBPB,959
SMAD3,CUL1,947
SMAD3,MYC,993
SMAD3,BRCA1,867
SMAD3,CHUK,875
SMAD3,AKT1,996
SMAD3,MAPK8,977
SMAD3,YAP1,965
SMAD3,ANAPC10,759
PPP2CA,SKP1,703
PPP2CA,CCNA1,735
PPP2CA,BUB1B,997
PPP2CA,MYC,779
PPP2CA,ANAPC4,994
PPP2CA,AKT1,980
PPP2CA,YAP1,912
PPP2CA,CCNA2,743
H3C2,POU5F1,810
H3C2,RPS27A,940
H3C2,DDB1,824
H3C2,H2BC4,924
H3C2,H4C11,988
H3C2,H2BC12,947
H3C2,H3C12,976
H3C2,DNMT1,920
H3C2,KMT5A,916
H3C2,H3C15,965
H3C2,CHD4,919
H3C2,H4C13,990
H3C2,H3C8,961
H3C2,H4C5,990
H3C2,H3C6,936
H3C2,H4C8,985
CUL7,SKP1,999
CUL7,RPS27A,735
CUL7,BUB1B,821
CUL7,DDB1,873
CUL7,CUL1,813
CUL7,UBE2C,923
CUL7,RING1,918
CUL7,BRCA1,913
CUL7,ANAPC4,903
CUL7,PHC1,907
CUL7,RPLP0,917
CUL7,ANAPC10,977
NDUFB3,NDUFA9,999
NDUFB3,NDUFB11,999
NDUFB3,CYC1,930
NDUFB3,COX5A,947
NDUFB3,NDUFA12,999
NDUFB3,NDUFS5,999
NDUFB3,NDUFA5,999
NDUFB3,NDUFC2-KCTD14,936
NDUFB3,NDUFA6,999
NDUFB3,ENSP00000497305,849
NDUFB3,NDUFV1,999
NDUFB11,NDUFA9,999
NDUFB11,NDUFS5,999
NDUFB11,ENSP00000497305,810
NDUFB11,NDUFV1,999
NDUFB11,CYC1,961
NDUFB11,NDUFA5,999
NDUFB11,NDUFA6,999
NDUFB11,NDUFC2-KCTD14,968
NDUFB11,NDUFA12,999
NDUFB11,COX5A,982
NDUFA12,NDUFA9,999
NDUFA12,CYC1,998
NDUFA12,COX5A,997
NDUFA12,NDUFA5,999
NDUFA12,NDUFC2-KCTD14,966
NDUFA12,NDUFA6,999
NDUFA12,NDUFV1,999
NDUFA12,ENSP00000497305,969
NDUFA12,NDUFS5,999
YY1,POU5F1,917
YY1,SUZ12,993
YY1,MYC,958
YY1,RING1,987
YY1,H3C12,887
YY1,NCOR1,931
AKT1,STUB1,861
AKT1,TGFB1,868
AKT1,NR3C1,791
AKT1,SNAI1,850
AKT1,CCNB1,702
AKT1,POU5F1,750
AKT1,FGF2,926
AKT1,PPARG,790
AKT1,ALB,795
AKT1,HSPA4,964
AKT1,PRKDC,889
AKT1,CUL1,790
AKT1,HSP90AA1,999
AKT1,PXDNL,875
AKT1,H3C12,790
AKT1,DNMT1,822
AKT1,CHUK,996
AKT1,MMP9,827
AKT1,MAPK8,706
AKT1,BRCA1,993
AKT1,PIK3R1,995
AKT1,CCNA2,771
AKT1,MYC,928
AKT1,CDC42,999
CCNL2,CDC6,856
CCNL2,CCNA1,950
CCNL2,CCNB1,909
CCNL2,CDK7,841
CCNL2,CDK4,999
CCNL2,CDC25A,791
CCNL2,UBE2C,737
CCNL2,H3C12,712
CCNL2,CDK9,994
CCNL2,CCNH,824
CCNL2,MYC,813
CCNL2,CCNA2,958
H3C15,CDK7,806
H3C15,RPS27A,945
H3C15,SUZ12,835
H3C15,H2BC4,887
H3C15,H4C11,966
H3C15,H2BC12,931
H3C15,H2AC11,940
H3C15,H3C12,960
H3C15,DNMT1,915
H3C15,KMT5A,916
H3C15,CHD4,915
H3C15,CCNH,807
H3C15,H4C5,966
H3C15,H3C6,957
H3C15,H4C8,966
H3C15,H2BC15,880
H3C15,H3C8,960
H3C15,H4C13,963
SQSTM1,RPS27A,989
SQSTM1,PRKN,987
H4C11,CDK7,801
H4C11,POU5F1,807
H4C11,RPS27A,888
H4C11,DDB1,820
H4C11,SUZ12,806
H4C11,H2BC4,964
H4C11,H2AC11,963
H4C11,H4C13,959
H4C11,H3C8,987
H4C11,KMT5A,915
H4C11,H4C5,966
H4C11,H3C12,977
H4C11,CCNH,805
H4C11,H2BC12,972
H4C11,H2BC15,892
H4C11,H3C6,979
H4C11,H4C8,955
H4C11,CHD4,944
CCNA1,CDC6,993
CCNA1,SKP1,982
CCNA1,CDK4,988
CCNA1,BRCA1,779
CCNA1,CCNB1,847
CCNA1,CCNH,915
CCNA1,CDK7,876
CCNA1,CDT1,961
CCNA1,CDC25A,913
CCNA1,CUL1,880
CCNA1,BUB1B,840
CCNA1,UBE2C,938
CCNA1,CDK9,761
CCNA1,BUB3,736
CCNA1,CCNA2,977
CCNA1,ANAPC10,705
TGFB1,PXDNL,724
TGFB1,IL2,763
TGFB1,MYC,796
TGFB1,IGF1R,744
TGFB1,SNAI1,793
TGFB1,PPARG,922
TGFB1,FGF2,982
TGFB1,ALB,784
TGFB1,MMP9,968
NDUFA9,NDUFS5,999
NDUFA9,CYC1,998
NDUFA9,NDUFV1,999
NDUFA9,NDUFC2-KCTD14,895
NDUFA9,NDUFA6,999
NDUFA9,NDUFA5,999
NDUFA9,COX5A,991
UBE2C,CDC6,835
UBE2C,AURKA,986
UBE2C,CCNB1,990
UBE2C,RPS27A,806
UBE2C,BUB1B,991
UBE2C,CDT1,757
UBE2C,TYMS,858
UBE2C,ANAPC10,993
UBE2C,CCNA2,994
UBE2C,PHC1,901
UBE2C,BUB3,781
UBE2C,UBE2T,794
UBE2C,BRCA1,951
UBE2C,ANAPC4,993
UBE2C,RING1,912
UBE2C,HMMR,896
H4C5,CDK7,803
H4C5,POU5F1,808
H4C5,RPS27A,888
H4C5,DDB1,819
H4C5,SUZ12,806
H4C5,H2BC4,973
H4C5,H2BC12,973
H4C5,H2AC11,965
H4C5,H3C12,978
H4C5,KMT5A,915
H4C5,CHD4,945
H4C5,H4C13,963
H4C5,H2BC15,914
H4C5,H3C8,988
H4C5,CCNH,805
H4C5,H4C8,988
H4C5,H3C6,980
USP7,SKP1,838
USP7,ERCC8,711
USP7,RPS27A,987
USP7,DDB1,739
USP7,SUZ12,770
USP7,MYC,787
USP7,RING1,895
USP7,DNMT1,999
USP7,SUMO2,775
USP7,BUB3,779
ENSP00000497305,CYC1,985
ENSP00000497305,COX5A,886
ENSP00000497305,NDUFA5,928
ENSP00000497305,NDUFC2-KCTD14,781
ENSP00000497305,NDUFA6,927
ENSP00000497305,NDUFV1,965
TYMS,AURKA,729
TYMS,CCNB1,841
TYMS,BUB1B,720
TYMS,FEN1,794
TYMS,CCNA2,865
TYMS,EXO1,701
PXDNL,ALB,937
PXDNL,H3C12,718
PXDNL,MYC,784
PXDNL,MMP9,755
NR3C1,STUB1,856
NR3C1,NCOR1,995
NR3C1,HSPA4,992
NR3C1,CEBPB,886
NR3C1,PGR,733
NR3C1,HSP90AA1,999
HMMR,AURKA,970
HMMR,CCNB1,942
HMMR,BUB1B,882
HMMR,CCNA2,921
HMMR,BRCA1,964
DDB1,SKP1,874
DDB1,CDK7,700
DDB1,LIG1,806
DDB1,ERCC8,999
DDB1,CDT1,976
DDB1,H3C8,824
DDB1,POLE,789
DDB1,H4C13,820
DDB1,H3C12,900
DDB1,CCNH,759
DDB1,XRCC5,814
DDB1,CUL1,968
DDB1,H4C8,820
DDB1,H3C6,847
DDB1,H2BC12,851
DDB1,EXO1,773
CDC42,MMP9,726
CDC42,MAPK8,986
CDC42,PIK3R1,992
CDC42,MYC,766
H2BC12,RPS27A,960
H2BC12,SUZ12,909
H2BC12,H3C6,971
H2BC12,H4C8,984
H2BC12,H3C12,997
H2BC12,BRCA1,791
H2BC12,CHD4,725
H2BC12,H2AC11,980
H2BC12,H3C8,953
H2BC12,KMT5A,947
H2BC12,H4C13,971
DNA2,LIG1,892
DNA2,FEN1,996
DNA2,POLE,801
DNA2,MRE11,879
DNA2,EXO1,998
DNA2,BRCA1,897
DNA2,RAD17,804
DNA2,XRCC5,821
DNA2,RFC5,719
DNA2,RAD51B,751
MRE11,FEN1,984
MRE11,PRKDC,854
MRE11,RNF168,720
MRE11,POLE,809
MRE11,RAD17,873
MRE11,EXO1,985
MRE11,BRCA1,999
MRE11,RNF8,737
MRE11,XRCC5,979
MRE11,SUMO2,823
MRE11,RAD51B,908
MRE11,CCNA2,702
H4C8,CDK7,800
H4C8,POU5F1,808
H4C8,RPS27A,888
H4C8,SUZ12,806
H4C8,H2BC4,979
H4C8,H2AC11,971
H4C8,H3C12,975
H4C8,KMT5A,915
H4C8,CHD4,944
H4C8,H4C13,954
H4C8,H2BC15,911
H4C8,H3C8,988
H4C8,H3C6,980
H4C8,CCNH,805
CDK9,CDK7,990
CDK9,HSPA4,736
CDK9,HSP90AA1,882
CDK9,CCNH,991
CDK9,MYC,953
CDK9,BRCA1,738
CDK9,CCNA2,755
HSP90AA1,STUB1,999
HSP90AA1,SKP1,818
HSP90AA1,CDK4,998
HSP90AA1,NCOR1,909
HSP90AA1,RPS27A,707
HSP90AA1,HSPA4,999
HSP90AA1,PRKDC,733
HSP90AA1,PGR,990
HSP90AA1,IGF1R,791
HSP90AA1,MYC,975
HSP90AA1,CHUK,992
HSP90AA1,BRCA1,752
HSP90AA1,PRKN,924
HSP90AA1,H3C12,793
HSP90AA1,MAPK8,732
HSP90AA1,PIK3R1,788
CEBPB,NCOR1,836
CEBPB,PPARG,989
CEBPB,MYC,958
BUB3,CCNB1,880
BUB3,BUB1B,999
BUB3,ANAPC4,998
BUB3,ANAPC10,886
BUB3,CCNA2,787
EXO1,CDC6,966
EXO1,CCNB1,773
EXO1,LIG1,923
EXO1,BUB1B,807
EXO1,CDT1,870
EXO1,CDC25A,705
EXO1,FEN1,901
EXO1,CLSPN,773
EXO1,PRKDC,777
EXO1,POLE,889
EXO1,REV3L,809
EXO1,RAD17,890
EXO1,BRCA1,981
EXO1,XRCC5,922
EXO1,RFC5,825
EXO1,RAD51B,859
EXO1,CCNA2,879
H3C8,POU5F1,810
H3C8,RPS27A,940
H3C8,H2BC4,917
H3C8,H3C12,949
H3C8,DNMT1,915
H3C8,KMT5A,917
H3C8,CHD4,915
H3C8,H4C13,986
H3C8,H3C6,903
H2BC4,RPS27A,959
H2BC4,H4C13,962
H2BC4,H2AC11,981
H2BC4,BRCA1,799
H2BC4,H3C6,915
H2BC4,H2BC15,902
H2BC4,H3C12,989
BUB1B,CDC6,803
BUB1B,AURKA,924
BUB1B,CCNB1,998
BUB1B,ANAPC4,999
BUB1B,RING1,722
BUB1B,BRCA1,905
BUB1B,PHC1,735
BUB1B,CCNA2,994
BUB1B,ANAPC10,999
SKP1,RPS27A,968
SKP1,CCNA2,998
SKP1,RING1,937
SKP1,MYC,989
SKP1,CDK4,723
SKP1,SUMO2,705
SKP1,CUL1,999
SKP1,CDC25A,873
SKP1,HSPA4,725
PHC1,SUZ12,985
PHC1,H3C12,782
PHC1,RING1,999
PHC1,BRCA1,905
PHC1,ANAPC4,900
PHC1,ANAPC10,906
YAP1,SNAI1,776
YAP1,POU5F1,853
CCNA2,CDC6,999
CCNA2,AURKA,949
CCNA2,CCNB1,995
CCNA2,CDK7,948
CCNA2,CDK4,999
CCNA2,RPS27A,904
CCNA2,CDT1,989
CCNA2,CDC25A,934
CCNA2,FEN1,908
CCNA2,CUL1,985
CCNA2,CDC7,715
CCNA2,BRCA1,956
CCNA2,ANAPC4,999
CCNA2,ANAPC10,972
CCNA2,MYC,734
CCNA2,CCNH,910
CYC1,NDUFS5,933
CYC1,NDUFV1,999
CYC1,NDUFA5,997
CYC1,NDUFA6,996
CYC1,COX5A,999
RING1,SUZ12,987
RING1,H3C12,868
RING1,ANAPC10,908
RING1,BRCA1,917
RING1,ANAPC4,901
CHD4,SNAI1,769
CHD4,SUZ12,765
CHD4,H2AC11,868
CHD4,H3C12,994
CHD4,DNMT1,831
CHD4,RNF8,934
CHD4,H3C6,922
CHD4,H4C13,944
RPS27A,RNF8,917
RPS27A,PRKN,997
RPS27A,DNMT1,944
RPS27A,H3C12,952
RPS27A,SUMO2,820
RPS27A,CUL1,977
RPS27A,H3C6,940
RPS27A,RNF168,975
RPS27A,MYC,844
RPS27A,BRCA1,725
RPS27A,UBE2T,792
RPS27A,H2AC11,934
RPS27A,H4C13,889
RPS27A,RPLP0,999
CDC7,CDC6,977
CDC7,CCNB1,746
CDC7,CDK4,883
CDC7,CDT1,948
CDC7,CDC25A,737
CDC7,CLSPN,940
CDC7,POLE,711
CDT1,CDC6,999
CDT1,CCNB1,798
CDT1,CDK4,707
CDT1,LIG1,738
CDT1,CLSPN,722
CDT1,CUL1,845
CDT1,CDC25A,748
CDT1,FEN1,804
ALB,IL2,718
ALB,FGF2,842
ALB,MMP9,745
ALB,HSPA4,742
ALB,MYC,759
RNF168,PRKDC,812
RNF168,BRCA1,982
RNF168,SUMO2,925
RNF168,RNF8,997
RNF168,XRCC5,776
H3C6,POU5F1,838
H3C6,H3C12,936
H3C6,DNMT1,929
H3C6,KMT5A,921
H3C6,H4C13,979
RAD17,LIG1,713
RAD17,FEN1,760
RAD17,CLSPN,949
RAD17,POLE,730
RAD17,XRCC5,791
RAD17,RFC5,999
RAD17,BRCA1,887
RAD17,RAD51B,703
XRCC5,LIG1,769
XRCC5,ERCC8,929
XRCC5,FEN1,880
XRCC5,PRKDC,999
XRCC5,RNF8,841
XRCC5,RAD51B,709
XRCC5,BRCA1,972
XRCC5,MYC,706
XRCC5,SUMO2,783
NDUFV1,COX5A,987
NDUFV1,NDUFS5,999
NDUFV1,NDUFA5,999
NDUFV1,NDUFC2-KCTD14,902
NDUFV1,NDUFA6,999
LIG1,FEN1,999
LIG1,PRKDC,718
LIG1,RFC5,830
LIG1,POLE,931
MAPK8,PGR,921
MAPK8,MMP9,735
IGF1R,FGF2,900
IGF1R,PGR,820
IGF1R,PIK3R1,994
IGF1R,MYC,712
POU5F1,SNAI1,711
POU5F1,FGF2,931
POU5F1,H4C13,811
POU5F1,H3C12,923
POU5F1,SUZ12,707
POU5F1,MYC,956
SUMO2,RNF8,873
SUMO2,BRCA1,912
COX5A,NDUFS5,950
COX5A,NDUFA6,987
COX5A,NDUFC2-KCTD14,774
COX5A,NDUFA5,985
CLSPN,CDC6,867
CLSPN,CDC25A,818
CLSPN,POLE,922
CLSPN,BRCA1,898
NDUFS5,NDUFA5,999
NDUFS5,NDUFC2-KCTD14,903
NDUFS5,NDUFA6,999
PIK3R1,PGR,931
PIK3R1,BRCA1,766
REV3L,FEN1,774
REV3L,POLE,989
H2BC15,H2AC11,718
H2BC15,H3C12,929
H2BC15,BRCA1,795
H2BC15,H4C13,900
PGR,NCOR1,993
PGR,HSPA4,972
PGR,MYC,705
PGR,BRCA1,963
POLE,CDC6,797
POLE,FEN1,906
POLE,RAD51B,767
POLE,RFC5,748
POLE,BRCA1,919
CCNB1,CDC6,931
CCNB1,AURKA,979
CCNB1,CDK4,940
CCNB1,MYC,872
CCNB1,ANAPC4,999
CCNB1,BRCA1,916
CCNB1,CCNH,858
CCNB1,H3C12,815
CCNB1,CDK7,925
CCNB1,CDC25A,995
CCNB1,UBE2T,851
CCNB1,ANAPC10,999
RFC5,FEN1,868
RFC5,BRCA1,756
AURKA,CDC6,761
AURKA,ANAPC4,717
AURKA,BRCA1,942
AURKA,MYC,914
AURKA,CDK4,704
AURKA,CDC25A,727
AURKA,FEN1,748
CDK4,CDC6,836
CDK4,CDK7,739
CDK4,BRCA1,972
CDK4,MYC,966
CDK4,CDC25A,979
CDK4,CUL1,713
CDK4,DNMT1,738
CDK4,CCNH,789
CDK4,H3C12,783
CDC6,ANAPC10,756
CDC6,MYC,794
CDC6,CDC25A,820
CDC6,FEN1,844
SNAI1,MMP9,787
SNAI1,SUZ12,959
SNAI1,MYC,727
SNAI1,DNMT1,995
SNAI1,H3C12,721
DNMT1,NCOR1,899
DNMT1,SUZ12,911
DNMT1,H3C12,998
DNMT1,MYC,837
DNMT1,BRCA1,799
FEN1,PRKDC,735
FEN1,BRCA1,704
CCNH,CDK7,999
CCNH,ERCC8,774
CCNH,BRCA1,708
CCNH,H4C13,805
ANAPC4,BRCA1,910
ANAPC4,ANAPC10,999
NDUFA5,NDUFA6,999
NDUFA5,NDUFC2-KCTD14,951
IL2,MYC,709
IL2,FGF2,740
NDUFA6,NDUFC2-KCTD14,926
NCOR1,PPARG,999
NCOR1,H3C12,849
NCOR1,SUZ12,750
BRCA1,CDK7,765
BRCA1,CDC25A,929
BRCA1,PRKDC,955
BRCA1,H3C12,759
BRCA1,RNF8,970
BRCA1,MYC,999
BRCA1,ANAPC10,909
BRCA1,UBE2T,849
BRCA1,RAD51B,922
H2AC11,SUZ12,820
H2AC11,KMT5A,911
H2AC11,H4C13,962
PRKDC,ERCC8,928
PRKDC,RNF8,830
PRKDC,MYC,731
HSPA4,STUB1,999
HSPA4,H3C12,732
HSPA4,PRKN,971
HSPA4,MYC,839
HSPA4,CHUK,715
CDK7,H4C13,800
SUZ12,MYC,827
SUZ12,H3C12,956
SUZ12,H4C13,806
CHUK,CUL1,761
CHUK,H3C12,852
CHUK,MYC,879
MYC,STUB1,854
MYC,FGF2,708
MYC,CDC25A,950
MYC,CUL1,970
MYC,H3C12,936
MYC,MMP9,704
KMT5A,H3C12,978
KMT5A,H4C13,915
H3C12,H4C13,980
PPARG,MMP9,765
PRKN,STUB1,946
PRKN,CUL1,885
CUL1,CDC25A,906
FGF2,MMP9,919
